<?xml version="1.0" encoding="UTF-8"?>
<!-- Foundation -->
<window id="2003">
    <defaultcontrol always="true">8</defaultcontrol>
    <allowoverlay>no</allowoverlay>
    <zorder>0</zorder>
    <onload condition="System.HasAddon(script.videoextras)">RunScript(script.videoextras,check,"$INFO[ListItem.FilenameAndPath]")</onload>   
   <onload>ClearProperty(content)</onload>
    <onload>ClearProperty(movie.Fanart,home)</onload>
    <onload>RunScript(script.duration,duration=$INFO[ListItem.Duration])</onload>
	<controls>

        <control type="group">
            <animation type="Conditional" reversible="true" condition="Window.IsVisible(FileBrowser.xml) | Window.IsVisible(DialogProgress.xml) | Window.IsVisible(DialogYesNo.xml) | Window.IsVisible(DialogOK.xml) | Window.IsVisible(DialogSelect.xml) | Window.IsVisible(DialogContextMenu.xml) | Window.IsVisible(DialogButtonMenu.xml)">
                <effect type="zoom" end="95" start="100" time="200" center="auto" tween="quadratic" easing="in" />
            </animation>
            <control type="group">
                <visible>!Window.IsVisible(script-ExtendedInfo Script-DialogVideoInfo.xml)</visible>
                <visible>!Window.IsVisible(script-ExtendedInfo Script-DialogInfo.xml)</visible>
                <animation effect="slide" start="-1920" end="0" delay="0" time="300" tween="quadratic" easing="out">WindowOpen</animation>
                <animation effect="slide" start="0" end="-1920" time="300" tween="quadratic" easing="in">WindowClose</animation>
                <animation effect="slide" start="-1920" end="0" delay="0" time="300" tween="quadratic" easing="out">Visible</animation>
                <animation effect="slide" start="0" end="-1920" time="300" tween="quadratic" easing="in">Hidden</animation>
                <include>View_50_SidePoster</include>
            </control>
            <control type="group">
                <visible>!Window.IsVisible(script-ExtendedInfo Script-DialogVideoInfo.xml)</visible>
                <visible>!Window.IsVisible(script-ExtendedInfo Script-DialogInfo.xml)</visible>
                <animation effect="slide" start="1920" end="0" delay="0" time="300" tween="quadratic" easing="out">WindowOpen</animation>
                <animation effect="slide" start="0" end="1920" time="300" tween="quadratic" easing="in">WindowClose</animation>
                <animation effect="slide" start="1920" end="0" delay="0" time="300" tween="quadratic" easing="out">Visible</animation>
                <animation effect="slide" start="0" end="1920" time="300" tween="quadratic" easing="in">Hidden</animation>
        
		            <control type="image">
                <posy>210</posy>
                <posx>-10</posx>
                <width>1940</width>
                <height>700</height>
                <texture colordiffuse="infobg" border="5">common/white.png</texture>
                <animation effect="fade" end="90" condition="true">Conditional</animation>
                <bordertexture colordiffuse="PosterBorder" border="5">common/border-inner.png</bordertexture>
                <bordersize>1</bordersize>
            </control>
		
          <!-- פוסטר -->
		
		             <control type="image">
                    <visible>!Control.IsVisible(50) + IsEmpty(Window.Property(content))</visible>
                         
						 <left>1350</left>
                            <top>350</top>
                            <width>269</width>
                            <height>404</height>
                            <aspectratio>scale</aspectratio>
                            <texture background="true">$VAR[PosterImage]</texture>
                            <fadetime>150</fadetime>
                        </control>
		

		
		  <!-- לוגו סדרה/סרט -->
		  
		  			  <control type="image">
						<posx>450</posx>
						<posy>150</posy>
						<width>250</width>
                        <height>250</height>
						<texture background="true" >$INFO[ListItem.Art(clearlogo)]</texture>
						<aspectratio>keep</aspectratio>
			  </control>
		
		<!-- ספירת עונות ופרקים -->
		
						<control type="label">
                    <visible>!Control.IsVisible(50) + IsEmpty(Window.Property(content))</visible>						     
							 <right>335</right>
								<top>755</top>
								<width>915</width>
                                <height>32</height>
                                <align>right</align>
                                <aligny>top</aligny>
                                <font>Font-ListInfo-Small</font>
                                <label>$INFO[ListItem.Property(TotalSeasons)] $LOCALIZE[33054] , $INFO[ListItem.Property(TotalEpisodes)] $LOCALIZE[20360]</label>
						<visible>Container.Content(TVShows)</visible>                          
						 
						 </control>
						  

						  
						  		<!-- רשת  -->
		
						<control type="label">
							 <right>800</right>
								<top>283</top>
								<width>915</width>
                                <height>32</height>
                                <align>right</align>
                                <aligny>top</aligny>
                                <font>Font-ListInfo-Small</font>
                                <label>$INFO[Window(Home).Property(NextAired.Network)]</label>
						<visible>Container.Content(TVShows)</visible>                          
						  </control>
		
								  		<!-- NextAired  -->

						<control type="label">
							    <visible>IsEmpty(Window(Home).Property(NextAired.AirDay) + !Control.IsVisible(50) + IsEmpty(Window.Property(content))</visible>         

								<right>600</right>
								<top>755</top>
								<width>915</width>
                                <height>32</height>
                                <align>right</align>
                                <aligny>top</aligny>
                                <font>Font-ListInfo-Small</font>
                                <label>$INFO[Window(Home).Property(NextAired.Status)]</label>
						  </control>
						  		
						<control type="label">
                                <visible>!IsEmpty(Window(Home).Property(NextAired.NextDate) + !Control.IsVisible(50) + IsEmpty(Window.Property(content))</visible>         

							    <right>700</right>
								<top>758</top>
								<width>915</width>
                                <height>32</height>
                                <align>right</align>
                                <aligny>top</aligny>
                                <font>Font-ListInfo-list2</font>
                                <label>$INFO[Window(Home).Property(NextAired.NextDate)]</label>
						<visible>Container.Content(TVShows)</visible>                          
						  </control>
		
								<control type="label">
                                <visible>!IsEmpty(Window(Home).Property(NextAired.NextDate)+ !Control.IsVisible(50) + IsEmpty(Window.Property(content))</visible>
							    <right>585</right>
								<top>755</top>
								<width>915</width>
                                <height>32</height>
                                <align>right</align>
                                <aligny>top</aligny>
                                <font>Font-ListInfo-Small</font>
                                <label>$LOCALIZE[3134378]:</label>
						<visible>Container.Content(TVShows)</visible>                          
						  </control>
						  
						  						<control type="label">
                                <visible>!IsEmpty(Window(Home).Property(NextAired.AirDay)+ !Control.IsVisible(50) + IsEmpty(Window.Property(content))</visible>
							    <right>850</right>
								<top>752</top>
								<width>915</width>
                                <height>32</height>
                                <align>right</align>
                                <aligny>top</aligny>
                                <font>Font-ListInfo-Small</font>
                                <label>$INFO[Window(Home).Property(NextAired.AirDay)]       $LOCALIZE[3134380]$INFO[Window(Home).Property(NextAired.ShortTime)]</label>
						<visible>Container.Content(TVShows)</visible>                          
						  </control>
						  
						  			  					<!--	<control type="label">
                                <visible>!IsEmpty(Window(Home).Property(NextAired.AirDay)+ IsEmpty(Window.Property(content))</visible>
							    <right>950</right>
								<top>755</top>
								<width>915</width>
                                <height>32</height>
                                <align>right</align>
                                <aligny>top</aligny>
                                <font>Font-ListInfo-Small</font>
                                <label>$INFO[Window(Home).Property(NextAired.ShortTime)]</label>
						<visible>Container.Content(TVShows) + !IsEmpty(ListItem.Property(TotalSeasons))</visible>                          
						  </control>-->
		<!-- כוכבים וציון IMDB -->
                        <control type="grouplist">
							<include>Animation.FadeIn</include>
                            <include>Animation.FadeOut</include>
                             <posx>-280</posx>
                            <posy>200</posy> 
							<top>270</top>
							<right>2</right>
                            <centertop>456</centertop>
                            <height>64</height>
                            <orientation>horizontal</orientation>
                            <align>right</align>
                            <itemgap>24</itemgap>
                            <usecontrolcoords>true</usecontrolcoords>
                            
						<control type="label">
                            <width>auto</width>
                            <height>64</height>
                            <align>right</align>
                            <aligny>center</aligny>
                            <label>$INFO[ListItem.Rating]</label>
                            <font>Flag</font>
                            <textcolor>PanelFG-NF</textcolor>
                            
                        </control>            
   						
						   <control type="image">
                                <width>64</width>
                                <height>64</height>
                                <texture colordiffuse="PanelFG-NF">flags/$VAR[Flagstar1].png</texture>
                            </control>
                            <control type="image">
                                <posx>-48</posx>
                                <width>64</width>
                                <height>64</height>
                                <texture colordiffuse="PanelFG-NF">flags/$VAR[Flagstar2].png</texture>
                            </control>
                            <control type="image">
                                <posx>-48</posx>
                                <width>64</width>
                                <height>64</height>
                                <texture colordiffuse="PanelFG-NF">flags/$VAR[Flagstar3].png</texture>
                            </control>
                            <control type="image">
                                <posx>-48</posx>
                                <width>64</width>
                                <height>64</height>
                                <texture colordiffuse="PanelFG-NF">flags/$VAR[Flagstar4].png</texture>
                            </control>
                            <control type="image">
                                <posx>-48</posx>
                                <width>64</width>
                                <height>64</height>
                                <texture colordiffuse="PanelFG-NF">flags/$VAR[Flagstar5].png</texture>
                            </control>
                        
                        
                        
						
						</control>     
		  
		  
                <!-- Arrows -->
                <control type="group">
                    <include>Animation.DelayFadeIn</include>
                    <visible>ControlGroup(9000).HasFocus()</visible>
                    <centerbottom>220</centerbottom>
                    <height>16</height>
                    <control type="image">
                        <centerleft>100</centerleft>
                        <width>16</width>
                        <height>16</height>
                        <texture colordiffuse="White" flipx="true">common/arrow-small-right.png</texture>
                    </control>
                    <control type="image">
                        <centerright>100</centerright>
                        <width>16</width>
                        <height>16</height>
                        <texture colordiffuse="White" flipx="false">common/arrow-small-right.png</texture>
                    </control>
                </control>
                <control type="button" id ="5">
                    <width>1</width>
                    <height>1</height>
                    <visible allowhiddenfocus="true">false</visible>
                </control>
                <control type="button" id ="9601">
                    <width>1</width>
                    <height>1</height>
                    <visible allowhiddenfocus="true">false</visible>
                    <onback>9000</onback>
                    <onup>9000</onup>
                    <ondown>9000</ondown>
                    <onleft>9000</onleft>
                    <onright>9000</onright>
                </control>

				
				
                <!-- Control Buttons -->
                <control type="grouplist" id="9000">
                    <bottom>180</bottom>
                    <left>150</left>
                    <right>150</right>
                    <height>68</height>
                    <bottom>33</bottom>
                    <itemgap>16</itemgap>
                    <orientation>horizontal</orientation>

                    <control type="button" id ="8">
                        <description>Play</description>
                        <label>208</label>
                        <include>DefInfoButtons</include>
                    </control>

                    <control type="button" id="11">
                        <description>Trailer button</description>
                        <label>20410</label>
						<include>DefInfoButtons</include>
						<enable>!IsEmpty(ListItem.Trailer)</enable>
				 </control>


					                    <control type="button" id="54">
                        <include>DefInfoButtons</include>
					<onclick>RunScript(script.extendedinfo,info=extendedinfo,dbid=$INFO[ListItem.DBID],name=$INFO[ListItem.Title])</onclick>
					<enable>!IsEmpty(ListItem.DBID)</enable>
					<label>31318</label>
					<onclick>Dialog.Close(MovieInformation)</onclick>
					<visible>Container.Content(Movies) + IsEmpty(ListItem.Season) + IsEmpty(ListItem.TVShowTitle) + !Container.Content(Episodes)</visible>
                    </control>
					
										                    <control type="button" id="55">
                        <include>DefInfoButtons</include>
					<label>31318</label>
				<onclick>Dialog.Close(MovieInformation)</onclick>
				<onclick>RunScript(script.extendedinfo,info=extendedtvinfo,dbid=$INFO[ListItem.DBID],name=$INFO[ListItem.TVShowTitle])</onclick>
				<visible>Container.Content(TVShows) | !IsEmpty(ListItem.TVShowTitle)</visible>
				<enable>IsEmpty(ListItem.(Episodes))</enable>
                    </control>

        <control type="button" id ="6">
                        <description>Refresh</description>
                        <label>184</label>
                        <include>DefInfoButtons</include>
                        <visible>!Skin.HasSetting(global.kioskmode)</visible>
                    </control>
					
                    <control type="button" id="9001">
                        <label>$LOCALIZE[31316]</label>
                        <onclick condition="Container.Content(tvshows)">XBMC.RunScript(script.artwork.downloader, mode=gui, mediatype=tvshow, dbid=$INFO[ListItem.DBID])</onclick>
                        <onclick condition="Container.Content(movies)">XBMC.RunScript(script.artwork.downloader, mode=gui, mediatype=movie, dbid=$INFO[ListItem.DBID])</onclick>
                        <onclick condition="Container.Content(musicvideos)">XBMC.RunScript(script.artwork.downloader, mode=gui, mediatype=musicvideo, dbid=$INFO[ListItem.DBID])</onclick>
                        <description>Get Artwork</description>
                        <include>DefInfoButtons</include>
                        <visible>!Skin.HasSetting(global.kioskmode)</visible>
                        <visible>[Container.Content(tvshows) | Container.Content(movies) | Container.Content(musicvideos)] + system.hasaddon(script.artwork.downloader)</visible>
                    </control>
                </control>
                <control type="label">
                    <right>SidePad</right>
                    <left>540</left>
                    <bottom>264</bottom>
                    <height>50</height>
                    <font>Mini</font>
                    <scroll>true</scroll>
                    <textcolor>Dark3</textcolor>
                   <!-- <label>$INFO[Container(9501).NumItems,, $LOCALIZE[31101]  •  ]$INFO[Container(9501).CurrentPage,, $LOCALIZE[20163] ]$INFO[Container(9501).NumPages,, $LOCALIZE[31243]]</label>-->
                    <aligny>center</aligny>
                    <align>right</align>
                    <visible>Control.HasFocus(9501)</visible>
                    <include>Animation.DelayFadeIn</include>
                </control>
                <control type="label">
                    <right>SidePad</right>
                    <left>540</left>
                    <bottom>264</bottom>
                    <height>50</height>
                    <font>Mini</font>
                    <scroll>true</scroll>
                    <textcolor>Dark3</textcolor>
                   <!-- <label>$INFO[Container(50).NumItems,, $LOCALIZE[31101]  •  ]$INFO[Container(50).CurrentPage,, $LOCALIZE[20163] ]$INFO[Container(50).NumPages,, $LOCALIZE[31243]]</label>-->
                    <aligny>center</aligny>
                    <align>right</align>
                    <visible>Control.HasFocus(50) | Control.HasFocus(51)</visible>
                    <include>Animation.DelayFadeIn</include>
                </control>
                <control type="label">
                    <right>200</right>
                    <left>200</left>
                    <bottom>120</bottom>
                    <height>50</height>
                    <font>Mini</font>
                    <scroll>true</scroll>
                    <textcolor>Dark3</textcolor>
                    <label>$INFO[ListItem.FileNameAndPath]</label>
                    <aligny>center</aligny>
                    <align>right</align>
                    <visible>ControlGroup(9000).HasFocus()</visible>
                    <include>Animation.FadeIn</include>
                </control>
                <control type="label">
                    <visible>Control.IsVisible(50) | [!IsEmpty(Window.Property(content)) + !Container(9501).IsUpdating]</visible>
                    <left>540</left>
                    <right>SidePad</right>
                    <top>260</top>
                    <description>Header Label</description>
                    <textcolor>Dark2</textcolor>
                    <font>Small</font>
                    <label>$VAR[LabelVideoInfoCastDirector]</label>
                    <include>Animation.DelayFadeIn</include>
				</control>

                <control type="group">
                    <left>540</left>
                    <right>SidePad</right>
                    <bottom>224</bottom>
                    <top>PosterPad</top>
                    <!--<control type="image">
                        <right>0</right>
                        <width>410</width>
                        <height>410</height>
                        <texture>$INFO[ListItem.Art(discart)]</texture>
                    </control>  -->  
                    <control type="grouplist">
                            <posx>-200</posx>
                            <posy>200</posy>
                        <control type="label">
                            <posx>300</posx>
                            <posy>0</posy>                           
						   <description>Header Label</description>
                            <textcolor>White</textcolor>
                            <posx>listx</posx>
                            <posy>200</posy>
							<align>right</align>
			                <font>Font-ListHeader</font>
							<include>DefDialogInfoHeader</include>
                            <label>$INFO[ListItem.Title]</label>
                        </control>
                        <control type="group">
                            <height>50</height>
                            <control type="label">
							   <top>-40</top>
								<left>400</left>
                                <right>300</right>
                                <height>70</height>
                                							<align>right</align>

								<font>Font-ListInfo-Small</font>
                                <textcolor>White</textcolor>
                              <label fallback="19055">$INFO[ListItem.Genre]</label>
                                <aligny>center</aligny>
                            </control>
                        </control>
<!-- קטגוריות מידע -->                      
					  <control type="group">
                                                <posx>700</posx>
                            <posy>0</posy> 
                            <height>36</height>
                            <!--<control type="label">
                            <posx>700</posx>
                            <posy>0</posy> 
							<top>-60</top>
							<align>right</align>
                                <font>Tiny</font>
                                <textcolor>White</textcolor>
                                <label>[B]$LOCALIZE[345][/B]</label>
                                <aligny>center</aligny>
                            </control>-->
                            <control type="label">
                                <top>-60</top>
								<left>150</left>
                                <right>-50</right>
                                <height>70</height>
                                <font>Tiny</font>
						    	<align>right</align>                            
							   <textcolor>White</textcolor>
                                <label fallback="19055">$INFO[ListItem.Year]</label>
                                <aligny>center</aligny>
                            </control>
                        </control>
                      


                        <control type="group">
                                                                    <posx>700</posx>
                            <posy>50</posy> 
                            <height>36</height>
                           <!-- <control type="label">
                            <posx>700</posx>
                            <posy>0</posy> 
							<top>-60</top>
							<align>right</align>
                                <font>Tiny</font>
                                <textcolor>White</textcolor>
                                <label>[B]$LOCALIZE[2050][/B]</label>
                                <aligny>center</aligny>
                            </control>-->
                            <control type="label">
                                <top>-100</top>
								<left>250</left>
                                <right>100</right>
                                <height>70</height>
                                <font>Tiny</font>
						    	<align>right</align>   
                                <textcolor>White</textcolor>
                                <label fallback="19055">$INFO[Window(Home).Property(SkinHelper.ListItemDuration)]</label>
								<visible>!IsEmpty(ListItem.Duration)</visible>                          
                              
							  <aligny>center</aligny>
                            </control>
                       

					   </control>
                       <!-- סטודיו <control type="group">
                    
                            <height>36</height>
                            <control type="label">
                                <width>100%</width>
                                <height>36</height>
                                <font>Tiny</font>
                                <textcolor>Dark1</textcolor>
                                <label>[B]$LOCALIZE[572][/B]</label>
                                <aligny>center</aligny>
                            </control>
                            <control type="label">
                                <left>150</left>
                                <right>420</right>
                                <height>36</height>
                                <font>Tiny</font>
                                <textcolor>Dark2</textcolor>
                                <label fallback="19055">$INFO[ListItem.Studio]</label>
                                <aligny>center</aligny>
                            </control>
                        </control> -->
                       <!-- סוג <control type="group">
                    
                            <height>36</height>
                            <control type="label">
                                <width>100%</width>
                                <height>36</height>
                                <font>Tiny</font>
                                <textcolor>Dark1</textcolor>
                                <label>[B]$LOCALIZE[515][/B]</label>
                                <aligny>center</aligny>
                            </control>
                            <control type="label">
                                <left>150</left>
                                <right>420</right>
                                <height>36</height>
                                <font>Tiny</font>
                                <textcolor>Dark2</textcolor>
                                <label fallback="19055">$INFO[ListItem.Genre]</label>
                                <aligny>center</aligny>
                            </control>
                        </control>-->
                        <control type="group">
                          <visible>!Control.IsVisible(50) + IsEmpty(Window.Property(content))</visible>                          
						  <posx>700</posx>
                            <posy>50</posy> 
                            <height>36</height>
                            <control type="label">
                                <top>-90</top>
								<left>250</left>
                                <right>-85</right>
                                <height>70</height>
                                <font>Font-ListInfo-Small</font>
						    	<align>right</align>   
                                <textcolor>White</textcolor>
                                <label>$LOCALIZE[20339]</label>
                                <visible>!IsEmpty(ListItem.Director)</visible>                          
								<aligny>center</aligny>
                            </control>
                            <control type="label">
                                <top>-90</top>
								<left>250</left>
                                <right>-20</right>
                                <height>70</height>
                                <font>Font-ListInfo-Small</font>
						    	<align>right</align>   
                                <textcolor>White</textcolor>
                                <label fallback="19055">$INFO[ListItem.Director]</label>
                                <visible>!IsEmpty(ListItem.Director)</visible>                          
								<aligny>center</aligny>
                            </control>
                        </control>
                      <!-- כותב  <control type="group">
                    
                            <height>36</height>
                            <control type="label">
                                <width>100%</width>
                                <height>36</height>
                                <font>Tiny</font>
                                <textcolor>Dark1</textcolor>
                                <label>[B]$LOCALIZE[20417][/B]</label>
                                <aligny>center</aligny>
                            </control>
                            <control type="label">
                                <left>150</left>
                                <right>420</right>
                                <height>36</height>
                                <font>Tiny</font>
                                <textcolor>Dark2</textcolor>
                                <label fallback="19055">$INFO[ListItem.Writer]</label>
                                <aligny>center</aligny>
                            </control>-->
                        </control>
<!-- תקציר -->
                        <control type="grouplist">
                          <visible>!Control.IsVisible(50) + IsEmpty(Window.Property(content))</visible>
							<top>270</top>
                            <left>-150</left>
                            <control type="group">
                                <height>48</height>
                                <control type="label">
                                    <width>900l</width>
                                    <align>right</align>
                                    <label></label>
                                    <font>Font-ListHeader</font>
                                </control>

                            </control>
                            
							<control type="label">
                                <width>915</width>
                                <height>32</height>
                                <align>right</align>
                                <aligny>top</aligny>
                                <font>Font-ListInfo-Small</font>
                                <label></label>
                            </control>
                           
						   <control type="textbox">
                                <width>915</width>
                                <height>400</height>
								<align>right</align>
                                <height>500</height>
                                <font>Font-ListInfo-Small</font>
                                <label>$VAR[PlotBox]</label>
                            </control>
							
                    </control>
                </control>
<!-- צוות --> 
                <control type="group">
                    <include>Animation.SlideOpen.Right</include>
					<visible>Control.IsVisible(50)</visible>
                        <aligny>right</aligny>
				<control type="list" id="50">
                                <aligny>right</aligny>
                       
					   <bottom>60</bottom>
                        <left>350</left>
                        <width>1320</width>
                        <height>670</height>
                        <onleft>50</onleft>
                        <onright>50</onright>
                        <ondown condition="Control.IsVisible(50)">SendClick(2003,5)</ondown>
                        <ondown>9000</ondown>
                        <onback condition="Control.IsVisible(50)">SendClick(2003,5)</onback>
                        <onback>9000</onback>
                        <orientation>horizontal</orientation>
                        <preloaditems>2</preloaditems>
                        <pagecontrol>60</pagecontrol>
                        <viewtype label="536">list</viewtype>
                        <scrolltime tween="quadratic">400</scrolltime>
                        <itemlayout height="425" width="220">
                            <control type="image">
								<left>0</left>
                                <top>0</top>
                                <right>0</right>
                                <bottom>100</bottom>
                                <texture border="10">common/nofocus-shadow10.png</texture>
                            </control>
                            <control type="image">
								<left>10</left>
                                <top>10</top>
                                <right>10</right>
                                <bottom>110</bottom>
                                <aspectratio scalediffuse="false">scale</aspectratio>
                                <texture diffuse="diffuse/wall.png" background="true">$VAR[PosterImage]</texture>
                            </control>
                            <control type="image">
								<left>10</left>
                                <right>10</right>
                                <bottom>30</bottom>
                                <height>50</height>
                                <texture colordiffuse="Dark4" border="5">common/box.png</texture>
                            </control>
                            <control type="textbox">
                                <left>20</left>
                                <right>20</right>
                                <centerbottom>60</centerbottom>
                                <height>40</height>
                                <font>Font-ListInfo</font>
                                <scroll>true</scroll>
                                <textcolor>White</textcolor>
                                <label>$INFO[ListItem.Label]</label>
                                <aligny>top</aligny>
                                <align>center</align>
                            </control>
                        </itemlayout>
                        <focusedlayout height="425" width="220">
                            <control type="image">
                                <left>0</left>
                                <top>0</top>
                                <right>0</right>
                                <bottom>100</bottom>
                                <texture border="10">common/nofocus-shadow10.png</texture>
                            </control>
                            <control type="image">
                                <left>10</left>
                                <top>10</top>
                                <right>10</right>
                                <bottom>110</bottom>
                                <aspectratio scalediffuse="false">scale</aspectratio>
                                <texture diffuse="diffuse/wall.png" background="true">$VAR[PosterImage]</texture>
                            </control>
                            <control type="group">
                                <visible>Control.HasFocus(51) | Control.HasFocus(50)</visible>
                                <align>right</align>                               
							   <control type="image">
                                    <left>10</left>
                                    <right>10</right>
                                    <bottom>30</bottom>
                                    <height>50</height>
                                    <texture colordiffuse="PosterHighlight" border="5">common/box.png</texture>
                                </control>
                                <control type="textbox">
                                    <left>20</left>
                                    <right>20</right>
                                    <centerbottom>60</centerbottom>
                                    <height>40</height>
                                    <font>Font-ListInfo</font>
                                    <scroll>true</scroll>
                                    <textcolor>White</textcolor>
                                    <label>$INFO[ListItem.Label]</label>
                                    <aligny>top</aligny>
                                    <align>center</align>
                                </control>
                            </control>
                            <control type="group">
                                <visible>!Control.HasFocus(51) + !Control.HasFocus(50)</visible>
                                <aligny>right</aligny>
								<control type="image">                                   
								   <left>10</left>
                                    <right>10</right>
                                    <bottom>30</bottom>
                                    <height>50</height>
                                    <texture colordiffuse="Dark4" border="5">common/box.png</texture>
                                </control>
                                <control type="textbox">
                                    <left>20</left>
                                    <right>20</right>
                                    <centerbottom>60</centerbottom>
                                    <height>40</height>
                                    <font>Font-ListInfo</font>
                                    <scroll>true</scroll>
                                    <textcolor>White</textcolor>
                                    <label>$INFO[ListItem.Label]</label>
                                    <aligny>top</aligny>
                                    <align>center</align>
                                </control>
                            </control>
                        </focusedlayout>
                    </control>
                </control>
                <control type="group">
                    <centerleft>1190</centerleft>
                    <centerbottom>51%</centerbottom>
                    <width>450</width>
                    <height>117</height>
                    <visible>!IsEmpty(Window.Property(content)) + Container(9501).IsUpdating + !Control.IsVisible(50)</visible>
                    <include>Animation.FadeIn</include>
                    <include>Animation.FadeOut</include>
              
                    <control type="image">
                        <description>Busy animation</description>
                        <posx>30</posx>
                        <posy>30</posy>
                        <width>48</width>
                        <height>48</height>
                        <texture colordiffuse="$VAR[ColorHighlight]" fallback="special://skin/extras/spinners/flower.gif">$INFO[Skin.String(busyloader)]</texture>
                        <aspectratio>keep</aspectratio>
                    </control>

                    <control type="label">
                        <description>Busy label</description>
                        <posx>105</posx>
                        <posy>30</posy>
                        <width>720</width>
                        <height>48</height>
                        <align>left</align>
                        <label>$LOCALIZE[31138]...</label>
                        <textcolor>Dark1</textcolor>
                    </control>

                </control>
                <control type="list" id="9501">
                    <include>Animation.FadeIn.Slide</include>
                    <visible allowhiddenfocus="true">!IsEmpty(Window.Property(content)) + !Container(9501).IsUpdating + !Control.IsVisible(50)</visible>
                    <bottom>80</bottom>
                    <left>530</left>
                    <width>1320</width>
                    <height>670</height>
                    <onleft>9501</onleft>
                    <onright>9501</onright>
                    <ondown>ClearProperty(content)</ondown>
                    <ondown>9000</ondown>
                    <onback>ClearProperty(content)</onback>
                    <onback>9000</onback>
                    <orientation>horizontal</orientation>
                    <preloaditems>2</preloaditems>
                    <pagecontrol>60</pagecontrol>
                    <viewtype label="536">list</viewtype>
                    <scrolltime tween="quadratic">400</scrolltime>
                    <itemlayout height="425" width="220">
                        <control type="image">
                            <left>0</left>
                            <top>0</top>
                            <right>0</right>
                            <bottom>100</bottom>
                            <texture border="10">common/nofocus-shadow10.png</texture>
                        </control>
                        <control type="image">
                            <left>10</left>
                            <top>10</top>
                            <right>10</right>
                            <bottom>110</bottom>
                            <aspectratio scalediffuse="false">scale</aspectratio>
                            <texture diffuse="diffuse/wall.png" background="true">$VAR[PosterImage]</texture>
                        </control>
                        <control type="image">
                            <left>10</left>
                            <right>10</right>
                            <bottom>0</bottom>
                            <height>86</height>
                            <texture colordiffuse="Dark4" border="5">common/box.png</texture>
                        </control>
                        <control type="textbox">
                            <left>20</left>
                            <right>20</right>
                            <centerbottom>43</centerbottom>
                            <height>64</height>
                            <font>Mini</font>
                            <autoscroll>false</autoscroll>
                            <textcolor>Dark2</textcolor>
                            <label>$INFO[ListItem.Label]</label>
                            <aligny>top</aligny>
                            <align>center</align>
                        </control>
                    </itemlayout>
                    <focusedlayout height="425" width="220">
                        <control type="image">
                            <left>0</left>
                            <top>0</top>
                            <right>0</right>
                            <bottom>100</bottom>
                            <texture border="10">common/nofocus-shadow10.png</texture>
                        </control>
                        <control type="image">
                            <left>10</left>
                            <top>10</top>
                            <right>10</right>
                            <bottom>110</bottom>
                            <aspectratio scalediffuse="false">scale</aspectratio>
                            <texture diffuse="diffuse/wall.png" background="true">$VAR[PosterImage]</texture>
                        </control>
                        <control type="image">
                            <centerleft>50%</centerleft>
                            <centertop>160</centertop>
                            <width>128</width>
                            <height>128</height>
                            <aspectratio>keep</aspectratio>
                            <texture colordiffuse="88ffffff">common/playring.png</texture>
                            <animation type="Focus">
                                <effect type="zoom" start="90" end="100" time="150" tween="sine" easing="inout" center="auto" />
                                <effect type="fade" start="0" end="100" time="150" tween="sine" easing="in" />
                            </animation>
                            <animation type="Unfocus">
                                <effect type="zoom" start="100" end="90" time="150" tween="sine" easing="inout" center="auto" />
                                <effect type="fade" start="100" end="0" time="150" tween="sine" easing="out" />
                            </animation>
                            <visible>!substring(ListItem.Path,script.extendedinfo)</visible>
                            <visible>Control.HasFocus(9501)</visible>
                        </control>
                        <control type="group">
                            <visible>Control.HasFocus(9501)</visible>
                            <control type="image">
                                <left>10</left>
                                <right>10</right>
                                <bottom>0</bottom>
                                <height>86</height>
                                <texture colordiffuse="Highlight" border="5">common/box.png</texture>
                            </control>
                            <control type="textbox">
                                <left>20</left>
                                <right>20</right>
                                <centerbottom>43</centerbottom>
                                <height>64</height>
                                <font>Mini</font>
                                <scroll>true</scroll>
                                <textcolor>PanelWhite100</textcolor>
                                <label>$INFO[ListItem.Label]</label>
                                <aligny>top</aligny>
                                <align>center</align>
                            </control>
                        </control>
                        <control type="group">
                            <visible>!Control.HasFocus(9501)</visible>
                            <control type="image">
                                <left>10</left>
                                <right>10</right>
                                <bottom>0</bottom>
                                <height>86</height>
                                <texture colordiffuse="Dark4" border="5">common/box.png</texture>
                            </control>
                            <control type="textbox">
                                <left>20</left>
                                <right>20</right>
                                <centerbottom>43</centerbottom>
                                <height>64</height>
                                <font>Mini</font>
                                <scroll>true</scroll>
                                <textcolor>Dark2</textcolor>
                                <label>$INFO[ListItem.Label]</label>
                                <aligny>top</aligny>
                                <align>center</align>
                            </control>
                        </control>
                    </focusedlayout>
                    <content>$VAR[DefDirectorInfoWindowContent]</content>
                </control>
            </control>
        </control>

        <control type="group">
            <visible>Control.HasFocus(9601)</visible>
            <include>Animation.FadeIn</include>
            <include>Animation.FadeOut</include>
            
            <include>GlobalOverlay</include>
            <include>GlobalOverlay</include>

            <control type="image" description="clearlogo">
                <visible>Skin.HasSetting(furniture.logo)</visible>
                <centertop>120</centertop>
                <centerleft>50%</centerleft>
                <width>400</width>
                <height>100</height>
                <aspectratio align="center">keep</aspectratio>
                <texture background="true">$VAR[ClearLogoTopVar]</texture>
            </control>
        </control>

        <control type="group">
            <left>SidePad</left>
            <right>SidePad</right>
            <top>PosterPad</top>
            <height>640</height>
            <visible>Control.HasFocus(9601)</visible>
            <include>Animation.FadeIn.Slide</include>
            <include>Animation.FadeOut</include>
            
            
            <control type="label">
                <description>header label</description>
                <left>60</left>
                <right>60</right>
                <posy>60</posy>
                <font>EpisodeNumber</font>
                <textcolor>PanelWhite70</textcolor>
                <height>45</height>
                <label>$INFO[ListItem.Label]</label>
            </control>

            <control type="textbox">
                <description>textarea</description>
                <left>60</left>
                <right>60</right>
                <top>150</top>
                <bottom>0</bottom>
                <align>justify</align>
                <font>Medium</font>
                <textcolor>PanelWhite70</textcolor>
                <label>$INFO[ListItem.Tagline,[B],[/B][CR][CR]]$INFO[ListItem.Plot]</label>
            </control>
        </control>

        <control type="button" id="51">
            <visible allowhiddenfocus="true">false</visible>
            <onright>Control.Move(50,1)</onright>
            <onleft>Control.Move(50,-1)</onleft>
            <ondown condition="Control.IsVisible(50)">SendClick(2003,5)</ondown>
            <ondown>9000</ondown>
            <onback condition="Control.IsVisible(50)">SendClick(2003,5)</onback>
            <onback>9000</onback>
       <!-- <onclick>RunScript(script.extendedinfo,info=extendedactorinfo,name=$INFO[Container(50).ListItem.Label],dbid=$INFO[ListItem.DBID],info=openinfodialog,silent=True)</onclick>   -->       
		  <onclick>RunScript(script.extendedinfo,info=extendedactorinfo,name=$INFO[Container(50).ListItem.Label],dbid=$INFO[ListItem.DBID])</onclick>
    <!--  <onclick>RunScript(script.extendedinfo,info=extendedactorinfo,name=ACTORNAME)</onclick>-->

		</control>

   

    </controls>

</window>
