<?xml version="1.0" encoding="UTF-8"?>
<!-- Foundation -->
<includes>

    <include name="View_50_List">
        <description>List View (id=50)</description>
        <control type="group" description="SideLabel">
            <visible>Control.IsVisible(50)</visible>
            <include>Animation.ViewChange</include>     
            <include>DefSideLabel</include> 
        </control>
        <control type="group" description="ListView">
            <posx>listpad</posx>
            <posy>listy</posy>
            <visible>Control.IsVisible(50)</visible>
            <include>Animation.ViewChange</include>     
            <control type="scrollbar" id="60">
                <visible>!Skin.HasSetting(disable.scrollbars)</visible>
                <posx>-26</posx>
                <height>globalh</height>
                <include>DefScrollBarMove</include>
                <animation effect="fade" start="100" end="25" time="400" condition="!Control.HasFocus(60)">Conditional</animation>
                <animation effect="fade" start="100" end="0" condition="[!IntegerGreaterThan(Container.NumPages,1) + !Control.HasFocus(60)] | ControlGroup(9000).HasFocus()">Conditional</animation>
            </control>   
               
            <control type="image">
                <visible>!Skin.HasSetting(list.highlight)</visible>
                <height>globalh</height>
                <width>listw</width>
                <colordiffuse>PosterBorder</colordiffuse>
                <texture border="12" flipx="false">common/border-inner.png</texture>
            </control>

            <control type="list" id="50">
                <width>listw</width>
                <height>globalh</height>
                <include condition="Skin.HasSetting(disable.scrollbars)">DefScrollBarMove</include>
                <onleft condition="!Skin.HasSetting(disable.scrollbars)">60</onleft>
                <onright>9000</onright>
                <onup>50</onup>
                <ondown>50</ondown>
                <include>DefOnBack</include>
                <pagecontrol>60</pagecontrol>
                <viewtype label="535">list</viewtype>
                <scrolltime tween="quadratic">400</scrolltime>

                <itemlayout width="listw" height="listh">
                    <control type="group">
                        
                        <control type="group">
                            <visible>Container.Content(movies) | Container.Content(episodes) | Container.Content(songs) | Container.Content(seasons) | Container.Content(tvshows)</visible>
                            <control type="group">
            <posx>900</posx>
            <posy>8</posy>
                                <include>WatchedImageList2</include>
                            </control>
                            <control type="label">
                                <posx>0</posx>
                                <width>900</width>
            <align>right</align>
			<font>Font-ListInfo</font>
                                <label>$VAR[VARLabel]</label>
                            </control>
                            <control type="label">
                                <right>50</right>
                                <width>900</width>
                                <font>Font-ListInfo-Small</font>
                                <align>left</align>
                                <label>$INFO[ListItem.Label2]</label>
                            </control>
                        </control>
                        <control type="group">
                            <visible>!Container.Content(movies) + !Container.Content(episodes) + !Container.Content(songs) + !Container.Content(seasons) + !Container.Content(tvshows)</visible>
                            <control type="label">
                                <posx>30</posx>
                                <width>900</width>
            <align>right</align>
			<font>Font-ListInfo</font>
                                <label>$VAR[VARLabel]</label>                                
                            </control>
                            <control type="label">
                                <right>30</right>
                                <width>900</width>
                                <font>Font-ListInfo-Small</font>
                                <align>left</align>
                                <label>$INFO[ListItem.Label2]</label>
                            </control>
                        </control>
                    </control>
    

                </itemlayout>

                <focusedlayout width="listw" height="listh">
                    <control type="group">
                        <control type="group">
                            <visible>Control.HasFocus(50)</visible>
                            <control type="group">
                                <visible>Skin.HasSetting(list.highlight)</visible>
                                <!--<animation condition="Container(50).OnNext" reversible="false" effect="slide" start="0,-33" end="0,0" time="300" tween="back" easing="out">Focus</animation>
                                <animation condition="Container(50).OnPrevious" reversible="false" effect="slide" start="0,33" end="0,0" time="300" tween="back" easing="out">Focus</animation>-->
                                <control type="image">

                                    <height>listh</height>
                                    <width>listw</width>
                                    <texture border="12" flipx="false" colordiffuse="PosterBorder">common/border-inner.png</texture>
                                </control>
                                <control type="image">
                                    <height>listh</height>
                                    <width>8</width>
                                    <texture flipx="false" colordiffuse="$VAR[Highlight6]">common/white.png</texture>
                                </control>
                            </control>
                            <control type="image">
                                <visible>!Skin.HasSetting(list.highlight)</visible>
                                <height>listh</height>
                                <width>listw</width>
                                <texture border="12" flipx="false" colordiffuse="$VAR[Highlight6]">common/white.png</texture>
								<visible>!Skin.HasSetting(home.colortilehigh)</visible>
                                <!--<animation condition="Container(50).OnNext" reversible="false" effect="slide" start="0,-33" end="0,0" time="300" tween="back" easing="out">Focus</animation>
                                <animation condition="Container(50).OnPrevious" reversible="false" effect="slide" start="0,33" end="0,0" time="300" tween="back" easing="out">Focus</animation>-->
                            </control>
							                            <control type="image">
                                <visible>!Skin.HasSetting(list.highlight)</visible>
                                <height>listh</height>
                                <width>listw</width>
                                <texture border="12" flipx="false" colordiffuse="$VAR[HighlightColor]">common/white.png</texture>
								<visible>Skin.HasSetting(home.colortilehigh)</visible>
                                <!--<animation condition="Container(50).OnNext" reversible="false" effect="slide" start="0,-33" end="0,0" time="300" tween="back" easing="out">Focus</animation>
                                <animation condition="Container(50).OnPrevious" reversible="false" effect="slide" start="0,33" end="0,0" time="300" tween="back" easing="out">Focus</animation>-->
                            </control>
                            <control type="group">
                                <visible>Container.Content(movies) | Container.Content(episodes) | Container.Content(songs) | Container.Content(seasons) | Container.Content(tvshows)</visible>
                                <control type="group">
            <posx>900</posx>
            <posy>8</posy>
                                    <include>WatchedImageList2</include>
                                </control>
                                <control type="label">
                                    <posx>0</posx>
                                    <width>900</width>
            <align>right</align>
			<font>Font-ListInfo</font>
                                    <label>$VAR[VARLabel]</label>
                                    <textcolor>Selected</textcolor>
                                </control>
                                <control type="label">
                                <right>50</right>
                                <width>900</width>
                                <font>Font-ListInfo-Small</font>
                                <align>left</align>
                                    <label>$INFO[ListItem.Label2]</label>
                                    <textcolor>Selected</textcolor>
                                </control>
                            </control>
                            <control type="group">
                                <visible>![Container.Content(movies) | Container.Content(episodes) | Container.Content(songs) | Container.Content(seasons) | Container.Content(tvshows)]</visible>
                                <control type="label">
                                    <posx>30</posx>
                                    <width>900</width>
            <align>right</align>
			<font>Font-ListInfo</font>
                                    <label>$VAR[VARLabel]</label>
                                    <textcolor>Selected</textcolor>
                                    
                                </control>
                                <control type="label">
                                    <right>30</right>
                                    <width>900</width>
                                    <font>Font-ListInfo-Small</font>
                                    <align>left</align>
                                    <label>$INFO[ListItem.Label2]</label>
                                    <textcolor>Selected</textcolor>
                                </control>
                            </control>
                        </control>
                        <control type="group">
                            <visible>!Control.HasFocus(50)</visible>
                            <control type="group">
                                <visible>Container.Content(movies) | Container.Content(episodes) | Container.Content(songs) | Container.Content(seasons) | Container.Content(tvshows)</visible>
                                <control type="group">
            <posx>900</posx>
            <posy>5</posy>
                                    <include>WatchedImageList2</include>
                                </control>
                                <control type="label">
                                    <posx>0</posx>
                                    <width>900</width>
            <align>right</align>
			<font>Font-ListInfo</font>
                                    <label>$VAR[VARLabel]</label>
                                </control>
                                <control type="label">
                                    <right>50</right>
                                    <width>900</width>
            <align>left</align>
			<font>Font-ListInfo</font>
                                    <label>$INFO[ListItem.Label2]</label>
                                </control>
                            </control>
                            <control type="group">
                                <visible>!Container.Content(movies) + !Container.Content(episodes) + !Container.Content(songs) + !Container.Content(seasons) + !Container.Content(tvshows)</visible>
                                <control type="label">
                                    <posx>0</posx>
                                    <width>900</width>
            <align>right</align>
			<font>Font-ListInfo</font>
                                    <label>$VAR[VARLabel]</label>                                
                                </control>
                                <control type="label">
                                    <right>30</right>
                                    <width>900</width>
                                    <font>Font-ListInfo-Small</font>
                                    <align>left</align>
                                    <label>$INFO[ListItem.Label2]</label>
                                </control>
                            </control>
                        </control>
                    </control>
                </focusedlayout>

            </control>
            
            <control type="group" description="List Info">
                <posx>listw</posx>
                <control type="group">
                    <posx>globalpad</posx>
                    <control type="image">
                        <height>globalh</height>
                        <width>bigposterwborder</width>
                        <texture border="5" colordiffuse="PosterBorder">common/border-inner.png</texture>
                    </control>
                    <control type="group" description="SQUARE">
                        <visible>!Window.IsVisible(MyVideoPlaylist.xml) + !Container.Content(seasons) + !Container.Content(sets) + !Container.Content(movies) + !Container.Content(episodes) + !Container.Content(tvshows) + !stringcompare(ListItem.Label,..)</visible>
                        <posx>globalpad</posx>
                        <control type="image">
                            <posy>globalpad</posy>
                            <width>bigposterw</width>
                            <height>bigposterw</height>
                            <texture background="true">$VAR[PosterImage]</texture>
                            <aspectratio>scale</aspectratio>
                        </control>
                        <control type="textbox">
                            <posx>globalpad</posx>
                            <posy>470</posy>
                            <height>200</height>
                            <width>bigposterwplot</width>
                            <align>justify</align>
                            <font>Font-ListInfo</font>
                            <label>$VAR[PlotBox]</label>
                        </control>
                        <control type="button" id="21001">
                            <visible allowhiddenfocus="false">false</visible>
                            <posx>0</posx>
                            <posy>0</posy>
                            <height>1</height>
                            <width>1</width>
                            <align>justify</align>
                            <font>Font-ListInfo</font>
                            <label>$VAR[PlotBox]</label>
                        </control>
                        <control type="group">
                            <visible>IsEmpty(Control.GetLabel(21001))</visible>
                            <control type="textbox">
                                <posx>globalpad</posx>
                                <posy>480</posy>
                                <height>80</height>
                                <width>bigposterwplot</width>
                                <align>center</align>
                                <font>Font-Button</font>
                                <label>$VAR[VARLabel]</label>
                            </control>
                            <control type="textbox">
                                <posx>globalpad</posx>
                                <posy>580</posy>
                                <height>80</height>
                                <width>bigposterwplot</width>
                                <align>center</align>
                                <font>Font-ListInfo</font>
                                <label>$INFO[ListItem.Label2]</label>
                            </control>
                        </control>
                    </control>
                    <control type="group" description="POSTER">
                        <visible>[!Skin.HasSetting(listview.tvinfo) + Container.Content(tvshows)] | [!Skin.HasSetting(listview.info) + Container.Content(movies)] | stringcompare(ListItem.Label,..) | Container.Content(seasons) | Container.Content(sets)</visible>
                        <posx>globalpad</posx>
                        <control type="image">
                            <posy>globalpad</posy>
                            <width>bigposterw</width>
                            <height>bigposterh</height>
                            <texture background="true">$VAR[PosterImage]</texture>
                            <aspectratio>scale</aspectratio>
                        </control>
                        <control type="label">
                            <posy>globalh</posy>
                            <height>59</height>
                            <width>bigposterw</width>
                            <align>center</align>
                            <font>Font-ListInfo-Small</font>
                            <label>$VAR[ExtraInfo]</label>
                        </control>
                    </control>
                    <control type="group" description="INFO">
                        <visible>[Window.IsVisible(MyVideoPlaylist.xml) | Container.Content(episodes) | [Skin.HasSetting(listview.tvinfo) + Container.Content(tvshows)] | [Skin.HasSetting(listview.info) + Container.Content(movies)]] + !stringcompare(ListItem.Label,..)</visible>
                        <posx>globalpad</posx>
                        <height>bigposterhborder</height>
                        <control type="image">
                            <posy>globalpad</posy>
                            <width>bigposterw</width>
                            <height>bigposterhfanart</height>
                            <texture background="true">$VAR[FanartImage]</texture>
                            <aspectratio>scale</aspectratio>
                        </control>
                        <control type="group">
                            <posy>bigposterhfanart</posy>
                            <width>bigposterw</width>
                            <control type="grouplist">
                                <orientation>vertical</orientation>
                                <top>26</top>
                                <left>globalpad</left>
                                <right>globalpad</right>
                                <height>312</height>
                                <itemgap>4</itemgap>
                                <control type="label">
                                    <width>100%</width>
                                    <height>42</height>
																		                                <align>right</align>

                                    <aligny>top</aligny>
                            <label>$VAR[VARLabel]</label>
                                </control>
                                <control type="label">
                                    <width>100%</width>
                                    <height>48</height>
																		                                <align>right</align>

                                    <aligny>top</aligny>
                                    <label>$VAR[VARLabel3]</label>
                                    <font>Font-ListInfo-Small</font>
                                </control>
                                <control type="textbox">
                                    <width>100%</width>
                                    <height>160</height>
                                    <label>$VAR[PlotBox]</label>
									                                <align>right</align>

                                    <font>Font-ListInfo-Small</font>
                                    <align>justify</align>
                                </control>
                            </control>
                            <control type="grouplist">
                                <include>Animation.FadeIn</include>
                                <include>Animation.FadeOut</include>
                                <left>8</left>
                                <centerbottom>100</centerbottom>
                                <height>64</height>
                                <orientation>horizontal</orientation>
                                <align>left</align>
                                <itemgap>20</itemgap>
                                <usecontrolcoords>true</usecontrolcoords>
                                <control type="image">
                                    <width>58</width>
                                    <height>64</height>
                                    <texture colordiffuse="PanelFG-NF">flags/year.png</texture>
                                    <aspectratio align="left">scale</aspectratio>
                                    <visible>!IsEmpty(ListItem.Year)</visible>
                                </control>
                                <control type="label">
                                    <width>150</width>
                                    <height>64</height>
                                    <align>left</align>
                                    <aligny>center</aligny>
                                    <label>$INFO[ListItem.Year]</label>
                                    <font>Flag</font>
                                    <textcolor>PanelFG-NF</textcolor>
                                    <visible>!IsEmpty(ListItem.Year)</visible>
                                </control>
                                <control type="image">
                                    <width>58</width>
                                    <height>64</height>
                                    <texture colordiffuse="PanelFG-NF">flags/time.png</texture>
                                    <aspectratio align="left">scale</aspectratio>
                                    <visible>!IsEmpty(ListItem.Duration)</visible>
                                </control>
                                <control type="label">
                                    <width>150</width>
                                    <height>64</height>
                                    <align>left</align>
                                    <aligny>center</aligny>
                                    <label>$INFO[Window(Home).Property(SkinHelper.ListItemDuration)]</label>
                                    <font>Flag</font>
                                    <textcolor>PanelFG-NF</textcolor>
                                    <visible>!IsEmpty(ListItem.Duration)</visible>
                                </control>
                                
                                
                            </control>
                            <control type="grouplist">
                                <include>Animation.FadeIn</include>
                                <include>Animation.FadeOut</include>
                                <left>8</left>
                                <centerbottom>40</centerbottom>
                                <height>64</height>
                                <orientation>horizontal</orientation>
                                <align>left</align>
                                <itemgap>20</itemgap>
                                <usecontrolcoords>true</usecontrolcoords>
          
                                <control type="image">
                                    <width>48</width>
                                    <height>64</height>
                                    <texture colordiffuse="PanelFG-NF">flags/video.png</texture>
                                    <aspectratio align="left">scale</aspectratio>
                                    <visible>!IsEmpty(ListItem.VideoCodec)</visible>
                                </control>
                                <control type="label">
                                    <width>150</width>
                                    <height>64</height>
                                    <align>left</align>
                                    <aligny>center</aligny>
                                    <label>$INFO[ListItem.VideoResolution]</label>
                                    <font>Flag</font>
                                    <textcolor>PanelFG-NF</textcolor>
                                    <visible>!IsEmpty(ListItem.VideoCodec)</visible>
                                </control>
                 
                                <control type="image">
                                    <width>48</width>
                                    <height>64</height>
                                    <texture colordiffuse="PanelFG-NF">flags/audio.png</texture>
                                    <aspectratio align="left">scale</aspectratio>
                                    <visible>!IsEmpty(ListItem.AudioCodec)</visible>
                                </control>
                                <control type="label">
                                    <width>auto</width>
                                    <height>64</height>
                                    <align>left</align>
                                    <aligny>center</aligny>
                                    <label>$VAR[LabelAudioChannels]</label>
                                    <font>Flag</font>
                                    <textcolor>PanelFG-NF</textcolor>
                                    <visible>!IsEmpty(ListItem.AudioCodec)</visible>
                                </control>
                                
                                
                            </control>
                        </control>
                    
                    </control>
                </control>
            </control>
            
        </control>

    </include>

</includes>
