<?xml version="1.0" encoding="UTF-8"?>
<!-- Foundation -->
<includes>

    <include name="View_56_BigList">
    
        <control type="group">
            <visible>Control.IsVisible(56)</visible>
            <include>Animation.ViewChange</include>     
            <include>DefSideLabel</include>       
            <control type="panel" id="56">
                <posx>listx</posx>
                <posy>listy</posy>
                <width>globalw</width>
                <height>700</height>
                <onleft>60</onleft>
                <onright>9000</onright>
                <onup>56</onup>
                <ondown>56</ondown>
                <include>DefOnBack</include>
                <pagecontrol>60</pagecontrol>
                <viewtype label="537">list</viewtype>
                <scrolltime tween="quadratic">400</scrolltime>
                <orientation>vertical</orientation>

                <itemlayout width="globalw" height="fivelinelist">

                    <control type="image">
                        <width>globalw</width>
                        <height>fivelineborder</height>
                        <texture colordiffuse="PosterBorder" border="5">common/border-inner.png</texture>
                    </control>
                    <control type="group">
                        <visible>Container.Content(tvshows)</visible>
                        <control type="image">
                            <posx>800</posx>
                            <posy>globalpad</posy>
                            <width>fivelinebanner</width>
                            <height>fiveline</height>
                            <texture background="true">$VAR[BannerImage]</texture>
                            <aspectratio aligny="center" align="center">scale</aspectratio>
                        </control>
                        <control type="group">
                            <posx>fivelinebanner</posx>
                            
                            <control type="label">
                                <posx>-900</posx>
                                <posy>32</posy>
                                <align>center</align>
                                <label>$VAR[VARLabel]</label>
                            </control>
                            <control type="label">
                                <left>-500</left>
                                <posy>32</posy>
                                <width>500</width>
                                <align>left</align>
                                <font>Font-ListInfo-Small</font>
                                <label>$INFO[ListItem.Label2]</label>
                                <animation effect="slide" start="0" end="60" condition="!Window.IsVisible(MyVideoNav.xml) + !Container.Content(songs)">Conditional</animation>
                                
                            </control>
                         <!--   <control type="label">
                                <posx>30</posx>
                                <posy>48</posy>
                                <align>left</align>
                                <aligny>center</aligny>
                                <font>Font-ListInfo-Small</font>
                                <label>$VAR[VARLabel3]</label>
                            </control> -->
                        </control>  
                    </control>
                    <control type="group">
                        <visible>!Container.Content(tvshows)</visible>
                        <control type="image">
                            <posx>globalpad</posx>
                            <posy>globalpad</posy>  
                            <width>fiveline</width>
                            <height>fiveline</height>
                            <texture>$VAR[SquareImage]</texture>
                            <aspectratio>scale</aspectratio>
                            <visible>!Container.Content(movies) + !Container.Content(seasons) + !Container.Content(sets) + !Container.Content(tvshows)</visible>
                        </control>
                        <control type="image">
                            <posx>globalpad</posx>
                            <posy>globalpad</posy>  
                            <width>73</width>
                            <height>fiveline</height>
                            <texture>$VAR[PosterImage]</texture>
                            <aspectratio>scale</aspectratio>
                            
                            <visible>Container.Content(movies) | Container.Content(seasons) | Container.Content(sets) | Container.Content(tvshows)</visible>
                        </control>
        
                        <control type="group">
                            <animation effect="slide" start="0" end="-36" condition="Container.Content(movies) | Container.Content(seasons) | Container.Content(sets) | Container.Content(tvshows)">Conditional</animation>
                            
                            <control type="label">
                                <posx>220</posx>
                                <posy>15</posy>
                                <width>1200</width>
                                <align>right</align>
                                <label>$VAR[VARLabel]</label>
                            </control>
                            <control type="label">
                                <left>-500</left>
                                <posy>32</posy>
                                <width>500</width>
                                <align>left</align>
                                <font>Font-ListInfo-Small</font>
                                <label>$INFO[ListItem.Label2]</label>
                                <animation effect="slide" start="0" end="60" condition="!Window.IsVisible(MyVideoNav.xml) + !Container.Content(songs)">Conditional</animation>
                                <animation effect="slide" start="0" end="36" condition="Container.Content(movies) | Container.Content(seasons) | Container.Content(tvshows) | Container.Content(sets)">Conditional</animation>

                            </control>
                        <!--    <control type="label">
                                <posx>143</posx>
                                <posy>48</posy>
                                <width>1200</width>
                                <align>left</align>
                                <aligny>center</aligny>
                                <font>Font-ListInfo-Small</font>
                                <label>$VAR[VARLabel3]</label>
                            </control> -->
                        </control>  
                    </control>
              <!--      <control type="group">
                        <posx>70r</posx>
                        <posy>39</posy>
                        <include>WatchedImage</include>
                        <visible>Window.IsVisible(MyVideoNav.xml) | Container.Content(songs)</visible>
                    </control>-->
                    


                </itemlayout>

                <focusedlayout width="globalw" height="fivelinelist">

                    <control type="image">
                        <width>globalw</width>
                        <height>fivelineborder</height>
                        <texture colordiffuse="$VAR[Highlight6]">common/white.png</texture>
                    </control>
                    <control type="group">
                        <visible>Container.Content(tvshows)</visible>
                        <control type="image">
                            <posx>800</posx>
                            <posy>globalpad</posy>
                            <width>fivelinebanner</width>
                            <height>fiveline</height>
                            <texture background="true">$VAR[BannerImage]</texture>
                            <aspectratio aligny="center" align="center">scale</aspectratio>
                        </control>
                        <control type="group">
                            <posx>fivelinebanner</posx>
                            
                            <control type="label">
                                <posx>-900</posx>
                                <posy>32</posy>
                                <align>center</align>
                                <textcolor>PanelFG</textcolor>
                                <label>$VAR[VARLabel]</label>
                            </control>
                            <control type="label">
                                <left>-500</left>
                                <posy>32</posy>
                                <width>500</width>
                                <align>left</align>
                                <textcolor>Selected</textcolor>
                                <font>Font-ListInfo-Small</font>
                                <label>$INFO[ListItem.Label2]</label>
                                <animation effect="slide" start="0" end="60" condition="!Window.IsVisible(MyVideoNav.xml) + !Container.Content(songs)">Conditional</animation>
                            </control>
                          <!--  <control type="label">
                                <posx>30</posx>
                                <posy>48</posy>
                                <align>left</align>
                                <aligny>center</aligny>
                                <textcolor>PanelFG</textcolor>
                                <font>Font-ListInfo-Small</font>
                                <label>$VAR[VARLabel3]</label>
                            </control> -->
                        </control>  
                    </control>
                    <control type="group">
                        <visible>!Container.Content(tvshows)</visible>
                        <control type="image">
                            <posx>globalpad</posx>
                            <posy>globalpad</posy>  
                            <width>fiveline</width>
                            <height>fiveline</height>
                            <texture>$VAR[SquareImage]</texture>
                            <aspectratio>scale</aspectratio>
                            <visible>!Container.Content(movies) + !Container.Content(seasons) + !Container.Content(sets) + !Container.Content(tvshows)</visible>
                        </control>
                        <control type="image">
                            <posx>globalpad</posx>
                            <posy>globalpad</posy>  
                            <width>73</width>
                            <height>fiveline</height>
                            <texture>$VAR[PosterImage]</texture>
                            <aspectratio>scale</aspectratio>
                            <visible>Container.Content(movies) | Container.Content(seasons) | Container.Content(sets) | Container.Content(tvshows)</visible>
                        </control>
                        <control type="group">
                          <animation effect="slide" start="0" end="-36" condition="Container.Content(movies) | Container.Content(seasons) | Container.Content(tvshows) | Container.Content(sets)">Conditional</animation>
                            <control type="label">
                                <posx>220</posx>
                                <posy>15</posy>
                                <width>1200</width>
                                <align>right</align>
                                <textcolor>Selected</textcolor>
                                <label>$VAR[VARLabel]</label>
                            </control>
                            <control type="label">
                                <right>90</right>
                                <posy>60</posy>
                                <width>500</width>
                                <align>right</align>
                                <textcolor>Selected</textcolor>
                                <font>Font-ListInfo-Small</font>
                                <label>$INFO[ListItem.Label2]</label>
                                <animation effect="slide" start="0" end="60" condition="!Window.IsVisible(MyVideoNav.xml) + !Container.Content(songs)">Conditional</animation>
                                <animation effect="slide" start="0" end="36" condition="Container.Content(movies) | Container.Content(seasons) | Container.Content(tvshows) | Container.Content(sets)">Conditional</animation>
                            </control>
                    <!--        <control type="label">
                                <posx>143</posx>
                                <posy>48</posy>
                                <width>1200</width>
                                <align>left</align>
                                <aligny>center</aligny>
                                <textcolor>Selected</textcolor>
                                <font>Font-ListInfo-Small</font>
                                <label>$VAR[VARLabel3]</label>
                            </control>-->
                        </control>
                    </control>
                  <!--  <control type="group">
                        <posx>150</posx>
                        <posy>39</posy>
                        <include>WatchedImage</include>
                        <visible>Window.IsVisible(MyVideoNav.xml) | Container.Content(songs)</visible>
                    </control>-->
                    

                </focusedlayout>

            </control>
            <control type="scrollbar" id="60">
                <posx>-8</posx>
                <posy>listy</posy>
                <height>globalh</height>
                <include>DefScrollBarMove</include>
                <animation effect="fade" start="100" end="25" time="400" condition="!Control.HasFocus(60) + !Container.Scrolling">Conditional</animation>
                <animation effect="fade" start="100" end="0" condition="!IntegerGreaterThan(Container.NumPages,1) + !Control.HasFocus(60)">Conditional</animation>
            </control>
        </control>

    </include>

</includes>
