<?xml version="1.0" encoding="UTF-8" standalone="yes"?>
<addon id="plugin.video.VibeW" name="Vibe Wizard" version="1.5" provider-name="vibe.co.il">
  <requires>
    <import addon="xbmc.python" version="2.1.0"/>
    <import addon="repository.thevibe" version="2.0" optional="false"/>
  </requires>
  <extension point="xbmc.python.pluginsource" library="default.py">
        <provides>video executable</provides>
  </extension>
  <extension point="xbmc.addon.metadata">
		<summary lang="en">Vibe Wizard</summary>
		<description lang="en">In this wizard you will find the latest Vibe build</description>
		<disclaimer lang="en">Visit vibe.co.il for more info.</disclaimer>
		<forum>http://the-vibe.co.il</forum>
		<source>http://the-vibe.co.il</source>
		<website>http://the-vibe.co.il</website>
		<platform>all</platform>
	</extension>
</addon>
