<?xml version="1.0" encoding="UTF-8" standalone="yes"?>
<addon id="plugin.video.sbs3d"
       name="3D-SBS"
       version="1.0.0"
       provider-name="Hybrid">
  <requires>
 <import addon="xbmc.python" version="2.1.0"/>
 <import addon="script.module.beautifulsoup4" version="4.3.1" />
 <import addon="script.module.requests" version="2.5.3" />
 <import addon="script.module.html5lib" version="0.999.0" />
 <import addon="script.module.simplejson" version="3.3.0" />
 <import addon="script.module.oauth2" version="0.999.0" />
 <import addon="plugin.video.youtube" optional="true" />
 <import addon="plugin.video.pulsar" optional="true" />
 <import addon="plugin.video.kmediatorrent" optional="true" />
 <import addon="script.video.F4mProxy" optional="true" />
  </requires>
  <extension point="xbmc.python.pluginsource" library="default.py">
        <provides>video</provides>
  </extension>
  <extension point="xbmc.addon.metadata">
    <summary lang="en">Watch 3D movies.</summary>
    <description lang="en">This plugin let you watch 3D movies from sbs-3d.blogspot.co.il website. 
	Special thanks to XBMCHUB for the mega script. 
	Thanks to donatello for the testing.
	For donations: https://goo.gl/5MLzGS
	</description>
    <platform>all</platform>
 <language>en</language>
 <disclaimer> Report any issues with this addon to Hybridmag12@gmail.com</disclaimer>
  </extension>
</addon>
