<?xml version="1.0" encoding="UTF-8"?>
<sounds>
	<actions>
		<action>
			<name>left</name>
			<file>tick.wav</file>
		</action>
		<action>
			<name>right</name>
			<file>tick.wav</file>
		</action>
		<action>
			<name>up</name>
			<file>tick.wav</file>
		</action>
		<action>
			<name>down</name>
			<file>tick.wav</file>
		</action>
		<action>
			<name>select</name>
			<file>nav.wav</file>
		</action>
		<action>
			<name>parentdir</name>
			<file>woosh.wav</file>
		</action>
		<action>
			<name>previousmenu</name>
			<file>woosh.wav</file>
		</action>
		<action>
			<name>screenshot</name>
			<file>screenshot.wav</file>
		</action>
		<action>
			<name>ContextMenu</name>
			<file>pop.wav</file>
		</action>
		<action>
			<name>Info</name>
			<file>pop.wav</file>
		</action>
		<action>
			<name>Close</name>
			<file>pop.wav</file>
		</action>
	</actions>
</sounds>
