<?xml version="1.0" encoding="UTF-8" standalone="yes"?>
<addon
  id="plugin.audio.99fm-playlists"
  name="99FM Playlists"
  version="0.1.0"
  provider-name="nirelbaz">
    <requires>
        <import addon="xbmc.python" version="2.1.0"/>
    </requires>
    <extension point="xbmc.python.pluginsource" library="addon.py">
        <provides>audio</provides>
    </extension>
    <extension point="xbmc.addon.metadata">
        <summary lang="en">99FM - The greatest songs</summary>
        <description lang="en">Great collection of songs created by the gifted 99FM radio station music editors</description>
        <disclaimer lang="en">This is an unofficial addon which created to make 99FM website playlists accessible to Kodi users</disclaimer>
        <language>he</language>
        <platform>all</platform>
        <license>GNU GENERAL PUBLIC LICENSE Version 2, June 1991</license>
        <forum></forum>
        <website>http://nirelbaz.com/</website>
        <email>nir@nirelbaz.com</email>
        <source></source>
    </extension>
</addon>