<?xml version='1.0' encoding='UTF-8'?>
<shortcuts>
	<shortcut>
		<action>ActivateWindow(FileManager)</action>
		<label>7</label>
		<label2>32034</label2>
		<defaultID>7</defaultID>
		<icon />
		<thumb />
	</shortcut>
	<shortcut>
		<action>ActivateWindow(Profiles)</action>
		<label>13200</label>
		<label2>32034</label2>
		<defaultID>13200</defaultID>
		<icon />
		<thumb />
	</shortcut>
	<shortcut>
		<action>ActivateWindow(SystemInfo)</action>
		<label>10007</label>
		<label2>32034</label2>
		<defaultID>10007</defaultID>
		<icon />
		<thumb />
	</shortcut>
</shortcuts>
