<?xml version='1.0' encoding='UTF-8'?>
<shortcuts>
<!-- music -->
	<shortcut>
		<action>ActivateWindow(Music)</action>
		<label>קיר מוזיקה</label>
		<label2>Common Shortcut</label2>
		<defaultID>music</defaultID>		
		<icon>special://skin/extras/icons/songs.png</icon>
	</shortcut>
		<shortcut>
		<action>ActivateWindow(MusicLibrary,Addons,return)</action>
		<label2>Common Shortcut</label2>
	    <defaultID>radio</defaultID>		
		<label>הרחבות מוזיקה</label>
		<icon>special://skin/extras/icons/equalizer.png</icon>
	</shortcut>
	<shortcut>
		<action>ActivateWindow(10025,"plugin://plugin.video.htpt.music/?url=&amp;mode=101&amp;name=%D7%9E%D7%95%D7%96%D7%99%D7%A7%D7%94+%D7%99%D7%A9%D7%A8%D7%90%D7%9C%D7%99%D7%AA&amp;iconimage=C%3A%5CUsers%5CZEEV%5CAppData%5CRoaming%5CKodi%5Caddons%5Cservice.htpt%5Cresources%5Cmedia%5Cmusic.png&amp;desc=%5BCOLOR%3DYellow%5D%D7%9B%D7%9C+%D7%94%D7%96%D7%9E%D7%A8%D7%99%D7%9D+%D7%94%D7%99%D7%A9%D7%A8%D7%90%D7%9C%D7%99%D7%9D%21%5B%2FCOLOR%5D%5BCR%5D%5BCR%5D&amp;num=1&amp;viewtype=58",return)</action>
		<label>מוזיקה ישראלית</label>
	    <label2>הרחבת וידאו</label2>
		<defaultID />
		<icon>special://skin/extras/icons/ICONS/KMEDIA.png</icon>
	</shortcut>	
	<shortcut>
		<action>ActivateWindow(10025,"plugin://plugin.video.htpt.music/?url=&amp;mode=111&amp;name=%D7%9E%D7%95%D7%96%D7%99%D7%A7%D7%94+%D7%9C%D7%95%D7%A2%D7%96%D7%99%D7%AA&amp;iconimage=C%3A%5CUsers%5CZEEV%5CAppData%5CRoaming%5CKodi%5Caddons%5Cservice.htpt%5Cresources%5Cmedia%5Cmusic.png&amp;desc=%5BCOLOR%3DYellow%5D%D7%9B%D7%9C+%D7%94%D7%96%D7%9E%D7%A8%D7%99%D7%9D+%D7%94%D7%9E%D7%95%D7%91%D7%99%D7%9C%D7%99%D7%9D+%D7%9E%D7%97%D7%95%22%D7%9C%21%5B%2FCOLOR%5D%5BCR%5D%5BCR%5D&amp;num=1&amp;viewtype=58",return)</action>
		<label>מוזיקה לועזית</label>
		<label2>הרחבת וידאו</label2>
		<defaultID />
		<icon>special://skin/extras/icons/ICONS/KMEDIA.png</icon>
	</shortcut>
	<shortcut>
		<action>ActivateWindow(10501,"plugin://plugin.video.htpt.music/?url=&amp;mode=102&amp;name=%D7%A7%D7%A8%D7%99%D7%95%D7%A7%D7%99+%D7%99%D7%A9%D7%A8%D7%90%D7%9C%D7%99&amp;iconimage=C%3A%5CUsers%5CZEEV%5CAppData%5CRoaming%5CKodi%5Caddons%5Cservice.htpt%5Cresources%5Cmedia%5Ckaraoke.png&amp;desc=%5BCOLOR%3DYellow%5D%D7%9B%D7%9C+%D7%A9%D7%99%D7%A8%D7%99+%D7%94%D7%A7%D7%A8%D7%99%D7%95%D7%A7%D7%99+%D7%94%D7%99%D7%A9%D7%A8%D7%90%D7%9C%D7%99%D7%9D%21%5B%2FCOLOR%5D%5BCR%5D%5BCR%5D&amp;num=1&amp;viewtype=58",return)</action>
		<label>קריוקי ישראלי</label>
		<label2>הרחבת וידאו</label2>		
		<defaultID />
		<icon>special://skin/extras/icons/ICONS/s-up.png</icon>
	</shortcut>
	<shortcut>
		<action>ActivateWindow(10501,"plugin://plugin.video.htpt.music/?url=&amp;mode=104&amp;name=%D7%94%D7%95%D7%A4%D7%A2%D7%95%D7%AA+%D7%97%D7%99%D7%95%D7%AA+%D7%9E%D7%99%D7%A9%D7%A8%D7%90%D7%9C&amp;iconimage=C%3A%5CUsers%5CZEEV%5CAppData%5CRoaming%5CKodi%5Caddons%5Cservice.htpt%5Cresources%5Cmedia%5Cguitar.png&amp;desc=%5BCOLOR%3DYellow%5D%D7%9B%D7%9C+%D7%94%D7%95%D7%A4%D7%A2%D7%95%D7%AA+%D7%94%D7%96%D7%9E%D7%A8%D7%99%D7%9D+%D7%94%D7%99%D7%A9%D7%A8%D7%90%D7%9C%D7%99%D7%9D%21%5B%2FCOLOR%5D%5BCR%5D%5BCR%5D&amp;num=1&amp;viewtype=58",return)</action>
		<label>הופעות חיות מישראל</label>
		<label2>הרחבת מוזיקה</label2>		
		<defaultID />
		<icon>special://skin/extras/icons/ICONS/liveconcert_80.png</icon>
	</shortcut>
	<shortcut>
		<action>ActivateWindow(10501,"plugin://plugin.video.spotitube",return)</action>
		<label>Youtube Music</label>
		<label2>הרחבת מוזיקה</label2>		
		<defaultID>plugin.video.spotitube</defaultID>		
		<icon>special://skin/extras/icons/ICONS/youtube_85.png</icon>
	</shortcut>
</shortcuts>
