<?xml version="1.0" encoding="UTF-8"?>
<!-- Foundation -->
<window id="115">
    <defaultcontrol always="true">9901</defaultcontrol>
    <allowoverlay>yes</allowoverlay>
    <visible>[VideoPlayer.IsFullscreen | Window.IsVisible(visualisation)]</visible>
    <zorder>2</zorder>
    <controls>
    
        <control type="image">
            <include>Dimensions_Fullscreen</include>
            <include>Animation.FadeIn</include>
            <include>Animation.FadeOut</include>
            <texture colordiffuse="Background">common/white.png</texture>
            <animation effect="fade" start="100" end="90" condition="true">Conditional</animation>
            <visible>Window.IsVisible(DialogSelect.xml) | Window.IsVisible(DialogPVRGuideInfo.xml)</visible>
        </control>
        <control type="group">
            <animation effect="fade" start="0" end="100" time="250">VisibleChange</animation>
            <visible>!Window.IsVisible(DialogSlider.xml) + !Window.IsVisible(DialogPVRGuideOSD.xml) + !Window.IsVisible(DialogPVRChannelsOSD.xml) + [Player.Seeking | Player.DisplayAfterSeek | Player.Paused | Player.Forwarding | Player.Rewinding | Window.IsActive(videoosd) | Window.IsActive(musicosd) | Player.ShowInfo | Window.IsActive(DialogPVRGuideInfo.xml) | Window.IsActive(DialogFullScreenInfo.xml) | Window.IsActive(VideoOSDSettings.xml) | Window.IsActive(VideoOSDBookmarks.xml) | Window.IsActive(DialogKaiToast.xml)]</visible>
            <include>GlobalVignette</include>
        </control>
	
        <control type="group" description="MusicVis">
            <posx>251</posx>
            <posy>280</posy>
            <visible>Skin.HasSetting(osd.useclassicinfo)</visible>
            <animation effect="slide" start="0" end="0,-40" time="200" condition="Window.IsActive(videoosd) | Window.IsActive(musicosd)">Conditional</animation>
            <visible>Window.IsVisible(visualisation) + [[[Window.IsVisible(musicosd) | Player.ShowInfo] + Skin.HasSetting(Vis.ExtraInfo)] | Window.IsVisible(script-cu-lrclyrics-main.xml)]</visible>
            <include>Animation.FadeIn.Up</include>
            <include>Animation.FadeOut</include>
            <control type="image">
                <width>1416</width>
                <height>690</height>
                <texture colordiffuse="PanelBG">common/white.png</texture>
                <animation effect="fade" end="90" condition="true">Conditional</animation>
            </control>


            <control type="image">
                <posx>22</posx>
                <posy>22</posy>
                <width>568</width>
                <height>568</height>
                <texture>$INFO[Player.Art(thumb)]</texture>
                <aspectratio>scale</aspectratio>
            </control>

            <control type="label">
                <posx>22</posx>
                <posy>602</posy>
                <width>568</width>
                <align>center</align>
                <font>Font-Button</font>
                <label>$INFO[MusicPlayer.Album]$INFO[MusicPlayer.Year,  (,)]</label>
            </control>

            
            <control type="label">
                <posx>634</posx>
                <posy>11</posy>
                <width>749</width>
                <align>left</align>
                <font>Font-ListHeader</font>
                <label>$INFO[MusicPlayer.Artist]</label>
            </control>
            
            
            <control type="textbox">
                <posx>634</posx>
                <posy>90</posy>
                <width>749</width>
                <height>500</height>
                <align>justify</align>
                <font>Font-ListInfo</font>
                <label>$VAR[MusicOSDPlot]</label>
                <visible>!Window.IsVisible(script-cu-lrclyrics-main.xml)</visible>
            </control>
            
            <control type="label">
                <posx>634</posx>
                <posy>602</posy>
                <width>749</width>
                <align>left</align>
                <font>Font-ListInfo</font>
                <label>[B]$LOCALIZE[209]...  [/B]$INFO[MusicPlayer.offset(1).Title]</label>
            </control>
        </control>
        
        <control type="group" description="Fullscreeninfo">
            <visible>Skin.HasSetting(osd.useclassicinfo)</visible>
            <include>Animation.FadeIn.Up</include>
            <include>Animation.FadeOut</include>
            <visible>!IsEmpty(Window(seekbar).Property(fullscreeninfo)) + [Window.IsActive(videoosd) | Window.IsActive(DialogFullScreenInfo.xml)]</visible>
            <control type="group" description="Live TV">
                <posx>251</posx>
                <posy>280</posy>
                <visible>VideoPlayer.Content(livetv)</visible>
                <animation effect="slide" start="0" end="0,-40" time="200" condition="Window.IsActive(videoosd) | Window.IsActive(musicosd)">Conditional</animation>
                <control type="image">
                    <width>1416</width>
                    <height>690</height>
                    <texture colordiffuse="PanelBG">common/white.png</texture>
                    <animation effect="fade" end="90" condition="true">Conditional</animation>
                </control>

                <control type="image">
                    <posx>32</posx>
                    <posy>32</posy>
                    <width>410</width>
                    <height>410</height>
                    <fadetime>200</fadetime>
                    <texture background="true">$INFO[Player.Art(thumb)]</texture>
                    <aspectratio aligny="center" align="center">keep</aspectratio>
                </control>
            
                <control type="grouplist">
                    <posx>485</posx>
                    <posy>22</posy>
                    <usecontrolcoords>true</usecontrolcoords>
                    <orientation>vertical</orientation>
                    <control type="label">
                        <width>600</width>
                        <height>32</height>
                        <align>left</align>
                        <aligny>top</aligny>
                        <font>Font-Button</font>
                        <label>515</label>
                    </control>
                    <control type="label">
                        <width>600</width>
                        <height>64</height>
                        <align>left</align>
                        <aligny>top</aligny>
                        <font>Font-ListInfo</font>
                        <label fallback="416">$INFO[VideoPlayer.Genre]</label>
                    </control>
                    <control type="label">
                        <width>600</width>
                        <height>32</height>
                        <align>left</align>
                        <aligny>top</aligny>
                        <font>Font-Button</font>
                        <label>573</label>
                    </control>
                    <control type="label">
                        <width>600</width>
                        <height>64</height>
                        <align>left</align>
                        <aligny>top</aligny>
                        <font>Font-ListInfo</font>
                        <label fallback="416">$INFO[Player.FileNameAndPath]</label>
                        <scroll>true</scroll>
                    </control>
                    <control type="label">
                        <width>899</width>
                        <align>left</align>
                        <aligny>top</aligny>
                        <height>32</height>
                        <font>Font-Button</font>
                        <label>207</label>
                    </control>
                    <control type="textbox">
                        <width>899</width>
                        <align>justify</align>
                        <aligny>top</aligny>
                        <font>Font-ListInfo</font>
                        <height>310</height>
                        <label fallback="416">$INFO[VideoPlayer.Plot]</label>
                        <wrapmultiline>true</wrapmultiline>
                    </control>
                </control>
            
                <control type="grouplist">
                    <posx>467</posx>
                    <posy>22</posy>
                    <usecontrolcoords>true</usecontrolcoords>
                    <orientation>vertical</orientation>
                    <control type="label">
                        <posx>917</posx>
                        <width>300</width>
                        <height>32</height>
                        <align>right</align>
                        <aligny>top</aligny>
                        <font>Font-Button</font>
                        <label>$LOCALIZE[31127] $LOCALIZE[126]</label>
                    </control>
                    <control type="label">
                        <posx>917</posx>
                        <width>300</width>
                        <height>64</height>
                        <align>right</align>
                        <aligny>top</aligny>
                        <font>Font-ListInfo</font>
                        <label fallback="416">$VAR[PVROSDStatus]</label>
                    </control>
                </control>
            
                <control type="label">
                    <posx>485</posx>
                    <posy>602</posy>
                    <width>749</width>
                    <align>left</align>
                    <font>Font-ListInfo</font>
                    <label>[B]$LOCALIZE[209]...  [/B]$INFO[VideoPlayer.NextTitle]$INFO[VideoPlayer.NextStartTime,  ,]</label>
                </control>
            </control>
            <control type="group" description="Movies and Episodes">
                <posx>251</posx>
                <posy>280</posy>
                <visible>!VideoPlayer.Content(livetv) + !VideoPlayer.Content(musicvideos)</visible>
                <animation effect="slide" start="0" end="0,-32" time="200" condition="Window.IsActive(videoosd) | Window.IsActive(musicosd)">Conditional</animation>
                <control type="image">
                    <width>1416</width>
                    <height>690</height>
                    <texture colordiffuse="PanelBG">common/white.png</texture>
                    <animation effect="fade" end="90" condition="true">Conditional</animation>
                    
                </control>

                <control type="image">
                    <posx>22</posx>
                    <posy>22</posy>
                    <width>430</width>
                    <height>646</height>
                    <fadetime>200</fadetime>
                    <texture background="true">$INFO[Player.Art(tvshow.poster)]</texture>
                    <aspectratio aligny="top" align="center">scale</aspectratio>
                    <visible>!IsEmpty(Player.Art(tvshow.poster))</visible>
                </control>
            
                <control type="image">
                    <posx>22</posx>
                    <posy>22</posy>
                    <width>430</width>
                    <height>646</height>
                    <fadetime>200</fadetime>
                    <texture background="true">$INFO[Player.Art(poster)]</texture>
                    <aspectratio aligny="top" align="center">scale</aspectratio>
                    <visible>!IsEmpty(Player.Art(poster))</visible>
                </control>
            
                <control type="image">
                    <posx>22</posx>
                    <posy>22</posy>
                    <width>430</width>
                    <height>646</height>
                    <fadetime>200</fadetime>
                    <texture background="true">$INFO[Player.Art(thumb)]</texture>
                    <aspectratio aligny="top" align="center">scale</aspectratio>
                    <visible>IsEmpty(Player.Art(poster)) + IsEmpty(Player.Art(tvshow.poster))</visible>
                </control>
            
                <control type="grouplist">
                    <posx>485</posx>
                    <posy>22</posy>
                    <usecontrolcoords>true</usecontrolcoords>
                    <orientation>vertical</orientation>
                    <control type="label">
                        <width>600</width>
                        <height>32</height>
                        <align>left</align>
                        <aligny>top</aligny>
                        <font>Font-Button</font>
                        <label>20339</label>
                    </control>
                    <control type="label">
                        <width>600</width>
                        <height>64</height>
                        <align>left</align>
                        <aligny>top</aligny>
                        <font>Font-ListInfo</font>
                        <label fallback="416">$INFO[VideoPlayer.Director]</label>
                    </control>
                    <control type="label">
                        <width>600</width>
                        <height>32</height>
                        <align>left</align>
                        <aligny>top</aligny>
                        <font>Font-Button</font>
                        <label>20417</label>
                    </control>
                    <control type="label">
                        <width>600</width>
                        <height>64</height>
                        <align>left</align>
                        <aligny>top</aligny>
                        <font>Font-ListInfo</font>
                        <label fallback="416">$INFO[VideoPlayer.Writer]</label>
                    </control>
                    <control type="label">
                        <width>600</width>
                        <height>32</height>
                        <align>left</align>
                        <aligny>top</aligny>
                        <font>Font-Button</font>
                        <label>515</label>
                    </control>
                    <control type="label">
                        <width>600</width>
                        <height>64</height>
                        <align>left</align>
                        <aligny>top</aligny>
                        <font>Font-ListInfo</font>
                        <label fallback="416">$INFO[VideoPlayer.Genre]</label>
                    </control>
                    <control type="label">
                        <width>600</width>
                        <height>32</height>
                        <align>left</align>
                        <aligny>top</aligny>
                        <font>Font-Button</font>
                        <label>573</label>
                    </control>
                    <control type="label">
                        <width>600</width>
                        <height>64</height>
                        <align>left</align>
                        <aligny>top</aligny>
                        <font>Font-ListInfo</font>
                        <label fallback="416">$INFO[Player.FileNameAndPath]</label>
                        <scroll>true</scroll>
                    </control>
                    <control type="label">
                        <width>899</width>
                        <align>left</align>
                        <aligny>top</aligny>
                        <height>32</height>
                        <font>Font-Button</font>
                        <label>207</label>
                    </control>
                    <control type="textbox">
                        <width>899</width>
                        <align>justify</align>
                        <aligny>top</aligny>
                        <font>Font-ListInfo</font>
                        <height>120</height>
                        <label fallback="416">$INFO[VideoPlayer.Plot]</label>
                        <wrapmultiline>true</wrapmultiline>
                    </control>
                </control>
                <control type="label">
                    <posx>485</posx>
                    <posy>602</posy>
                    <width>749</width>
                    <align>left</align>
                    <font>Font-ListInfo</font>
                    <label>[B]$INFO[VideoPlayer.Premiered]$INFO[VideoPlayer.Year]$INFO[VideoPlayer.Studio,  •  ,]$INFO[VideoPlayer.Rating,  •  ,][/B]</label>
                </control>
            
                <control type="grouplist">
                    <posx>467</posx>
                    <posy>22</posy>
                    <usecontrolcoords>true</usecontrolcoords>
                    <orientation>vertical</orientation>
                    <control type="label">
                        <posx>917</posx>
                        <width>300</width>
                        <height>32</height>
                        <align>right</align>
                        <aligny>top</aligny>
                        <font>Font-Button</font>
                        <label>2050</label>
                    </control>
                    <control type="label">
                        <posx>917</posx>
                        <width>300</width>
                        <height>64</height>
                        <align>right</align>
                        <aligny>top</aligny>
                        <font>Font-ListInfo</font>
                        <label fallback="416">$INFO[VideoPlayer.Duration,, $LOCALIZE[12391]]</label>
                    </control>
                    <control type="label">
                        <posx>917</posx>
                        <width>300</width>
                        <height>32</height>
                        <align>right</align>
                        <aligny>top</aligny>
                        <font>Font-Button</font>
                        <label>20074</label>
                    </control>
                    <control type="label">
                        <posx>917</posx>
                        <width>300</width>
                        <height>64</height>
                        <align>right</align>
                        <aligny>top</aligny>
                        <font>Font-ListInfo</font>
                        <label fallback="416">$INFO[VideoPlayer.MPAA]</label>
                    </control>
                    <control type="label">
                        <posx>917</posx>
                        <width>300</width>
                        <height>32</height>
                        <align>right</align>
                        <aligny>top</aligny>
                        <font>Font-Button</font>
                        <label>292</label>
                    </control>
                    <control type="label">
                        <posx>917</posx>
                        <width>300</width>
                        <height>64</height>
                        <align>right</align>
                        <aligny>top</aligny>
                        <font>Font-ListInfo</font>
                        <label fallback="416">$INFO[VideoPlayer.AudioCodec,,  •  ]$VAR[AudioChannelsOSD]</label>
                    </control>
                    <control type="label">
                        <posx>917</posx>
                        <width>300</width>
                        <height>32</height>
                        <align>right</align>
                        <aligny>top</aligny>
                        <font>Font-Button</font>
                        <label>291</label>
                    </control>
                    <control type="label">
                        <posx>917</posx>
                        <width>350</width>
                        <height>64</height>
                        <align>right</align>
                        <aligny>top</aligny>
                        <font>Font-ListInfo</font>
                        <label fallback="416">$VAR[HDSD,, ]$INFO[VideoPlayer.VideoResolution]$INFO[VideoPlayer.VideoCodec,  •  ,]$INFO[VideoPlayer.VideoAspect,  •  ,]</label>
                    </control>
                </control>
            </control>
        </control>
        
        <control type="group">
            <visible>!Window.IsVisible(DialogPVRChannelsOSD.xml) + !Window.IsVisible(DialogPVRGuideOSD.xml) + [Player.Seeking | Player.DisplayAfterSeek | Player.Paused | Player.Forwarding | Player.Rewinding | Window.IsActive(musicosd) | Window.IsActive(videoosd) | Player.ShowInfo | Window.IsActive(DialogFullScreenInfo.xml)]</visible>
            <animation effect="fade" start="0" end="100" time="200">Visible</animation>
            <animation effect="fade" start="100" end="0" time="200">Hidden</animation>
            <posy>1080</posy>
            <animation effect="slide" start="0" end="0,-80" time="200" condition="Window.IsActive(videoosd) | Window.IsActive(musicosd)">Conditional</animation>
            <animation effect="slide" end="0,-280" time="200" condition="!Skin.HasSetting(osd.useclassicinfo) + !IsEmpty(Window(seekbar).Property(fullscreeninfo)) + [Window.IsActive(videoosd) | Window.IsActive(DialogFullScreenInfo.xml)]">Conditional</animation>
            <animation effect="slide" end="0,-280" time="200" condition="!Skin.HasSetting(osd.useclassicinfo) + Window.IsVisible(visualisation) + [[[Window.IsVisible(musicosd) | Player.ShowInfo] + Skin.HasSetting(Vis.ExtraInfo)] | Window.IsVisible(script-cu-lrclyrics-main.xml)]">Conditional</animation>
            <control type="image">
                <width>1920</width>
                <height>364</height>    
                <texture colordiffuse="PanelBG">common/white.png</texture>
                <animation effect="fade" end="90" condition="true">Conditional</animation>
            </control>
            <control type="group" description="InfoBottom">
                <visible>!Skin.HasSetting(osd.useclassicinfo)</visible>
                <visible>!IsEmpty(Window(seekbar).Property(fullscreeninfo)) + [Window.IsActive(videoosd) | Window.IsActive(DialogFullScreenInfo.xml)]</visible>
                <include>Animation.DelayFadeIn</include>
                <control type="group">
                    <visible>!VideoPlayer.Content(livetv) + !VideoPlayer.Content(musicvideos)</visible>
                    <control type="image">
                        <top>16</top>
                        <left>16</left>
                        <height>248</height>
                        <width>165</width>
                        <texture background="true">$INFO[Player.Art(tvshow.poster)]</texture>
                        <aspectratio aligny="top" align="center">scale</aspectratio>
                        <visible>!IsEmpty(Player.Art(tvshow.poster))</visible>
                    </control>
                
                    <control type="image">
                        <top>16</top>
                        <left>16</left>
                        <height>248</height>
                        <width>165</width>
                        <texture background="true">$INFO[Player.Art(poster)]</texture>
                        <aspectratio aligny="top" align="center">scale</aspectratio>
                        <visible>!IsEmpty(Player.Art(poster))</visible>
                    </control>

                </control>
                
                <control type="image">
                    <top>16</top>
                    <left>16</left>
                    <height>248</height>
                    <width>248</width>
                    <texture background="true" fallback="special://skin/extras/icons/film.png">$INFO[Player.Art(thumb)]</texture>
                    <aspectratio aligny="center" align="center">keep</aspectratio>
                    <visible>VideoPlayer.Content(livetv) | [IsEmpty(Player.Art(poster)) + IsEmpty(Player.Art(tvshow.poster))]</visible>
                </control>
                
                <control type="grouplist">
                    <visible>!VideoPlayer.Content(livetv) + [!IsEmpty(Player.Art(poster)) | !IsEmpty(Player.Art(tvshow.poster))]</visible>
                    <orientation>vertical</orientation>
                    <usecontrolcoords>true</usecontrolcoords>
                    <itemgap>10</itemgap>
                    <top>16</top>
                    <left>204</left>
                    <include>DefOSDInfoContent</include>
                </control>
                <control type="grouplist">
                    <visible>VideoPlayer.Content(livetv) | [IsEmpty(Player.Art(poster)) + IsEmpty(Player.Art(tvshow.poster))]</visible>
                    <orientation>vertical</orientation>
                    <usecontrolcoords>true</usecontrolcoords>
                    <itemgap>10</itemgap>
                    <top>16</top>
                    <left>287</left>
                    <include>DefOSDInfoContent</include>
                </control>
            </control>
            
            <control type="group" description="InfoBottomMusic">
                <visible>!Skin.HasSetting(osd.useclassicinfo)</visible>
                <include>Animation.DelayFadeIn</include>
                <visible>Window.IsVisible(visualisation) + [[[Window.IsVisible(musicosd) | Player.ShowInfo] + Skin.HasSetting(Vis.ExtraInfo)] | Window.IsVisible(script-cu-lrclyrics-main.xml)]</visible>
                <control type="image">
                    <top>16</top>
                    <left>16</left>
                    <height>248</height>
                    <width>248</width>
                    <texture background="true" fallback="special://skin/extras/icons/film.png">$INFO[Player.Art(thumb)]</texture>
                    <aspectratio aligny="center" align="center">scale</aspectratio>
                    <visible>VideoPlayer.Content(livetv) | [IsEmpty(Player.Art(poster)) + IsEmpty(Player.Art(tvshow.poster))]</visible>
                </control>
                <control type="grouplist">
                    <orientation>vertical</orientation>
                    <usecontrolcoords>true</usecontrolcoords>
                    <itemgap>10</itemgap>
                    <top>16</top>
                    <left>287</left>
                    <include>DefOSDInfoContentMusic</include>
                </control>
            </control>
            <control type="slider" id="401">
                <description>Slider Bar</description>
                <posy>-16</posy>
                <width>1920</width>
                <height>16</height>
                <visible>true</visible>
                <animation effect="fade" end="0" condition="true">Conditional</animation>
            </control>
            <control type="progress">
                <description>Progress Bar</description>
                <posy>-16</posy>
                <width>1920</width>
                <height>16</height>
                <info>Player.ProgressCache</info>
                <texturebg colordiffuse="00000000">osd/progress-bg.png</texturebg>
                <lefttexture colordiffuse="Keyboard">osd/progress-end.png</lefttexture>
                <midtexture colordiffuse="Keyboard">osd/progress-end.png</midtexture>
                <righttexture colordiffuse="Keyboard">osd/progress-end.png</righttexture>
                <visible>true</visible>
                <animation effect="fade" end="50" condition="true">Conditional</animation>
            </control>
            <control type="progress" id="23">
                <description>Progress Bar</description>
                <posy>-16</posy>
                <width>1920</width>
                <height>16</height>
                <info>Player.Progress</info>
                <visible>true</visible>
                <animation effect="fade" end="50" condition="true">Conditional</animation>
            </control>
            
            <control type="image">
                <posx>500r</posx>
                <posy>-297</posy>
                <width>500</width>
                <height>281</height>
                <texture>$VAR[OSDImage]</texture>
                <aspectratio align="right" aligny="bottom">keep</aspectratio>
                <include>Animation.FadeIn</include>
                <include>Animation.FadeOut</include>
                <visible>!Skin.HasSetting(hide.clearartosd)</visible>
                <visible>!Window.IsVisible(DialogSubtitles.xml) + !Window.IsVisible(VideoOSDBookmarks.xml) + !Window.IsVisible(VideoOSDSettings.xml) + !VideoPlayer.Content(livetv) + IsEmpty(Window(seekbar).Property(fullscreeninfo))</visible>
            </control>
        </control>
        
        
        
        <control type="image">
            <aspectratio>center</aspectratio>
            <include>Dimensions_Fullscreen</include>
            <texture>$VAR[PlayerBigIcon]</texture>
            <visible>![!IsEmpty(Window(seekbar).Property(fullscreeninfo)) + [Window.IsActive(videoosd) | Window.IsActive(DialogFullScreenInfo.xml)]]</visible>
            <visible>Player.Seeking | Player.DisplayAfterSeek | Player.Paused</visible>
            <animation effect="fade" start="100" end="20" condition="true">Conditional</animation>
            <include>Animation.FadeIn</include>
            <include>Animation.FadeOut</include>
        </control>
        
        <control type="group">
            <visible>!Window.IsVisible(DialogSlider.xml) + !Window.IsVisible(DialogPVRChannelsOSD.xml) + !Window.IsVisible(DialogPVRGuideOSD.xml) + [Player.Seeking | Player.DisplayAfterSeek | Player.Paused | Player.Forwarding | Player.Rewinding | Window.IsActive(videoosd) | Window.IsActive(musicosd) | Player.ShowInfo | Window.IsActive(DialogFullScreenInfo.xml)] | Window.IsActive(DialogPVRGuideInfo.xml)</visible>
            <animation type="Visible">
                <effect type="slide" start="0,-24" end="0" time="200"/>
                <effect type="fade" start="0" end="100" time="200"/>
            </animation>
            <animation effect="fade" start="100" end="0" time="200">Hidden</animation>
            <include>GlobalTopBar</include>
        </control>
        
        
    </controls>

</window>
