<?xml version="1.0" encoding="UTF-8"?>
<!-- Foundation -->
<window id="2000">
    <defaultcontrol always="true">3</defaultcontrol>
    <allowoverlay>yes</allowoverlay>
    <zorder>3</zorder>
    <onunload condition="!IsEmpty(Skin.String(Widget_Position)) + !IsEmpty(Skin.String(Widget_Favourite.Path))">RunScript(script.eminencefunctions,setfavourite,$INFO[Skin.String(Widget_Position)],$INFO[Skin.String(Widget_Favourite.Path)],$INFO[Skin.String(Widget_Favourite.Label)])</onunload>
    <onunload condition="!IsEmpty(Skin.String(Widget_Position))">Skin.Reset(Widget_Position)</onunload>
    <onunload condition="!IsEmpty(Skin.String(Widget_Favourite.Path))">Skin.Reset(Widget_Favourite.Path)</onunload>
    <controls>
        <control type="group">
            <posy>160</posy>
            <control type="scrollbar" id="60">
                <width>8</width>
                <include>DefSettingsRightGroup3</include>
                <texturesliderbar colordiffuse="PosterBorder">common/white.png</texturesliderbar>
                <onleft>6</onleft>
                <onright>6</onright>
                <include>Animation.SlideOpen.Left</include>
                <animation effect="fade" start="100" end="20" time="300" condition="!Control.HasFocus(60)">Conditional</animation>
            </control>
        </control>
        <control type="group">
            <posx>horzpad</posx>
            <posy>topoffset</posy>
            <include>Animation.SlideOpen.Left</include>
            <control type="label" id="1"><visible>false</visible></control>
            <control type="label" description="Info Label">
                <include>DefSideLabelCoords</include>
                <label>$VAR[DialogSelectHeader]</label>
            </control>
        </control>

        <control type="group">
            <posy>160</posy>
            <animation effect="fade" start="100" end="0" time="400" condition="Window.IsVisible(SliderDialog) | Window.IsVisible(FileBrowser)">Conditional</animation>
            <include>DefSettingsLinesSettings</include>
            <include>Animation.FadeOut</include>
            <control type="group">
                <include>DefSettingsLeftGroup3</include>
                <control type="image">
                    <texture border="12" colordiffuse="PosterHighlight">common/white.png</texture>
                    <height>66</height>
                    <include>DefSettingsLeftGroupWidth3</include>
                </control>
                <control type="label">
                    <posx>30</posx>
                    <description>Header</description>
                    <width>350</width>
                    <align>center</align>
                    <label>$VAR[DialogSelectHeader]</label>
                    <textcolor>Selected</textcolor>
                </control>
                <control type="image">
                    <posy>138</posy>
                    <visible>Control.IsVisible(6)</visible>        
                    <include>DefSettingsLeftGroupWidth3</include>
                    <height>70</height>
                    <texture fallback="DefaultAddonNone.png">$INFO[Container(6).ListItem.Icon]</texture>
                    <aspectratio align="center" aligny="center">keep</aspectratio>
                </control>
            </control>
        
            <control type="list" id="3">
                <height>552</height>
                <include>DefSettingsRightGroup3</include>
                <onleft>60</onleft>
                <onright>5</onright>
                <onup>3</onup>
                <ondown>3</ondown>
                <pagecontrol>60</pagecontrol>
                <itemlayout height="69" width="1053">

                    <control type="label">
                        <posx>30</posx>
                        <width>1000</width>
                        <height>66</height>
                        <info>ListItem.Label</info>
                        <textcolor>PanelFG-NF</textcolor>
                        <selectedcolor>Keyboard</selectedcolor>
                    </control>
                    <control type="label">
                        <posx>990</posx>
                        <width>600</width>
                        <height>66</height>
                        <align>right</align>
                        <info>ListItem.Label2</info>
                        <font>Font-ListInfo</font>
                        <textcolor>PanelFG-NF</textcolor>
                        <selectedcolor>Keyboard</selectedcolor>
                    </control>
                </itemlayout>
                <focusedlayout height="69" width="1438">
                    <control type="group">
                        <visible>Control.HasFocus(3)</visible>
                        <control type="image">
                            <include>DefSettingsRightGroupWidth3</include>
                            <height>66</height>
                            <texture border="12" colordiffuse="PosterHighlight">common/white.png</texture>
                        </control>
                        <control type="label">
                            <posx>30</posx>
                            <width>1200</width>
                            <height>66</height>
                            <info>ListItem.Label</info>
                            <textcolor>PanelFG</textcolor>
                            <selectedcolor>Keyboard</selectedcolor>
                        </control>
                        <control type="label">
                            <posx>990</posx>
                            <width>600</width>
                            <height>66</height>
                            <align>right</align>
                            <info>ListItem.Label2</info>
                            <font>Font-ListInfo</font>
                            <textcolor>PanelFG</textcolor>
                            <selectedcolor>Keyboard</selectedcolor>
                        </control>
                    </control>
                    <control type="group">
                        <visible>!Control.HasFocus(3)</visible>
                        <control type="label">
                            <posx>30</posx>
                            <width>1200</width>
                            <height>66</height>
                            <info>ListItem.Label</info>
                            <textcolor>PanelFG</textcolor>
                            <selectedcolor>Keyboard</selectedcolor>
                        </control>
                        <control type="label">
                            <posx>990</posx>
                            <width>600</width>
                            <height>66</height>
                            <align>right</align>
                            <info>ListItem.Label2</info>
                            <font>Font-ListInfo</font>
                            <textcolor>PanelFG</textcolor>
                            <selectedcolor>Keyboard</selectedcolor>
                        </control>
                    </control>
                </focusedlayout>

            </control>

            
            <control type="list"  id="6">
                <height>552</height>
                
                <include>DefSettingsRightGroup3</include>
                
                
                <onleft>60</onleft>
                <onright>5</onright>
                <onup>6</onup>
                <ondown>6</ondown>
                <pagecontrol>60</pagecontrol>
                <include>Animation.SlideOpen.Right</include>    
                <itemlayout height="138" width="1053">
                    <control type="image">
                        <posx>920</posx>
                        <posy>24</posy>
                        <width>70</width>
                        <height>70</height>
                        <aspectratio>keep</aspectratio>
                        <texture fallback="DefaultAddonNone.png">$INFO[Listitem.Icon]</texture>
                    </control>
                    <control type="label">
                        <posx>160</posx>
                        <width>600</width>
                        <height>135</height>
                        <info>ListItem.Label</info>
                        <font>Font-Button</font>
                        <textcolor>PanelFG-NF</textcolor>
                    </control>
                    <control type="label">
                        <posx>1020</posx>
                        <width>600</width>
                        <height>135</height>
                        <align>right</align>
                        <info>ListItem.Label2</info>
                        <font>Font-ListInfo</font>
                        <textcolor>PanelFG-NF</textcolor>
                    </control>
                </itemlayout>
                <focusedlayout height="100" width="1053">
                    <control type="group">
                        <visible>Control.HasFocus(6)</visible>
                        <control type="image">
                            <width>1053</width>
                            <height>100</height>
                            <texture border="12" colordiffuse="PosterHighlight">common/white.png</texture>
                        </control>
                        <control type="label">
                            <posx>300</posx>
                            <width>600</width>
                            <height>100</height>
                            <align>right</align>
							<info>ListItem.Label</info>
                            <font>Font-Button</font>
                            <textcolor>PanelFG</textcolor>
                        </control>
                        <control type="label">
                            <posx>1020</posx>
                            <width>600</width>
                            <height>135</height>
                            <align>right</align>
                            <info>ListItem.Label2</info>
                            <font>Font-ListInfo</font>
                            <textcolor>PanelFG</textcolor>
                        </control>
                    </control>
                    <control type="group">
                        <visible>!Control.HasFocus(6)</visible>
                        <control type="label">
                            <posx>160</posx>
                            <width>600</width>
                            <height>135</height>
                            <info>ListItem.Label</info>
                            <font>Font-Button</font>
                            <textcolor>PanelFG</textcolor>
                        </control>
                        <control type="label">
                            <posx>1020</posx>
                            <width>600</width>
                            <height>135</height>
                            <align>right</align>
                            <info>ListItem.Label2</info>
                            <font>Font-ListInfo</font>
                            <textcolor>PanelFG</textcolor>
                        </control>
                    </control>

                    <control type="image">
                        <posx>920</posx>
                        <posy>24</posy>
                        <width>70</width>
                        <height>70</height>
                        <aspectratio>keep</aspectratio>
                        <texture fallback="DefaultAddonNone.png">$INFO[Listitem.Icon]</texture>
                    </control>

                </focusedlayout>

            </control>
            
            <control type="textbox">
                <visible>Control.IsVisible(6)</visible>        
                <label>$INFO[Container(6).ListItem.Property(Addon.Description)]</label>
                <include>Animation.FadeIn</include>
                <include>Animation.FadeOut</include>
                <posx>235</posx>
                <width>globalw</width>
                <posy>685</posy>
                <height>100</height>
                <align>justify</align>
                <font>Font-ListInfo-Small</font>
                <textcolor>Disabled</textcolor>
            </control>
            
            <control type="button" id="5">
                <posx>251</posx>
                <posy>51</posy>
                
                <width>1438</width>
                <height>66</height>
                <align>right</align>
                <ondown>3</ondown>
                <onright>3</onright>
                <onleft>3</onleft>
                
                <texturefocus>noop</texturefocus>
                <focusedcolor>Highlight</focusedcolor>
                <include>Animation.FadeIn</include>
                <include>Animation.FadeOut</include>
            </control>
            
        </control>

    </controls>

</window>
