<?xml version="1.0" encoding="UTF-8"?>
<!-- Foundation -->
<window id="115">
    <defaultcontrol always="true">9901</defaultcontrol>
    <allowoverlay>yes</allowoverlay>
    <visible>[VideoPlayer.IsFullscreen | Window.IsVisible(visualisation)]</visible>
    <zorder>2</zorder>
    <controls>
    
        <control type="image">
            <include>Dimensions_Fullscreen</include>
            <include>Animation.FadeIn</include>
            <include>Animation.FadeOut</include>
            <texture colordiffuse="Background">common/white.png</texture>
            <animation effect="fade" start="100" end="90" condition="true">Conditional</animation>
            <visible>Window.IsVisible(DialogSelect.xml) | Window.IsVisible(DialogPVRGuideInfo.xml)</visible>
        </control>
        <control type="group">
            <animation effect="fade" start="0" end="100" time="250">VisibleChange</animation>
            <visible>!Window.IsVisible(DialogSlider.xml) + !Window.IsVisible(DialogPVRGuideOSD.xml) + !Window.IsVisible(DialogPVRChannelsOSD.xml) + [Player.Seeking | Player.DisplayAfterSeek | Player.Paused | Player.Forwarding | Player.Rewinding | Window.IsActive(videoosd) | Window.IsActive(musicosd) | Player.ShowInfo | Window.IsActive(DialogPVRGuideInfo.xml) | Window.IsActive(DialogFullScreenInfo.xml) | Window.IsActive(VideoOSDSettings.xml) | Window.IsActive(VideoOSDBookmarks.xml) | Window.IsActive(DialogKaiToast.xml)]</visible>
            <include>GlobalVignette</include>
        </control>

                
				
        <control type="group" description="MusicVis">
            <posx>251</posx>
            <posy>280</posy>
            <visible>Skin.HasSetting(osd.useclassicinfo)</visible>
            <animation effect="slide" start="0" end="0,-40" time="200" condition="Window.IsActive(videoosd) | Window.IsActive(musicosd)">Conditional</animation>
            <visible>Window.IsVisible(visualisation) + [[[Window.IsVisible(musicosd) | Player.ShowInfo] + Skin.HasSetting(Vis.ExtraInfo)] | Window.IsVisible(script-cu-lrclyrics-main.xml)]</visible>
            <include>Animation.FadeIn.Up</include>
            <include>Animation.FadeOut</include>
            <control type="image">
                <width>1416</width>
                <height>690</height>
                <texture colordiffuse="Panel-OSD">common/white.png</texture>
                <animation effect="fade" end="90" condition="true">Conditional</animation>
            </control>


            <control type="image">
                <posx>22</posx>
                <posy>22</posy>
                <width>568</width>
                <height>568</height>
                <texture>$INFO[Player.Art(thumb)]</texture>
                <aspectratio>scale</aspectratio>
            </control>

            <control type="label">
                <posx>22</posx>
                <posy>602</posy>
                <width>568</width>
                <align>center</align>
                <font>Font-Button</font>
                <label>$INFO[MusicPlayer.Album]$INFO[MusicPlayer.Year,  (,)]</label>
            </control>

            
            <control type="label">
                <posx>634</posx>
                <posy>11</posy>
                <width>749</width>
                <align>left</align>
                <font>Font-ListHeader</font>
                <label>$INFO[MusicPlayer.Artist]</label>
            </control>
            
            
            <control type="textbox">
                <posx>634</posx>
                <posy>90</posy>
                <width>749</width>
                <height>500</height>
                <align>justify</align>
                <font>Font-ListInfo</font>
                <label>$VAR[MusicOSDPlot]</label>
                <visible>!Window.IsVisible(script-cu-lrclyrics-main.xml)</visible>
            </control>
            
            <control type="label">
                <posx>634</posx>
                <posy>602</posy>
                <width>749</width>
                <align>left</align>
                <font>Font-ListInfo</font>
                <label>[B]$LOCALIZE[209]...  [/B]$INFO[MusicPlayer.offset(1).Title]</label>
            </control>
        </control>
        
        <control type="group" description="Fullscreeninfo">
            <visible>Skin.HasSetting(osd.useclassicinfo)</visible>
            <include>Animation.FadeIn.Up</include>
            <include>Animation.FadeOut</include>
            <visible>!IsEmpty(Window(seekbar).Property(fullscreeninfo)) + [Window.IsActive(videoosd) | Window.IsActive(DialogFullScreenInfo.xml)]</visible>
            <control type="group" description="Live TV">
                <posx>251</posx>
                <posy>280</posy>
                <visible>VideoPlayer.Content(livetv)</visible>
                <animation effect="slide" start="0" end="0,-40" time="200" condition="Window.IsActive(videoosd) | Window.IsActive(musicosd)">Conditional</animation>
                <control type="image">
                    <width>1416</width>
                    <height>690</height>
                    <texture colordiffuse="PanelBG">common/white.png</texture>
                    <animation effect="fade" end="90" condition="true">Conditional</animation>
                </control>

				
                <control type="image">
                    <posx>32</posx>
                    <posy>32</posy>
                    <width>410</width>
                    <height>410</height>
                    <fadetime>200</fadetime>
                    <texture background="true">$INFO[Player.Art(thumb)]</texture>
                    <aspectratio aligny="center" align="center">keep</aspectratio>
                </control>
            
                <control type="grouplist">
                    <posx>485</posx>
                    <posy>22</posy>
                    <usecontrolcoords>true</usecontrolcoords>
                    <orientation>vertical</orientation>
                    <control type="label">
                        <width>600</width>
                        <height>32</height>
                        <align>left</align>
                        <aligny>top</aligny>
                        <font>Font-Button</font>
                        <label>515</label>
                    </control>
                    <control type="label">
                        <width>600</width>
                        <height>64</height>
                        <align>left</align>
                        <aligny>top</aligny>
                        <font>Font-ListInfo</font>
                        <label fallback="416">$INFO[VideoPlayer.Genre]</label>
                    </control>
                    <control type="label">
                        <width>600</width>
                        <height>32</height>
                        <align>left</align>
                        <aligny>top</aligny>
                        <font>Font-Button</font>
                        <label>573</label>
                    </control>
                    <control type="label">
                        <width>600</width>
                        <height>64</height>
                        <align>left</align>
                        <aligny>top</aligny>
                        <font>Font-ListInfo</font>
                        <label fallback="416">$INFO[Player.FileNameAndPath]</label>
                        <scroll>true</scroll>
                    </control>
                    <control type="label">
                        <width>899</width>
                        <align>left</align>
                        <aligny>top</aligny>
                        <height>32</height>
                        <font>Font-Button</font>
                        <label>207</label>
                    </control>
                    <control type="textbox">
                        <width>899</width>
                        <align>justify</align>
                        <aligny>top</aligny>
                        <font>Font-ListInfo</font>
                        <height>310</height>
                        <label fallback="416">$INFO[VideoPlayer.Plot]</label>
                        <wrapmultiline>true</wrapmultiline>
                    </control>
                </control>
            
                <control type="grouplist">
                    <posx>467</posx>
                    <posy>22</posy>
                    <usecontrolcoords>true</usecontrolcoords>
                    <orientation>vertical</orientation>
                    <control type="label">
                        <posx>917</posx>
                        <width>300</width>
                        <height>32</height>
                        <align>right</align>
                        <aligny>top</aligny>
                        <font>Font-Button</font>
                        <label>$LOCALIZE[31127] $LOCALIZE[126]</label>
                    </control>
                    <control type="label">
                        <posx>917</posx>
                        <width>300</width>
                        <height>64</height>
                        <align>right</align>
                        <aligny>top</aligny>
                        <font>Font-ListInfo</font>
                        <label fallback="416">$VAR[PVROSDStatus]</label>
                    </control>
                </control>
            
                <control type="label">
                    <posx>485</posx>
                    <posy>602</posy>
                    <width>749</width>
                    <align>left</align>
                    <font>Font-ListInfo</font>
                    <label>[B]$LOCALIZE[209]...  [/B]$INFO[VideoPlayer.NextTitle]$INFO[VideoPlayer.NextStartTime,  ,]</label>
                </control>
            </control>
            <control type="group" description="Movies and Episodes">
                <posx>251</posx>
                <posy>280</posy>
                <visible>!VideoPlayer.Content(livetv) + !VideoPlayer.Content(musicvideos)</visible>
                <animation effect="slide" start="0" end="0,-32" time="200" condition="Window.IsActive(videoosd) | Window.IsActive(musicosd)">Conditional</animation>
                <control type="image">
                    <width>1416</width>
                    <height>690</height>
                    <texture colordiffuse="PanelBG">common/white.png</texture>
                    <animation effect="fade" end="90" condition="true">Conditional</animation>
                    
                </control>

                <control type="image">
                    <posx>22</posx>
                    <posy>22</posy>
                    <width>430</width>
                    <height>646</height>
                    <fadetime>200</fadetime>
                    <texture background="true">$INFO[Player.Art(tvshow.poster)]</texture>
                    <aspectratio aligny="top" align="center">scale</aspectratio>
                    <visible>!IsEmpty(Player.Art(tvshow.poster))</visible>
                </control>
            
                <control type="image">
                    <posx>22</posx>
                    <posy>22</posy>
                    <width>430</width>
                    <height>646</height>
                    <fadetime>200</fadetime>
                    <texture background="true">$INFO[Player.Art(poster)]</texture>
                    <aspectratio aligny="top" align="center">scale</aspectratio>
                    <visible>!IsEmpty(Player.Art(poster))</visible>
                </control>
            
                <control type="image">
                    <posx>22</posx>
                    <posy>22</posy>
                    <width>430</width>
                    <height>646</height>
                    <fadetime>200</fadetime>
                    <texture background="true">$INFO[Player.Art(thumb)]</texture>
                    <aspectratio aligny="top" align="center">scale</aspectratio>
                    <visible>IsEmpty(Player.Art(poster)) + IsEmpty(Player.Art(tvshow.poster))</visible>
                </control>
            
                <control type="grouplist">
                    <posx>485</posx>
                    <posy>22</posy>
                    <usecontrolcoords>true</usecontrolcoords>
                    <orientation>vertical</orientation>
                    <control type="label">
                        <width>600</width>
                        <height>32</height>
                        <align>left</align>
                        <aligny>top</aligny>
                        <font>Font-Button</font>
                        <label>20339</label>
                    </control>
                    <control type="label">
                        <width>600</width>
                        <height>64</height>
                        <align>left</align>
                        <aligny>top</aligny>
                        <font>Font-ListInfo</font>
                        <label fallback="416">$INFO[VideoPlayer.Director]</label>
                    </control>
                    <control type="label">
                        <width>600</width>
                        <height>32</height>
                        <align>left</align>
                        <aligny>top</aligny>
                        <font>Font-Button</font>
                        <label>20417</label>
                    </control>
                    <control type="label">
                        <width>600</width>
                        <height>64</height>
                        <align>left</align>
                        <aligny>top</aligny>
                        <font>Font-ListInfo</font>
                        <label fallback="416">$INFO[VideoPlayer.Writer]</label>
                    </control>
                    <control type="label">
                        <width>600</width>
                        <height>32</height>
                        <align>left</align>
                        <aligny>top</aligny>
                        <font>Font-Button</font>
                        <label>515</label>
                    </control>
                    <control type="label">
                        <width>600</width>
                        <height>64</height>
                        <align>left</align>
                        <aligny>top</aligny>
                        <font>Font-ListInfo</font>
                        <label fallback="416">$INFO[VideoPlayer.Genre]</label>
                    </control>
                    <control type="label">
                        <width>600</width>
                        <height>32</height>
                        <align>left</align>
                        <aligny>top</aligny>
                        <font>Font-Button</font>
                        <label>573</label>
                    </control>
                    <control type="label">
                        <width>600</width>
                        <height>64</height>
                        <align>left</align>
                        <aligny>top</aligny>
                        <font>Font-ListInfo</font>
                        <label fallback="416">$INFO[Player.FileNameAndPath]</label>
                        <scroll>true</scroll>
                    </control>
                    <control type="label">
                        <width>899</width>
                        <align>left</align>
                        <aligny>top</aligny>
                        <height>32</height>
                        <font>Font-Button</font>
                        <label>207</label>
                    </control>
                    <control type="textbox">
                        <width>899</width>
                        <align>justify</align>
                        <aligny>top</aligny>
                        <font>Font-ListInfo</font>
                        <height>120</height>
                        <label fallback="416">$INFO[VideoPlayer.Plot]</label>
                        <wrapmultiline>true</wrapmultiline>
                    </control>
                </control>
                <control type="label">
                    <posx>485</posx>
                    <posy>602</posy>
                    <width>749</width>
                    <align>left</align>
                    <font>Font-ListInfo</font>
                    <label>[B]$INFO[VideoPlayer.Premiered]$INFO[VideoPlayer.Year]$INFO[VideoPlayer.Studio,  •  ,]$INFO[VideoPlayer.Rating,  •  ,][/B]</label>
                </control>
            
                <control type="grouplist">
                    <posx>467</posx>
                    <posy>22</posy>
                    <usecontrolcoords>true</usecontrolcoords>
                    <orientation>vertical</orientation>
                    <control type="label">
                        <posx>917</posx>
                        <width>300</width>
                        <height>32</height>
                        <align>right</align>
                        <aligny>top</aligny>
                        <font>Font-Button</font>
                        <label>2050</label>
                    </control>
                    <control type="label">
                        <posx>917</posx>
                        <width>300</width>
                        <height>64</height>
                        <align>right</align>
                        <aligny>top</aligny>
                        <font>Font-ListInfo</font>
                        <label fallback="416">$INFO[VideoPlayer.Duration,, $LOCALIZE[12391]]</label>
                    </control>
                    <control type="label">
                        <posx>917</posx>
                        <width>300</width>
                        <height>32</height>
                        <align>right</align>
                        <aligny>top</aligny>
                        <font>Font-Button</font>
                        <label>20074</label>
                    </control>
                    <control type="label">
                        <posx>917</posx>
                        <width>300</width>
                        <height>64</height>
                        <align>right</align>
                        <aligny>top</aligny>
                        <font>Font-ListInfo</font>
                        <label fallback="416">$INFO[VideoPlayer.MPAA]</label>
                    </control>
                    <control type="label">
                        <posx>917</posx>
                        <width>300</width>
                        <height>32</height>
                        <align>right</align>
                        <aligny>top</aligny>
                        <font>Font-Button</font>
                        <label>292</label>
                    </control>
                    <control type="label">
                        <posx>917</posx>
                        <width>300</width>
                        <height>64</height>
                        <align>right</align>
                        <aligny>top</aligny>
                        <font>Font-ListInfo</font>
                        <label fallback="416">$INFO[VideoPlayer.AudioCodec,,  •  ]$VAR[AudioChannelsOSD]</label>
                    </control>
                    <control type="label">
                        <posx>917</posx>
                        <width>300</width>
                        <height>32</height>
                        <align>right</align>
                        <aligny>top</aligny>
                        <font>Font-Button</font>
                        <label>291</label>
                    </control>
                    <control type="label">
                        <posx>917</posx>
                        <width>350</width>
                        <height>64</height>
                        <align>right</align>
                        <aligny>top</aligny>
                        <font>Font-ListInfo</font>
                        <label fallback="416">$VAR[HDSD,, ]$INFO[VideoPlayer.VideoResolution]$INFO[VideoPlayer.VideoCodec,  •  ,]$INFO[VideoPlayer.VideoAspect,  •  ,]</label>
                    </control>
                </control>
            </control>
        </control>

        <control type="group">
		   <visible>!Window.IsVisible(DialogSlider.xml) + !Window.IsVisible(DialogPVRChannelsOSD.xml) + !Window.IsVisible(DialogPVRGuideOSD.xml) + [Player.Seeking | Player.DisplayAfterSeek | Player.Paused | Player.Forwarding | Player.Rewinding | Window.IsActive(musicosd) | Window.IsActive(videoosd) | Player.ShowInfo | Window.IsActive(DialogFullScreenInfo.xml)]</visible>
           <!--<animation effect="slide" end="0,-280" time="200" condition="!Window.IsVisible(DialogSlider.xml)">Conditional</animation>           -->
		   <animation effect="fade" start="0" end="100" time="200">Visible</animation>
            <animation effect="fade" start="100" end="0" time="200">Hidden</animation>
            <posy>1080</posy>
            <animation effect="slide" start="0" end="0,-80" time="200" condition="Window.IsActive(videoosd) | Window.IsActive(musicosd)">Conditional</animation>
			<animation effect="slide" end="0,-280" time="200" condition="!Skin.HasSetting(osd.useclassicinfo) + !IsEmpty(Window(seekbar).Property(fullscreeninfo)) + [Window.IsActive(videoosd) | Window.IsActive(DialogFullScreenInfo.xml)]">Conditional</animation>
            <animation effect="slide" end="0,-280" time="200" condition="!Window.IsVisible(DialogSlider.xml) + !Skin.HasSetting(osd.useclassicinfo) + Window.IsVisible(visualisation) + [[[Window.IsVisible(musicosd) | Player.ShowInfo] + Skin.HasSetting(Vis.ExtraInfo)] | Window.IsVisible(script-cu-lrclyrics-main.xml)]">Conditional</animation>
			<control type="image">
                <width>1920</width>
                <height>364</height>    
                <!--<posx>-5</posx>
				<!--<posy>-22</posy>-->
				<texture colordiffuse="Panel-OSD">common/white.png</texture>
                <animation effect="fade" end="90" condition="true">Conditional</animation>
            </control>

			   <control type="grouplist" id="100">
            <visible>Window.IsVisible(fullscreenvideo)</visible>
            <posx>32</posx>
            <posy>1008</posy>
            <height>48</height>
            <itemgap>16</itemgap>
            <orientation>horizontal</orientation>
            <align>left</align>
            <onleft>6</onleft>
            <onright condition="!Player.CanRecord | !VideoPlayer.Content(LiveTV)">12</onright>
            <onright condition="Player.CanRecord + VideoPlayer.Content(LiveTV)">9003</onright>
            <onup>noop</onup>
            <ondown>noop</ondown>
            <usecontrolcoords>true</usecontrolcoords>

			            <!-- Sub Menu 
            <control type="group">
                <visible allowhiddenfocus="true">ControlGroup(9300).HasFocus() | Control.HasFocus(3)</visible>
                <include>Animation.SlideUp</include>
                <include>Animation.FadeOut</include>
			
			<control type="image">
                <width>150</width>
                <height>150</height>    
                <posx>0</posx>
				<posy>-80</posy>
				<texture colordiffuse="Panel-OSD">common/white.png</texture>
                <animation effect="fade" end="90" condition="true">Conditional</animation>
            </control>
			            
				 <control type="grouplist" id="9700">
                    <include>Animation.FadeIn.Delay</include>
                    <include>Animation.FadeOut</include>
                    <top>16</top>
                    <bottom>16</bottom>
                    <left>8</left>
                    <right>8</right>
                    <onup>3</onup>
                    <ondown>3</ondown>
                    <onleft>3</onleft>
                    <onright>3</onright>
                    <itemgap>0</itemgap>
                    <orientation>vertical</orientation>
                    <scrolltime>200</scrolltime>
                 </control>

						
						</control>-->


			
			<!-- הורדת כתוביות
            
			<control type="button" id="1">
                <description>Subs Download</description>
                <label></label>
                <posy>8</posy>
                <width>32</width>
                <height>32</height>
                <font>noop</font>
                <texturefocus colordiffuse="Highlight-osd" flipx="false">osd/subs-download.png</texturefocus>
                <texturenofocus colordiffuse="OSD-NF" flipx="false">osd/subs-download.png</texturenofocus>
                <include>DefOSDControls</include>
                <include>submenu</include>
                <onclick>ActivateWindow(1174)</onclick>
        	<visible>!Window.IsVisible(DialogSlider.xml) + !Window.IsVisible(DialogPVRChannelsOSD.xml) + !Window.IsVisible(DialogPVRGuideOSD.xml) + [Player.Seeking | Player.DisplayAfterSeek | Player.Paused | Player.Forwarding | Player.Rewinding | Window.IsActive(musicosd) | Window.IsActive(videoosd) | Player.ShowInfo | Window.IsActive(DialogFullScreenInfo.xml)]</visible>
		    <animation effect="fade" start="0" end="100" time="200">Visible</animation>				   
		   </control>
       
			<!-- השאיית כתוביות
			<control type="button" id="905">
                <description>Subs delay</description>
                <label></label>
                <posy>8</posy>
                <width>32</width>
                <height>32</height>
                <font>noop</font>
				<texturefocus colordiffuse="Highlight-osd" flipx="false">osd/osd_menu_sub.png</texturefocus>
                <texturenofocus colordiffuse="OSD-NF" flipx="false">osd/osd_menu_sub.png</texturenofocus>
                <include>DefOSDControls</include>
                <include>DefOSDUpDown</include>
   				<onclick condition="!Skin.HasSetting(customosd)">SubtitleDelay</onclick>
        	<visible>VideoPlayer.HasSubtitles + VideoPlayer.SubtitlesEnabled + !Window.IsVisible(DialogSlider.xml) + !Window.IsVisible(DialogPVRChannelsOSD.xml) + !Window.IsVisible(DialogPVRGuideOSD.xml) + [Player.Seeking | Player.DisplayAfterSeek | Player.Paused | Player.Forwarding | Player.Rewinding | Window.IsActive(musicosd) | Window.IsActive(videoosd) | Player.ShowInfo | Window.IsActive(DialogFullScreenInfo.xml)]</visible>
		    <animation effect="fade" start="0" end="100" time="200">Visible</animation>		
            </control>			
            <!-- הפעלה או ביטול של כתוביות
            
			<control type="togglebutton" id="200">
                <posy>-41</posy>
				<posx>45</posx>
                <width min="0" max="80">auto</width>
                <height>130</height>
				<description>Subs</description>
                <alttexturefocus>noop</alttexturefocus>
                <alttexturenofocus>noop</alttexturenofocus>
				<label>$LOCALIZE[287]</label>
				<focusedcolor>FFFF0000</focusedcolor>
				<altlabel>$LOCALIZE[287]</altlabel>
				<focusedcolor>FFFF0000</focusedcolor>
                <include>DefOSDControls</include>
                <include>DefOSDUpDown</include>
                <onclick>Action(ShowSubtitles)</onclick>
                <enable>VideoPlayer.HasSubtitles</enable>
				<usealttexture>!VideoPlayer.SubtitlesEnabled</usealttexture>     
        	<visible>!Window.IsVisible(DialogSlider.xml) + !Window.IsVisible(DialogPVRChannelsOSD.xml) + !Window.IsVisible(DialogPVRGuideOSD.xml) + [Player.Seeking | Player.DisplayAfterSeek | Player.Paused | Player.Forwarding | Player.Rewinding | Window.IsActive(musicosd) | Window.IsActive(videoosd) | Player.ShowInfo | Window.IsActive(DialogFullScreenInfo.xml)]</visible>
		    <animation effect="fade" start="0" end="100" time="200">Visible</animation>				 
		 </control>
<!-- הצגת שפת כתוביות
		    
			<control type="label" id="597">
                <posy>-43</posy>
				<posx>-12</posx>
				<width min="0" max="60">auto</width>
                <height>130</height>
				<description>Subs</description>
                <alttexturefocus>noop</alttexturefocus>
                <alttexturenofocus>noop</alttexturenofocus>
				<label>[UPPERCASE]$INFO[VideoPlayer.SubtitlesLanguage][/UPPERCASE]</label>
                <focusedcolor>FFFF0000</focusedcolor>
				<altlabel>[UPPERCASE]$INFO[VideoPlayer.SubtitlesLanguage][/UPPERCASE]</altlabel>
				<focusedcolor>FFFF0000</focusedcolor>
				<include>DefOSDControls</include>
                <include>DefOSDUpDown</include>
                <onclick>Action(ShowSubtitles)</onclick>
				<usealttexture>!VideoPlayer.SubtitlesEnabled</usealttexture>     
        	<visible>!Window.IsVisible(DialogSlider.xml) + !Window.IsVisible(DialogPVRChannelsOSD.xml) + !Window.IsVisible(DialogPVRGuideOSD.xml) + [Player.Seeking | Player.DisplayAfterSeek | Player.Paused | Player.Forwarding | Player.Rewinding | Window.IsActive(musicosd) | Window.IsActive(videoosd) | Player.ShowInfo | Window.IsActive(DialogFullScreenInfo.xml)]</visible>
		    <animation effect="fade" start="0" end="100" time="200">Visible</animation>					  
		  </control>-->
		   
            <control type="button" id="1">
                <description>Audio</description>
                <label>292</label>
				<focusedcolor>FFFF0000</focusedcolor>
                <include>DefOSDControls</include>
                <onclick>ActivateWindow(124)</onclick>
                <include>DefOSDUpDown</include>
        	<visible>!Window.IsVisible(DialogSlider.xml) + !Window.IsVisible(DialogPVRChannelsOSD.xml) + !Window.IsVisible(DialogPVRGuideOSD.xml) + [Player.Seeking | Player.DisplayAfterSeek | Player.Paused | Player.Forwarding | Player.Rewinding | Window.IsActive(musicosd) | Window.IsActive(videoosd) | Player.ShowInfo | Window.IsActive(DialogFullScreenInfo.xml)]</visible>
		    <animation effect="fade" start="0" end="100" time="200">Visible</animation>			           
		   </control>

            <control type="button" id="2">
                <description>Video Settings</description>
                <label>291</label>
				<focusedcolor>FFFF0000</focusedcolor>
                <include>DefOSDControls</include>
                <onclick>ActivateWindow(123)</onclick>
                <include>DefOSDUpDown</include>
        	<visible>!Window.IsVisible(DialogSlider.xml) + !Window.IsVisible(DialogPVRChannelsOSD.xml) + !Window.IsVisible(DialogPVRGuideOSD.xml) + [Player.Seeking | Player.DisplayAfterSeek | Player.Paused | Player.Forwarding | Player.Rewinding | Window.IsActive(musicosd) | Window.IsActive(videoosd) | Player.ShowInfo | Window.IsActive(DialogFullScreenInfo.xml)]</visible>
		    <animation effect="fade" start="0" end="100" time="200">Visible</animation>			
			</control>
        
		                			<control type="button" id="3">
                <description>Subs Download</description>
                <label>כתוביות</label>
				<focusedcolor>FFFF0000</focusedcolor>
                <include>DefOSDControls</include>
				<onclick>ActivateWindow(1174)</onclick>
				<onclick>close</onclick>
        	<visible>!Window.IsVisible(DialogSlider.xml) + !Window.IsVisible(DialogPVRChannelsOSD.xml) + !Window.IsVisible(DialogPVRGuideOSD.xml) + [Player.Seeking | Player.DisplayAfterSeek | Player.Paused | Player.Forwarding | Player.Rewinding | Window.IsActive(musicosd) | Window.IsActive(videoosd) | Player.ShowInfo | Window.IsActive(DialogFullScreenInfo.xml)]</visible>
		    <animation effect="fade" start="0" end="100" time="200">Visible</animation>				   
		   </control>
		
		</control>
			 
				<!--new-OSD-->
			            <control type="image">
                <width>750</width>
                <height>60</height>    
                <posx>1170</posx>
				<posy>-80</posy>
				<texture colordiffuse="Panel-OSD">common/OSDflag.png</texture>
                <animation effect="fade" end="90" condition="true">Conditional</animation>
            </control> 
			
					<!-- FLAGS --> 
					<control type="grouplist">
                        <posx>1150</posx>
				        <posy>-75</posy>
						<align>center</align>
						<width>800</width>
						<height>100</height>
						<itemgap>112</itemgap>
						<orientation>horizontal</orientation>
						<control type="group">
							<visible>!IsEmpty(VideoPlayer.VideoResolution)</visible>
							<include>flag_res3</include>
						</control>
						<control type="group">
							<visible>!IsEmpty(VideoPlayer.VideoAspect)</visible>
							<include>flag_aspect3</include>
						</control>
						<control type="group">
							<visible>!IsEmpty(VideoPlayer.VideoCodec)</visible>
							<include>flag_codec3</include>
						</control>
						<control type="group">
							<visible>!IsEmpty(VideoPlayer.AudioChannels)</visible>
							<include>flag_channels3</include>
						</control>
						<control type="group">
							<visible>!IsEmpty(VideoPlayer.AudioCodec)</visible>
							<include>flag_audio3</include>
						</control>	
					</control>
					

					
			<!--new-OSD-->
			            <control type="image">
                <animation effect="slide" start="-200" end="500" delay="5" time="600" >WindowOpen</animation>
				<animation effect="slide" start="500" end="-200" delay="0" time="600" >Windowclose</animation>
				<width>800</width>
                <height>60</height>    
                <posx>-500</posx>
				<posy>-80</posy>
				<texture colordiffuse="Panel-OSD">common/OSDtime.png</texture>
                <animation effect="fade" end="90" condition="true">Conditional</animation>
                   <visible> !Window.IsVisible(Custom_Submenu.xml)   </visible>       
		   </control>
						
			<!-- new osd TIME -->
			<control type="image">
                    <posx>50</posx>
				    <posy>-75</posy>
                    <width>48</width>
                    <height>48</height>
                    <aspectratio aligny="center">keep</aspectratio>
                    <colordiffuse>$VAR[OSDPanelWhite70]</colordiffuse>
                    <texture>kaitoast/finishtime.png</texture>
                    <visible>Player.HasVideo + !Window.IsVisible(Custom_Submenu.xml)</visible>
                </control>

				<control type="label">
                <width>320</width>
                <font>Font-Sublabel</font>
                <posx>100</posx>
				    <posy>-85</posy>
                <textcolor>$VAR[TopBarSubLabel]</textcolor>
                <label>$INFO[Player.Time(hh:mm:ss),  ,]$INFO[Player.Duration(hh:mm:ss), / ,]</label>
				                    <visible>Player.HasVideo + !Window.IsVisible(Custom_Submenu.xml)</visible>

            </control>
				
				
				<control type="label">
				<description>Seek Time Label</description>
				<posx>407</posx>
				<posy>-61</posy>
				<width>240</width>
				<height>20</height>
				<font>Font-RSS</font>
				<textcolor>white</textcolor>
				<align>left</align>
				<aligny>center</aligny>
                <label>$INFO[Player.SeekOffset]</label>				
				                    <visible>Player.HasVideo + !Window.IsVisible(Custom_Submenu.xml)</visible>

		</control> 
				
						<control type="image">
                    <posx>520</posx>
				    <posy>-75</posy>
                    <width>48</width>
                    <height>48</height>
                    <aspectratio aligny="center">keep</aspectratio>
                    <colordiffuse>$VAR[OSDPanelWhite70]</colordiffuse>
                    <texture>kaitoast/arrow.png</texture>
                    <visible>Player.HasVideo + !Window.IsVisible(Custom_Submenu.xml)</visible>
					
                </control>
            <control type="label">
                <width>350</width>
                <font>Font-Sublabel</font>
                <posx>570</posx>
				    <posy>-85</posy>
                <textcolor>$VAR[TopBarSubLabel]</textcolor>
                <label>$INFO[Player.FinishTime]</label>
								                    <visible>Player.HasVideo + !Window.IsVisible(Custom_Submenu.xml)</visible>

            </control>
			
			<control type="group" description="InfoBottom">
                <visible>!Skin.HasSetting(osd.useclassicinfo)</visible>
                <visible>!IsEmpty(Window(seekbar).Property(fullscreeninfo)) + [Window.IsActive(videoosd) | Window.IsActive(DialogFullScreenInfo.xml)]</visible>
                <include>Animation.DelayFadeIn</include>
                <control type="group">
                    <visible>!VideoPlayer.Content(livetv) + !VideoPlayer.Content(musicvideos)</visible>
                    <control type="image">
                        <top>16</top>
                        <left>16</left>
                        <!--<height>248</height>-->
						<height min="29" max="100">auto</height>
                        <width>165</width>
                        <texture background="true">$INFO[Player.Art(tvshow.poster)]</texture>
                        <aspectratio aligny="top" align="center">scale</aspectratio>
                        <visible>!IsEmpty(Player.Art(tvshow.poster))</visible>
                    </control>
					
                    <control type="image">
                        <top>16</top>
                        <left>16</left>
                        <height>248</height>
                        <width>165</width>
                        <texture background="true">$INFO[Player.Art(poster)]</texture>
                        <aspectratio aligny="top" align="center">scale</aspectratio>
                        <visible>!IsEmpty(Player.Art(poster))</visible>
                    </control>

                </control>
				
                <control type="image">
                    <top>16</top>
                    <left>16</left>
                    <height>248</height>
                    <width>248</width>
                    <texture background="true" fallback="special://skin/extras/icons/film.png">$INFO[Player.Art(thumb)]</texture>
                    <aspectratio aligny="center" align="center">keep</aspectratio>
                    <visible>VideoPlayer.Content(livetv) | [IsEmpty(Player.Art(poster)) + IsEmpty(Player.Art(tvshow.poster))]</visible>
                </control>
                
                <control type="grouplist">
                    <visible>!VideoPlayer.Content(livetv) + [!IsEmpty(Player.Art(poster)) | !IsEmpty(Player.Art(tvshow.poster))]</visible>
                    <orientation>vertical</orientation>
                    <usecontrolcoords>true</usecontrolcoords>
                    <itemgap>10</itemgap>
                    <top>16</top>
                    <left>204</left>
                    <include>DefOSDInfoContent</include>
                </control>
                <control type="grouplist">
                    <visible>VideoPlayer.Content(livetv) | [IsEmpty(Player.Art(poster)) + IsEmpty(Player.Art(tvshow.poster))]</visible>
                    <orientation>vertical</orientation>
                    <usecontrolcoords>true</usecontrolcoords>
                    <itemgap>10</itemgap>
                    <top>16</top>
                    <left>287</left>
                    <include>DefOSDInfoContent</include>
                </control>
            </control>
            
            <control type="group" description="InfoBottomMusic">
                <visible>!Skin.HasSetting(osd.useclassicinfo)</visible>
                <include>Animation.DelayFadeIn</include>
                <visible>Window.IsVisible(visualisation) + [[[Window.IsVisible(musicosd) | Player.ShowInfo] + Skin.HasSetting(Vis.ExtraInfo)] | Window.IsVisible(script-cu-lrclyrics-main.xml)]</visible>
                <control type="image">
                    <top>16</top>
                    <left>16</left>
                    <height>248</height>
                    <width>248</width>
                    <texture background="true" fallback="special://skin/extras/icons/film.png">$INFO[Player.Art(thumb)]</texture>
                    <aspectratio aligny="center" align="center">scale</aspectratio>
                    <visible>VideoPlayer.Content(livetv) | [IsEmpty(Player.Art(poster)) + IsEmpty(Player.Art(tvshow.poster))]</visible>
                </control>
                <control type="grouplist">
                    <orientation>vertical</orientation>
                    <usecontrolcoords>true</usecontrolcoords>
                    <itemgap>10</itemgap>
                    <top>16</top>
                    <left>287</left>
                    <include>DefOSDInfoContentMusic</include>
                </control>
            </control>
            <control type="slider" id="401">
                <description>Slider Bar</description>
                <posy>-16</posy>
                <width>1920</width>
                <height>16</height>
                <visible>true</visible>
                <animation effect="fade" end="0" condition="true">Conditional</animation>
            </control>
            <control type="progress">
                <description>Progress Bar</description>
                <posy>-16</posy>
                <width>1920</width>
                <height>16</height>
                <info>Player.ProgressCache</info>
                <texturebg colordiffuse="setosd">osd/progress-bg.png</texturebg>
                <lefttexture colordiffuse="setosd">osd/progress-end.png</lefttexture>
                <midtexture colordiffuse="setosd2">osd/progress-end.png</midtexture>
                <righttexture colordiffuse="setosd">osd/progress-end.png</righttexture>
                <visible>true</visible>
                <animation effect="fade" end="50" condition="true">Conditional</animation>
            </control>
            <control type="progress" id="23">
                <description>Progress Bar</description>
                <posy>-16</posy>
                <width>1920</width>
                <height>16</height>
                <info>Player.Progress</info>
                 <texturebg colordiffuse="Panel-OSD">osd/progress-bg.png</texturebg>
				<visible>true</visible>
                <animation effect="fade" end="50" condition="true">Conditional</animation>
            </control>
            
            <control type="image">
                <posx>500r</posx>
                <posy>-297</posy>
                <width>500</width>
                <height>281</height>
                <texture>$VAR[OSDImage]</texture>
                <aspectratio align="right" aligny="bottom">keep</aspectratio>
                <include>Animation.FadeIn</include>
                <include>Animation.FadeOut</include>
                <visible>!Skin.HasSetting(hide.clearartosd)</visible>
                <visible>!Window.IsVisible(DialogSubtitles.xml) + !Window.IsVisible(VideoOSDBookmarks.xml) + !Window.IsVisible(VideoOSDSettings.xml) + !VideoPlayer.Content(livetv) + IsEmpty(Window(seekbar).Property(fullscreeninfo))</visible>
            </control>
        </control>
        
        
        
        <control type="image">
            <aspectratio>center</aspectratio>
            <include>Dimensions_Fullscreen</include>
            <texture>$VAR[PlayerBigIcon]</texture>
            <visible>[!IsEmpty(Window(seekbar).Property(fullscreeninfo)) + [Window.IsActive(videoosd) | Window.IsActive(DialogFullScreenInfo.xml)]]</visible>
            <visible>Player.Seeking | Player.DisplayAfterSeek | Player.Paused</visible>
            <animation effect="fade" start="100" end="20" condition="true">Conditional</animation>
            <include>Animation.FadeIn</include>
            <include>Animation.FadeOut</include>
        </control>
        
        <control type="group">
            <visible>!Window.IsVisible(DialogSlider.xml) + !Window.IsVisible(DialogPVRChannelsOSD.xml) + !Window.IsVisible(DialogPVRGuideOSD.xml) + [Player.Seeking | Player.DisplayAfterSeek | Player.Paused | Player.Forwarding | Player.Rewinding | Window.IsActive(videoosd) | Window.IsActive(musicosd) | Player.ShowInfo | Window.IsActive(DialogFullScreenInfo.xml)] | Window.IsActive(DialogPVRGuideInfo.xml)</visible>
            <animation type="Visible">
                <effect type="slide" start="0,-24" end="0" time="200"/>
                <effect type="fade" start="0" end="100" time="200"/>
            </animation>
            <animation effect="fade" start="100" end="0" time="200">Hidden</animation>
            <include>GlobalTopBar</include>
        </control>
        
							<!-- Volume Bar 
					<control type="group">
						<posx>1570</posx>
						<posy>195</posy>
						<control type="label">
							<description>Volume Label</description>
							<posx>310</posx>
							<posy>0</posy>
							<width>188</width>
							<height>38</height>
							<label>$INFO[Control.GetLabel(10001)]</label>
							<font>font-16</font>
							<textcolor>grey_a</textcolor>
							<align>right</align>
							<aligny>center</aligny>
						</control>
						<control type="image">
							<posx>0</posx>
							<posy>0</posy>
							<width>40</width>
							<height>40</height>
							<texture>osd/mute.png</texture>
							<visible>!IntegerGreaterThan(player.volume,1)</visible>
						</control>
						<control type="image">
							<posx>0</posx>
							<posy>0</posy>
							<width>40</width>
							<height>40</height>
							<texture>osd/volume0.png</texture>
							<visible>IntegerGreaterThan(player.volume,1) + !IntegerGreaterThan(player.volume,20)</visible>
						</control>
						<control type="image">
							<posx>0</posx>
							<posy>0</posy>
							<width>40</width>
							<height>40</height>
							<texture>osd/volume1.png</texture>
							<visible>IntegerGreaterThan(player.volume,20) + !IntegerGreaterThan(player.volume,50)</visible>
						</control>
						<control type="image">
							<posx>0</posx>
							<posy>0</posy>
							<width>40</width>
							<height>40</height>
							<texture>osd/volume2.png</texture>
							<visible>IntegerGreaterThan(player.volume,50) + !IntegerGreaterThan(player.volume,95)</visible>
						</control>
						<control type="image">
							<posx>0</posx>
							<posy>0</posy>
							<width>500</width>
							<height>500</height>
							<texture>osd/volume3.png</texture>
							<visible>IntegerGreaterThan(player.volume,95)</visible>
						</control>

						<control type="progress" id="10001">
							<description>Progressbar for volume</description>
							<posx>50</posx>
							<posy>0</posy>
							<width>210</width>
							<height>38</height>
							<texturebg colordiffuse="grey_a" border="1,1,1,1">osd/2.png</texturebg>
							<midtexture colordiffuse="$VAR[main_color]" border="1,0,1,0">osd/5.png</midtexture>
							<lefttexture>-</lefttexture>
							<righttexture>-</righttexture>
							<info>Player.Volume</info>
						</control>

						<control type="slider" id="889">
							<description>Volume Slider</description>
							<posx>50</posx>
							<posy>0</posy>
							<width>220</width>
							<height>38</height>
							<action>volume</action>
							<texturesliderbar border="1,0,1,0">osd/4.png</texturesliderbar>
							<textureslidernib>osd/3.png</textureslidernib>
							<textureslidernibfocus>osd/3.png</textureslidernibfocus>
						</control>
					</control>-->
        
    </controls>

</window>