<?xml version="1.0" encoding="UTF-8"?>
<!-- Foundation -->
<window>
    <defaultcontrol always="true">11</defaultcontrol>
    
    <controls>
    
        <control type="group">
            <visible>!Window.IsActive(DialogPVRGuideInfo.xml)</visible>
            <include>Animation.SlideOpen.Right</include>
            <control type="image">
                <posx>-1</posx>
                <posy>-1</posy>
                <width>668</width>
                <height>1082</height>
                <texture colordiffuse="PanelBG" border="5">common/white.png</texture>
                <bordertexture colordiffuse="PosterBorder" border="5">common/border-inner.png</bordertexture>
                <bordersize>1</bordersize>
                <animation effect="fade" start="100" end="90" condition="true">Conditional</animation>
            </control>
            <control type="image">
                <posx>562</posx>
                <posy>28</posy>  
                <width>64</width>
                <height>64</height>
                <texture>$INFO[VideoPlayer.Thumb]</texture>
            </control>
            <control type="label">
                <posx>33</posx>
                <posy>10</posy>
                <width>400</width>
                <align>left</align>
                <textcolor>PanelFG</textcolor>
                <font>Font-SettingsCategory</font>
                <label>$INFO[VideoPlayer.ChannelName]</label>
            </control>
            <control type="label">
                <posx>33</posx>
                <posy>43</posy>
                <width>400</width>
                <align>left</align>
                <textcolor>PanelFG</textcolor>
                <font>Font-ListInfo</font>
                <label>$INFO[Container(11).ListItem.StartDate]</label>
            </control>

            <control type="list" id="11">
                <posx>0</posx>
                <posy>120</posy>
                <height>980</height>
                <width>667</width>
                <orientation>vertical</orientation>
                <itemlayout height="120" width="667">
                    <control type="image">
                        <width>667</width>
                        <height>109</height>
                        <texture>common/selected.png</texture>
                        <aspectratio aligny="top">center</aspectratio>
                        <animation effect="fade" start="100" end="10" condition="true">Conditional</animation>
                        <visible>ListItem.IsPlaying</visible>
                        <colordiffuse>PanelFG</colordiffuse>
                    </control>
                    <control type="label">
                        <left>33</left>
                        <right>22</right>
                        <posy>5</posy>
                        <align>left</align>
                        <textcolor>PanelFG-NF</textcolor>
                        <selectedcolor>PanelFG-NF</selectedcolor>
                        <font>Font-SettingsCategory</font>
                        <label>$INFO[ListItem.Title]</label>
                    </control>
                    <control type="label">
                        <posy>40</posy>
                        <left>33</left>
                        <right>22</right>
                        <align>left</align>
                        <font>Font-ListInfo</font>
                        <textcolor>PanelFG-NF</textcolor>
                        <selectedcolor>PanelFG-NF</selectedcolor>
                        <label>$INFO[ListItem.StartTime,,   ]</label>
                    </control>
                    <control type="image">
                        <centertop>54</centertop>
                        <centerright>64</centerright>
                        <width>128</width>
                        <height>128</height>
                        <texture>special://skin/extras/icons/timer.png</texture>
                        <colordiffuse>Selected</colordiffuse>
                        <visible>ListItem.HasTimer | ListItem.IsRecording</visible>
                        <aspectratio aligny="center" align="center">keep</aspectratio>
                    </control>
                </itemlayout>
                <focusedlayout height="120" width="667">
                    <control type="image">
                        <width>667</width>
                        <height>109</height>
                        <texture colordiffuse="PosterHighlight" border="5">common/border-inner.png</texture>
                    </control>
                    <control type="image">
                        <width>667</width>
                        <height>109</height>
                        <texture>common/selected.png</texture>
                        <aspectratio aligny="top">center</aspectratio>
                        <animation effect="fade" start="100" end="10" condition="true">Conditional</animation>
                        <visible>ListItem.IsPlaying</visible>
                    </control>
                    <control type="image">
                        <centertop>54</centertop>
                        <centerright>64</centerright>
                        <width>128</width>
                        <height>128</height>
                        <texture>special://skin/extras/icons/timer.png</texture>
                        <colordiffuse>Selected</colordiffuse>
                        <visible>ListItem.HasTimer | ListItem.IsRecording</visible>
                        <aspectratio aligny="center" align="center">keep</aspectratio>
                    </control>
                    <control type="label">
                        <left>33</left>
                        <right>22</right>
                        <posy>5</posy>
                        <align>left</align>
                        <textcolor>Selected</textcolor>
                        <selectedcolor>Selected</selectedcolor>
                        <font>Font-SettingsCategory</font>
                        <label>$INFO[ListItem.Title]</label>
                    </control>
                    <control type="label">
                        <posy>40</posy>
                        <left>33</left>
                        <right>22</right>
                        <align>left</align>
                        <font>Font-ListInfo</font>
                        <textcolor>Selected</textcolor>
                        <selectedcolor>Selected</selectedcolor>
                        <label>$INFO[ListItem.StartTime,,   ]</label>
                    </control>
                </focusedlayout>
            
            </control>
        </control>
    </controls>

</window>
