<?xml version="1.0" encoding="UTF-8"?>
<includes>
  <variable name="Image_Poster">
        <value condition="!IsEmpty(Window.Property(actor.thumb))">$INFO[Window.Property(actor.thumb)]</value>
        <value condition="!IsEmpty(Window.Property(movie.thumb))">$INFO[Window.Property(movie.thumb)]</value>
        <value condition="Window.IsVisible(DialogVideoInfo.xml) + !IsEmpty(Window.Property(list))">$INFO[Container(9500).ListItem.Icon]</value>
        <value condition="Window.IsVisible(DialogVideoInfo.xml) + StringCompare(Control.GetLabel(5),$LOCALIZE[207])">$INFO[Container(50).ListItem.Icon]</value>
        <value condition="Container.Content(genres) + Window.IsVisible(MyVideoNav.xml) + !IsEmpty(Skin.String(genre.icons.path))">$INFO[Skin.String(genre.icons.path)]$INFO[ListItem.Label,,.jpg]</value>
        <value condition="!IsEmpty(ListItem.Art(poster))">$INFO[ListItem.Art(poster)]</value>
        <value condition="!IsEmpty(ListItem.Art(tvshow.poster))">$INFO[ListItem.Art(tvshow.poster)]</value>
        <value>$INFO[ListItem.Icon]</value>
    </variable>

    <variable name="Image_Thumb">
        <value condition="Container.Content(episodes) | Window.IsVisible(MyPics.xml)">$INFO[ListItem.Art(thumb)]</value>
        <value condition="!IsEmpty(ListItem.Art(fanart))">$INFO[ListItem.Art(fanart)]</value>
        <value>$INFO[ListItem.Icon]</value>
    </variable>

    <variable name="Image_PVRThumb">
        <value condition="!IsEmpty(Window(Home).Property(SkinHelper.PVR.FanArt))">$INFO[Window(Home).Property(SkinHelper.PVR.FanArt)]</value>
        <value>special://skin/extras/backgrounds/home.jpg</value>
    </variable>



    <variable name="Image_Fanart">
        <value condition="!IsEmpty(ListItem.Art(fanart))">$INFO[ListItem.Art(fanart)]</value>
    </variable>

    <variable name="Image_Banner">
        <value condition="!IsEmpty(ListItem.Art(banner))">$INFO[ListItem.Art(banner)]</value>
        <value condition="!IsEmpty(ListItem.Art(tvshow.banner))">$INFO[ListItem.Art(tvshow.banner)]</value>
        <value>$VAR[Image_Fanart]</value>
    </variable>


    <variable name="Image_RSS_Icon">
        <value condition="Player.HasMedia + Player.Paused">common/pause.png</value>
        <value condition="Player.HasMedia + !Player.Paused">common/play.png</value>
        <value condition="!Player.HasMedia + Window.IsVisible(SettingsCategory.xml)">common/rss.png</value>
    </variable>

    <variable name="Image_Background">
        <value condition="Window.IsVisible(script-ExtendedInfo Script-VideoList.xml)">$INFO[Container(500).ListItem.Property(Fanart_small)]</value>
        <value condition="Window.IsVisible(script-ExtendedInfo Script-DialogVideoInfo.xml) + !IsEmpty(Window(home).Property(ExtendedInfo_fanart))">$INFO[Window(home).Property(ExtendedInfo_fanart)]</value>
        <value condition="Window.IsVisible(script-ExtendedInfo Script-DialogVideoInfo.xml) | Window.IsVisible(script-ExtendedInfo Script-DialogInfo.xml)">special://skin/extras/backgrounds/actor.jpg</value>
        <value condition="Window.IsVisible(weather) + !IsEmpty(Skin.String(weather.fanart.path))">$INFO[Skin.String(weather.fanart.path)]$INFO[Window(Weather).Property(Current.FanartCode)]/</value>
        <value condition="Window.IsVisible(home) + [StringCompare(Container(9000).ListItem.Property(widget),Weather) | [IsEmpty(Container(9000).ListItem.Property(widget)) + StringCompare(Skin.String(home.fallbackwidget),Weather)]] + !IsEmpty(Skin.String(weather.fanart.path))">$INFO[Container(9001).ListItem.FileNameAndPath]</value>
        <value condition="Window.IsVisible(home) + StringCompare(Container(9000).ListItem.Property(widgetType),picture) + !IsEmpty(Container(9001).ListItem.Icon)">$INFO[Container(9001).ListItem.Icon]</value>
        <value condition="Window.IsVisible(home) + !IsEmpty(Container(9001).ListItem.Art(fanart))">$INFO[Container(9001).ListItem.Art(fanart)]</value>
        <value condition="Window.IsVisible(home) + StringCompare(Container(9000).ListItem.Property(background),playlistBackground)">$INFO[Container(9988).ListItem.Art(fanart)]</value>
        <value condition="Window.IsVisible(home) + !IsEmpty(Container(9000).ListItem.Property(Background))">$INFO[Container(9000).ListItem.Property(Background)]</value>
        <value condition="Window.IsVisible(home) + IsEmpty(Skin.String(background.fallback))">special://skin/extras/backgrounds/home.jpg</value>
        <value condition="Window.IsVisible(home) + !IsEmpty(Skin.String(background.fallback))">$INFO[Skin.String(background.fallback)]</value>
        <value condition="Skin.HasSetting(background.hidefanart) + IsEmpty(Skin.String(background.fallback))">common/black.png</value>
        <value condition="Skin.HasSetting(background.hidefanart) + !IsEmpty(Skin.String(background.fallback))">$INFO[Skin.String(background.fallback)]</value>
        <value condition="!IsEmpty(Container(9500).ListItem.Art(fanart)) + !Skin.HasSetting(global.fanart)">$INFO[Container(9500).ListItem.Art(fanart)]</value>
        <value condition="!IsEmpty(ListItem.Art(fanart)) + !Skin.HasSetting(global.fanart)">$INFO[ListItem.Art(fanart)]</value>
        <value condition="!IsEmpty(Skin.String(background.fallback))">$INFO[Skin.String(background.fallback)]</value>
        <value>common/black.png</value>
    </variable>

    <variable name="Image_Indicator">
        <value condition="ListItem.IsPlaying">indicator/play.png</value>
        <value condition="ListItem.IsResumable">indicator/inprogress.png</value>
        <value condition="stringcompare(ListItem.Overlay,OverlayWatched.png)">indicator/checkmark.png</value>
        <value condition="[SubString(ListItem.Overlay,OverlayUnwatched.png) + [[Container.Content(movies) + [StringCompare(Window(Home).Property(LatestMovie.1.Title),ListItem.Label) | StringCompare(Window(Home).Property(LatestMovie.2.Title),ListItem.Label) | StringCompare(Window(Home).Property(LatestMovie.3.Title),ListItem.Label) | StringCompare(Window(Home).Property(LatestMovie.4.Title),ListItem.Label) | StringCompare(Window(Home).Property(LatestMovie.5.Title),ListItem.Label) | StringCompare(Window(Home).Property(LatestMovie.6.Title),ListItem.Label) | StringCompare(Window(Home).Property(LatestMovie.7.Title),ListItem.Label) | StringCompare(Window(Home).Property(LatestMovie.8.Title),ListItem.Label) | StringCompare(Window(Home).Property(LatestMovie.9.Title),ListItem.Label) | StringCompare(Window(Home).Property(LatestMovie.10.Title),ListItem.Label)]] | [[Container.Content(tvshows)] + [StringCompare(Window(Home).Property(LatestEpisode.1.ShowTitle),ListItem.TvShowTitle) | StringCompare(Window(Home).Property(LatestEpisode.2.ShowTitle),ListItem.TvShowTitle) | StringCompare(Window(Home).Property(LatestEpisode.3.ShowTitle),ListItem.TvShowTitle) | StringCompare(Window(Home).Property(LatestEpisode.4.ShowTitle),ListItem.TvShowTitle) | StringCompare(Window(Home).Property(LatestEpisode.5.ShowTitle),ListItem.TvShowTitle) | StringCompare(Window(Home).Property(LatestEpisode.6.ShowTitle),ListItem.TvShowTitle) | StringCompare(Window(Home).Property(LatestEpisode.7.ShowTitle),ListItem.TvShowTitle) | StringCompare(Window(Home).Property(LatestEpisode.8.ShowTitle),ListItem.TvShowTitle) | StringCompare(Window(Home).Property(LatestEpisode.9.ShowTitle),ListItem.TvShowTitle) | StringCompare(Window(Home).Property(LatestEpisode.10.ShowTitle),ListItem.TvShowTitle)]] | [Container.Content(episodes) + [StringCompare(Window(Home).Property(LatestEpisode.1.EpisodeTitle),ListItem.Title) | StringCompare(Window(Home).Property(LatestEpisode.2.EpisodeTitle),ListItem.Title) | StringCompare(Window(Home).Property(LatestEpisode.3.EpisodeTitle),ListItem.Title) | StringCompare(Window(Home).Property(LatestEpisode.4.EpisodeTitle),ListItem.Title) | StringCompare(Window(Home).Property(LatestEpisode.5.EpisodeTitle),ListItem.Title) | StringCompare(Window(Home).Property(LatestEpisode.6.EpisodeTitle),ListItem.Title) | StringCompare(Window(Home).Property(LatestEpisode.7.EpisodeTitle),ListItem.Title) | StringCompare(Window(Home).Property(LatestEpisode.8.EpisodeTitle),ListItem.Title) | StringCompare(Window(Home).Property(LatestEpisode.9.EpisodeTitle),ListItem.Title) | StringCompare(Window(Home).Property(LatestEpisode.10.EpisodeTitle),ListItem.Title)]]]]">indicator/new.png</value>
        <value condition="stringcompare(ListItem.Overlay,OverlayUnwatched.png)">indicator/unwatched.png</value>
    </variable>

    <variable name="PVRIcon">
        <value condition="!IsEmpty(ListItem.Thumb)">$INFO[ListItem.Thumb]</value>
        <value condition="!IsEmpty(ListItem.Icon)">$INFO[ListItem.Icon]</value>
    </variable>
    <variable name="OSDImage">
		<value condition="Container.Content(episodes) + [!Skin.HasSetting(osd.hidespoilers) | [Skin.HasSetting(osd.hidespoilers) + stringcompare(ListItem.Overlay,OverlayWatched.png)]]">$INFO[ListItem.Icon]</value>
		<value condition="Skin.HasSetting(osd.hidespoilers) + Container.Content(episodes) + [stringcompare(ListItem.Overlay,OverlayUnWatched.png) | ListItem.IsResumable]">$INFO[ListItem.Art(tvshow.landscape)]</value>
		<value condition="Skin.HasSetting(osd.hidespoilers) + Container.Content(episodes) + ![stringcompare(ListItem.Overlay,OverlayUnWatched.png) + ListItem.IsResumable]">$INFO[ListItem.Icon]</value>
		<value condition="!IsEmpty(Player.Art(clearart))">$INFO[Player.Art(clearart)]</value>
        <value condition="!IsEmpty(Player.Art(tvshow.clearart))">$INFO[Player.Art(tvshow.clearart)]</value>
        <value condition="!IsEmpty(Player.Art(clearlogo))">$INFO[Player.Art(clearlogo)]</value>
        <value condition="!IsEmpty(Player.Art(tvshow.clearlogo))">$INFO[Player.Art(tvshow.clearlogo)]</value>
    </variable>
    <variable name="PosterImage">
        <value condition="stringcompare(ListItem.Label,$LOCALIZE[21452])">DefaultAddSource.png</value>
        <value condition="!IsEmpty(ListItem.Art(poster))">$INFO[ListItem.Art(poster)]</value>
        <value condition="!IsEmpty(ListItem.Art(season.poster))">$INFO[ListItem.Art(season.poster)]</value>
        <value condition="!IsEmpty(ListItem.Art(tvshow.poster)) + [Control.IsVisible(57) | Control.IsVisible(59)]">$INFO[ListItem.Art(tvshow.poster)]</value>
        <value>$INFO[ListItem.Icon]</value>
    </variable>
    <variable name="FanartImage">
        <value condition="stringcompare(ListItem.Label,$LOCALIZE[21452])">DefaultAddSource.png</value>
        <value condition="!IsEmpty(ListItem.Thumb) + [Container.Content(episodes) | Container.Content(Albums) | Container.Content(Songs) | [Window.IsVisible(3101) + stringcompare(Window(3101).Property(widget),episodes)]]">$INFO[ListItem.Thumb]</value>
        <value condition="!IsEmpty(ListItem.Art(fanart))">$INFO[ListItem.Art(fanart)]</value>
        <value condition="!IsEmpty(ListItem.Thumb)">$INFO[ListItem.Thumb]</value>
        <value>$INFO[ListItem.Icon]</value>
    </variable>
    <variable name="BannerImage">
        <value condition="!IsEmpty(ListItem.Art(banner))">$INFO[ListItem.Art(banner)]</value>
        <value condition="!IsEmpty(ListItem.Art(tvshow.banner))">$INFO[ListItem.Art(tvshow.banner)]</value>
        <value>$VAR[FanartImage]</value>
    </variable>

    <variable name="SquareImage">
        <value condition="stringcompare(ListItem.Label,$LOCALIZE[21452])">DefaultAddSource.png</value>
        <value condition="!IsEmpty(ListItem.Thumb) + ![Container.Content(movies) | Container.Content(seasons) | Container.Content(sets) | Container.Content(tvshows)]">$INFO[ListItem.Thumb]</value>
        <value>$VAR[FanartImage]</value>
    </variable>
    
    <variable name="WidgetFanart">
		<value condition="Window.isVisible(3060)">special://skin/extras/sport/</value>
		<value condition="Window.isVisible(3205)">special://skin/extras/kids/background.jpg</value>
		<value condition="Window.isVisible(3206)">special://skin/extras/music/background.jpg</value>
		<value condition="!IsEmpty(ListItem.Art(fanart))">$INFO[ListItem.Art(fanart)]</value>
        <value condition="!IsEmpty(ListItem.Icon)">$INFO[ListItem.Icon]</value>
        <value>$INFO[ListItem.Thumb]</value>
    </variable>

    
    <variable name="PlayerBigIcon">
        <value condition="Player.Rewinding">common/bigrw.png</value>
        <value condition="Player.Forwarding">common/bigff.png</value>
	</variable>
    
    <variable name="WatchedImage-List">
        <value condition="ListItem.IsPlaying">overlay/OverlayPlaying-List.png</value>
        <value condition="stringcompare(ListItem.Overlay,OverlayWatched.png)">overlay/OverlayWatched-List.png</value>
        <value condition="[stringcompare(ListItem.Overlay,OverlayUnwatched.png) | Container.Content(songs)] + !Control.IsVisible(51) + !Control.IsVisible(52) + !Control.IsVisible(54)">overlay/OverlayEmpty-List.png</value>
    </variable>
    
    <variable name="WatchedImage-Poster">
        <value condition="ListItem.IsPlaying">overlay/OverlayPlaying.png</value>
        <value condition="stringcompare(ListItem.Overlay,OverlayWatched.png)">overlay/OverlayWatched.png</value>
        <value condition="stringcompare(ListItem.Overlay,OverlayUnwatched.png) + Window.IsVisible(MyPVR.xml)">noop</value>
        <value condition="[stringcompare(ListItem.Overlay,OverlayUnwatched.png) | Container.Content(songs)] + !Control.IsVisible(51) + !Control.IsVisible(52) + !Control.IsVisible(54)">overlay/OverlayEmpty.png</value>
    </variable>
    
    <include name="WatchedImage">
        <control type="image">
            <posx>10</posx>
            <posy>10</posy>
            <height>32</height>
            <width>32</width>
            <colordiffuse>DFffffff</colordiffuse>
            <texture background="true" colordiffuse="PanelFG-NF">$VAR[WatchedImage-Poster]</texture>
            <aspectratio aligny="top">keep</aspectratio>
            <visible>Container.Content(songs) | ListItem.IsPlaying | IntegerGreaterThan(ListItem.PercentPlayed,99) | !IntegerGreaterThan(ListItem.PercentPlayed,1)</visible>
        </control>
        <control type="image">
            <width>54</width>
            <height>54</height>
            <aspectratio aligny="top">keep</aspectratio>
            <texture colordiffuse="PanelFG" diffuse="common/circle/mask.png">$INFO[ListItem.PercentPlayed,common/circle/,.png]</texture>
            <visible>!ListItem.IsPlaying + !IntegerGreaterThan(ListItem.PercentPlayed,99) + IntegerGreaterThan(ListItem.PercentPlayed,1)</visible>
        </control>
    </include>
    
    <include name="WatchedImageList">
        <control type="image">
            <posx>10</posx>
            <posy>10</posy>
            <height>32</height>
            <width>32</width>
            <colordiffuse>DFffffff</colordiffuse>
            <texture background="true" colordiffuse="PanelFG-NF">$VAR[WatchedImage-List]</texture>
            <aspectratio aligny="top">keep</aspectratio>
            <visible>Container.Content(songs) | ListItem.IsPlaying | IntegerGreaterThan(ListItem.PercentPlayed,99) | !IntegerGreaterThan(ListItem.PercentPlayed,1)</visible>
        </control>
       <control type="image">
            <width>54</width>
            <height>54</height>
            <aspectratio aligny="top">keep</aspectratio>
            <texture colordiffuse="PanelFG" diffuse="common/circle/mask.png">$INFO[ListItem.PercentPlayed,common/circle/,.png]</texture>
            <visible>!ListItem.IsPlaying + !IntegerGreaterThan(ListItem.PercentPlayed,99) + IntegerGreaterThan(ListItem.PercentPlayed,1)</visible>
        </control>
    </include>
    
	    <include name="WatchedImageList2">
        <control type="image">
            <posx>10</posx>
            <posy>10</posy>
            <height>32</height>
            <width>32</width>
            <colordiffuse>DFffffff</colordiffuse>
            <texture background="true" colordiffuse="PanelFG-NF">$VAR[WatchedImage-List]</texture>
            <aspectratio aligny="top">keep</aspectratio>
            <visible>Container.Content(songs) | ListItem.IsPlaying | IntegerGreaterThan(ListItem.PercentPlayed,99) | !IntegerGreaterThan(ListItem.PercentPlayed,1)</visible>
        </control>
					<control type="label">
						<posx>-20</posx>
						<posy>14</posy>
						<width>100</width>
						<height>20</height>
						<font>Font-ListInfo-list</font>
						<textcolor>white</textcolor>
						<align>center</align>
						<aligny>center</aligny>
						<label>$INFO[ListItem.PercentPlayed]%</label>
						<visible>!StringCompare(ListItem.Overlay,overlaywatched.png) + IntegerGreaterThan(ListItem.PercentPlayed,0) + !IntegerGreaterThan(ListItem.PercentPlayed,99)</visible>
					</control>
    </include>
    
    
    <variable name="SunsetTimerImage">
        <value condition="System.Time(00:00,01:00)">special://skin/extras/sunset/01.png</value>
        <value condition="System.Time(01:00,02:00)">special://skin/extras/sunset/02.png</value>
        <value condition="System.Time(02:00,03:00)">special://skin/extras/sunset/03.png</value>
        <value condition="System.Time(03:00,04:00)">special://skin/extras/sunset/04.png</value>
        <value condition="System.Time(04:00,05:00)">special://skin/extras/sunset/05.png</value>
        <value condition="System.Time(05:00,06:00)">special://skin/extras/sunset/06.png</value>
        <value condition="System.Time(06:00,07:00)">special://skin/extras/sunset/07.png</value>
        <value condition="System.Time(07:00,08:00)">special://skin/extras/sunset/08.png</value>
        <value condition="System.Time(08:00,09:00)">special://skin/extras/sunset/09.png</value>
        <value condition="System.Time(09:00,10:00)">special://skin/extras/sunset/10.png</value>
        <value condition="System.Time(10:00,11:00)">special://skin/extras/sunset/11.png</value>
        <value condition="System.Time(11:00,12:00)">special://skin/extras/sunset/12.png</value>
        <value condition="System.Time(12:00,13:00)">special://skin/extras/sunset/13.png</value>
        <value condition="System.Time(13:00,14:00)">special://skin/extras/sunset/14.png</value>
        <value condition="System.Time(14:00,15:00)">special://skin/extras/sunset/15.png</value>
        <value condition="System.Time(15:00,16:00)">special://skin/extras/sunset/16.png</value>
        <value condition="System.Time(16:00,17:00)">special://skin/extras/sunset/17.png</value>
        <value condition="System.Time(17:00,18:00)">special://skin/extras/sunset/18.png</value>
        <value condition="System.Time(18:00,19:00)">special://skin/extras/sunset/19.png</value>
        <value condition="System.Time(19:00,20:00)">special://skin/extras/sunset/20.png</value>
        <value condition="System.Time(20:00,21:00)">special://skin/extras/sunset/21.png</value>
        <value condition="System.Time(21:00,22:00)">special://skin/extras/sunset/22.png</value>
        <value condition="System.Time(22:00,23:00)">special://skin/extras/sunset/23.png</value>
        <value>special://skin/extras/sunset/24.png</value>
    </variable>
    
    <variable name="3DDVDFLAG">
        <value condition="ListItem.IsStereoscopic">flags/3D.png</value>
        <value condition="[substring(ListItem.FilenameAndPath,bluray) | substring(ListItem.FilenameAndPath,bdrip) | substring(ListItem.FilenameAndPath,bd25) | substring(ListItem.FilenameAndPath,bd50)]">flags/bluray.png</value>
        <value condition="substring(ListItem.FilenameAndPath,dvd)">flags/dvd.png</value>
    </variable>
    <variable name="Flagstar1">
        <value condition="IntegerGreaterThan(ListItem.Rating,1)">star10</value>
        <value condition="IntegerGreaterThan(ListItem.Rating,0)">star5</value>
        <value>star0</value>
    </variable>
    <variable name="Flagstar2">
        <value condition="IntegerGreaterThan(ListItem.Rating,3)">star10</value>
        <value condition="IntegerGreaterThan(ListItem.Rating,2)">star5</value>
        <value>star0</value>
    </variable>
    <variable name="Flagstar3">
        <value condition="IntegerGreaterThan(ListItem.Rating,5)">star10</value>
        <value condition="IntegerGreaterThan(ListItem.Rating,4)">star5</value>
        <value>star0</value>
    </variable>
    <variable name="Flagstar4">
        <value condition="IntegerGreaterThan(ListItem.Rating,7)">star10</value>
        <value condition="IntegerGreaterThan(ListItem.Rating,6)">star5</value>
        <value>star0</value>
    </variable>
    <variable name="Flagstar5">
        <value condition="IntegerGreaterThan(ListItem.Rating,9)">star10</value>
        <value condition="IntegerGreaterThan(ListItem.Rating,8)">star5</value>
        <value>star0</value>
    </variable>
    
</includes>
