<?xml version="1.0" encoding="UTF-8"?>
<includes>
	<variable name="main_color">
		<value condition="!IsEmpty(Skin.String(main_color))">$INFO[Skin.String(main_color)]</value>
		<value>FFE66A4F</value>
	</variable>

	
    <variable name="Label_ImageList">
        <value condition="!IsEmpty(ListItem.Property(job))">$INFO[ListItem.Property(job)]</value>
        <value condition="!IsEmpty(ListItem.Property(character))">$INFO[ListItem.Property(character)]</value>
        <value>$INFO[ListItem.Property(Addon.Summary)]</value>
    </variable>

    <variable name="Label_SeekStep">
        <value condition="!IsEmpty(Player.SeekStepSize)">$INFO[Player.SeekStepSize]</value>
        <value condition="!IsEmpty(Player.SeekOffset)">$INFO[Player.SeekOffset]</value>
        <value>$INFO[Player.SeekTime]</value>
    </variable>

    <variable name="Label_OverlayPlot">
        <value condition="!IsEmpty(Window(home).Property(SkinHelper.MovieSet.ExtendedPlot)) + [Container.Content(Sets) | substring(ListItem.Path,videodb://movies/sets,left)]">$INFO[Window(home).Property(SkinHelper.MovieSet.ExtendedPlot)]</value>
        <value condition="!IsEmpty(Window(home).Property(Set.Movies.ExtendedPlot)) + [Container.Content(Sets) | substring(ListItem.Path,videodb://movies/sets,left)]">$INFO[Window(home).Property(Set.Movies.ExtendedPlot)]</value>
        <value condition="!IsEmpty(ListItem.Property(Artist_Description))">$INFO[ListItem.Property(Artist_Description)]</value>
        <value condition="!IsEmpty(ListItem.Property(Album_Description))">$INFO[ListItem.Property(Album_Description)]</value>
        <value condition="!IsEmpty(ListItem.Property(Addon.Description))">$INFO[ListItem.Property(Addon.Description)]</value>
        <value condition="Container.Content(songs)">$INFO[ListItem.Artist,[B],[/B][CR]]$INFO[ListItem.Album]$INFO[ListItem.Year,  (,)]</value>
        <value condition="Container.Content(episodes)">$INFO[ListItem.Title,[B],[/B][CR][CR],]$INFO[ListItem.Plot]</value>
        <value>$INFO[ListItem.Tagline,[B],[/B][CR][CR]]$INFO[ListItem.Plot]</value>
    </variable>

    <variable name="Label_OverlayTitle">
        <value condition="[Container.Content(episodes) | Container.Content(seasons)] + !IsEmpty(ListItem.TvShowTitle)">$INFO[ListItem.TvShowTitle]</value>
        <value>$INFO[ListItem.Label]</value>
    </variable>

    <variable name="Label_Plot">
        <value condition="ListItem.IsCollection">$INFO[Window(Home).Property(SkinHelper.MovieSet.Title)]</value>
        <value>$INFO[ListItem.Plot]</value>
    </variable>

    <variable name="Label_HeaderDirector">
        <value condition="VideoPlayer.Content(episodes)">$INFO[VideoPlayer.TvShowTitle]</value>
        <value condition="!VideoPlayer.Content(episodes)">$INFO[VideoPlayer.Director]</value>
    </variable>

    <variable name="Label_ExtraInfo">
        <value condition="!IsEmpty(ListItem.MPAA) + !IsEmpty(ListItem.Duration)">$INFO[ListItem.MPAA]$INFO[Window(Home).Property(SkinHelper.ListItemDuration)]</value>
        <value condition="!IsEmpty(ListItem.MPAA)">$INFO[ListItem.MPAA]</value>
        <value condition="!IsEmpty(ListItem.Duration)">$INFO[Window(Home).Property(SkinHelper.ListItemDuration)]</value>
    </variable>

    <variable name="Label_ExtraInfo_Icons">
        <value condition="!ListItem.IsCollection + Container.Content(movies)">$VAR[Label_ExtraInfo,,  •  ]$INFO[ListItem.Year,,  •  ]$INFO[ListItem.Rating]</value>
        <value condition="!ListItem.IsCollection + !Container.Content(movies)">$VAR[Label_ExtraInfo,,  •  ]$INFO[ListItem.Premiered,,  •  ]$INFO[ListItem.Rating]</value>
        <value condition="ListItem.IsCollection">$INFO[Window(Home).Property(SkinHelper.MovieSet.Count),, $LOCALIZE[20342]  •  ]$INFO[Window(Home).Property(SkinHelper.MovieSet.Year)]</value>
    </variable>

    <variable name="Label_ExtendedInfo_InfoLine">
        <value condition="StringCompare(Window.Property(content),150) + Window.IsVisible(script-ExtendedInfo Script-DialogInfo.xml)">$ADDON[script.extendedinfo 32010]</value>
        <value condition="StringCompare(Window.Property(content),150) + Window.IsVisible(script-ExtendedInfo Script-DialogVideoInfo.xml)">$LOCALIZE[31107]</value>
        <value condition="StringCompare(Window.Property(content),1000)">$LOCALIZE[206]</value>
        <value condition="StringCompare(Window.Property(content),250)">$ADDON[script.extendedinfo 32031]</value>
        <value condition="StringCompare(Window.Property(content),350)">$ADDON[script.extendedinfo 32118]</value>
        <value condition="StringCompare(Window.Property(content),850)">$LOCALIZE[135]</value>
        <value condition="StringCompare(Window.Property(content),950)">$ADDON[script.extendedinfo 32114]</value>
        <value condition="StringCompare(Window.Property(content),550) | StringCompare(Window.Property(content),750)">$ADDON[script.extendedinfo 32115]</value>
        <value>$LOCALIZE[19033]</value>
    </variable>

    <variable name="Label_Tagline">
        <value condition="Container.Content(episodes)">$INFO[ListItem.Season]$INFO[ListItem.Episode,x,. ]$INFO[ListItem.Title]$INFO[ListItem.Premiered,  [COLOR=LineLabel],[/COLOR]]</value>
        <value condition="!IsEmpty(ListItem.Tagline)">$INFO[ListItem.Tagline]</value>
        <value condition="IsEmpty(ListItem.Tagline)">$LOCALIZE[19033]</value>
    </variable>

    <variable name="Label_Label3">
        <!-- Songs -->
        <value condition="Container.Content(songs)">$INFO[ListItem.Label2]</value>

        <!-- Recently Added -->
        <value condition="!ListItem.IsCollection + substring(Container.FolderPath,recentlyadded)">$INFO[ListItem.DateAdded]</value>
        
        <!-- Last Played -->
        <value condition="!ListItem.IsCollection + stringcompare(Container.SortMethod,$LOCALIZE[568])">$INFO[ListItem.LastPlayed]</value>

        <!-- Episodes -->
        <value condition="Container.Content(episodes) + stringcompare(Container.SortMethod,$LOCALIZE[556])">$INFO[ListItem.Premiered]</value>
        <value condition="Container.Content(episodes) + stringcompare(Container.SortMethod,$LOCALIZE[551])">$INFO[ListItem.Premiered]</value>
        <value condition="Container.Content(episodes) + stringcompare(Container.SortMethod,$LOCALIZE[20359])">$INFO[ListItem.Premiered]</value>
        <value condition="Container.Content(episodes) + stringcompare(Container.SortMethod,$LOCALIZE[563])">$INFO[ListItem.Premiered]</value>

        <!-- Tv Shows -->
        <value condition="Container.Content(tvshows) + stringcompare(Container.SortMethod,$LOCALIZE[556])">$INFO[ListItem.Property(UnWatchedEpisodes),, [LOWERCASE]$LOCALIZE[16101][/LOWERCASE]]</value>
        
        <!-- Others -->
        <value condition="!Container.Content(movies) + !ListItem.IsCollection + stringcompare(Container.SortMethod,$LOCALIZE[556])">$INFO[ListItem.Year]</value>
        <value condition="!Container.Content(movies) + !ListItem.IsCollection + stringcompare(Container.SortMethod,$LOCALIZE[563])">$INFO[ListItem.Year]</value>

        <value condition="Container.Content(movies) + !ListItem.IsCollection + stringcompare(Container.SortMethod,$LOCALIZE[556])">$INFO[Window(Home).Property(SkinHelper.ListItemDuration),, $LOCALIZE[31117]]</value>
        <value condition="Container.Content(movies) + !ListItem.IsCollection + stringcompare(Container.SortMethod,$LOCALIZE[563])">$INFO[Window(Home).Property(SkinHelper.ListItemDuration),, $LOCALIZE[31117]]</value>
        <value condition="Container.Content(movies) + !ListItem.IsCollection + stringcompare(Container.SortMethod,$LOCALIZE[562])">$INFO[Window(Home).Property(SkinHelper.ListItemDuration),, $LOCALIZE[31117]]</value>
        
        <!-- Fallback -->
        <value condition="!ListItem.IsCollection">$INFO[ListItem.Label2]</value>
        
    </variable>

    <variable name="Label_AudioChannels">
        <value condition="stringcompare(ListItem.AudioChannels,8)">7.1</value>
        <value condition="stringcompare(ListItem.AudioChannels,6)">5.1</value>
        <value condition="stringcompare(ListItem.AudioChannels,5)">4.1</value>
        <value condition="stringcompare(ListItem.AudioChannels,4)">4.0</value>
        <value condition="stringcompare(ListItem.AudioChannels,3)">2.1</value>
        <value condition="stringcompare(ListItem.AudioChannels,2)">2.0</value>
        <value condition="stringcompare(ListItem.AudioChannels,1)">1.0</value>
    </variable>

    <variable name="Label_RSS">
        <value condition="Player.HasAudio">[COLOR=$VAR[HighlightColor2]]$INFO[MusicPlayer.Artist][/COLOR]  $INFO[MusicPlayer.Title]  •  $INFO[Player.Time] / $INFO[Player.Duration]</value>
        <value condition="Player.HasVideo + VideoPlayer.Content(movies)">[COLOR=$VAR[HighlightColor2]]$INFO[VideoPlayer.Director][/COLOR]  $INFO[VideoPlayer.Title]  •  $INFO[Player.Time] / $INFO[Player.Duration]</value>
        <value condition="Player.HasVideo + VideoPlayer.Content(episodes)">[COLOR=$VAR[HighlightColor2]]$INFO[VideoPlayer.TvShowTitle][/COLOR]  $INFO[VideoPlayer.Title]  •  $INFO[Player.Time] / $INFO[Player.Duration]</value>
        <value condition="Player.HasVideo + VideoPlayer.Content(LiveTV)">[COLOR=$VAR[HighlightColor2]]$INFO[VideoPlayer.ChannelName][/COLOR]  $INFO[VideoPlayer.Title]  •  $INFO[Player.Time] / $INFO[Player.Duration]</value>
    </variable>

    <variable name="Label_PlayerStatus">
        <value condition="Player.Caching">$LOCALIZE[439] $INFO[Player.CacheLevel,,%]</value>
        <value condition="Player.Paused">$LOCALIZE[112]</value>
        <value condition="Player.Forwarding32x">FF 32x</value>
        <value condition="Player.Forwarding16x">FF 16x</value>
        <value condition="Player.Forwarding8x">FF 8x</value>
        <value condition="Player.Forwarding4x">FF 4x</value>
        <value condition="Player.Forwarding2x">FF 2x</value>
        <value condition="Player.Forwarding">FF</value>
        <value condition="Player.Rewinding32x">RW 32x</value>
        <value condition="Player.Rewinding16x">RW 16x</value>
        <value condition="Player.Rewinding8x">RW 8x</value>
        <value condition="Player.Rewinding4x">RW 4x</value>
        <value condition="Player.Rewinding2x">RW 2x</value>
        <value condition="Player.Rewinding">RW</value>
        <value condition="Player.Seeking">$LOCALIZE[773]</value>
        <value>$LOCALIZE[31072]</value>
    </variable>

    <variable name="Label_HomeWidget">
        <value condition="StringCompare(Container(9000).ListItem.Property(widget),Weather) + !IsEmpty(Skin.String(weather.fanart.path))">$INFO[Weather.Location]</value>
        <value condition="StringCompare(Container(9000).ListItem.Property(widget),SimilarMovies)">$INFO[Container(9001).ListItem.Property(originaltitle),$LOCALIZE[31125] ,]</value>
        <value condition="!IsEmpty(Container(9000).ListItem.Property(widgetName))">$INFO[Container(9000).ListItem.Property(widgetName)]</value>
        <value condition="!IsEmpty(Skin.String(home.fallbackwidget)) + StringCompare(Skin.String(home.fallbackwidget.name),$LOCALIZE[31124])">$INFO[Container(9001).ListItem.Property(originaltitle),$LOCALIZE[31125] ,]</value>
        <value condition="!IsEmpty(Skin.String(home.fallbackwidget)) + !IsEmpty(Skin.String(home.fallbackwidget.name))">$INFO[Skin.String(home.fallbackwidget.name)]</value>
        <value>$LOCALIZE[31095]</value>
    </variable>

    <variable name="Label_Hub_WidgetType">
        <value condition="Window.IsVisible(1101) + !IsEmpty(Skin.String(Widget.1101.Label))">$INFO[Skin.String(Widget.1101.Label)]</value>
        <value condition="Window.IsVisible(1102) + !IsEmpty(Skin.String(Widget.1102.Label))">$INFO[Skin.String(Widget.1102.Label)]</value>
        <value condition="Window.IsVisible(1103) + !IsEmpty(Skin.String(Widget.1103.Label))">$INFO[Skin.String(Widget.1103.Label)]</value>
        <value condition="Window.IsVisible(1104) + !IsEmpty(Skin.String(Widget.1104.Label))">$INFO[Skin.String(Widget.1104.Label)]</value>
        <value condition="Window.IsVisible(1105) + !IsEmpty(Skin.String(Widget.1105.Label))">$INFO[Skin.String(Widget.1105.Label)]</value>
        <value condition="Window.IsVisible(1106) + !IsEmpty(Skin.String(Widget.1106.Label))">$INFO[Skin.String(Widget.1106.Label)]</value>
        <value condition="Window.IsVisible(1107) + !IsEmpty(Skin.String(Widget.1107.Label))">$INFO[Skin.String(Widget.1107.Label)]</value>
        <value condition="Window.IsVisible(1108) + !IsEmpty(Skin.String(Widget.1108.Label))">$INFO[Skin.String(Widget.1108.Label)]</value>
        <value condition="Window.IsVisible(1109) + !IsEmpty(Skin.String(Widget.1109.Label))">$INFO[Skin.String(Widget.1109.Label)]</value>
        <value>$LOCALIZE[31095]</value>
    </variable>

    <variable name="Label_HomeWidget_Label">
        <value condition="Container(9001).IsUpdating">$LOCALIZE[31090]...</value>
        <value condition="[StringCompare(Container(9000).ListItem.Property(widget),Weather) | [IsEmpty(Container(9000).ListItem.Property(widget)) + StringCompare(Skin.String(home.fallbackwidget),Weather)]] + !IsEmpty(Skin.String(weather.fanart.path))">$INFO[Weather.Temperature,,  ]$INFO[Weather.Conditions]</value>
        <value>$INFO[Container(9001).ListItem.Label]</value>
    </variable>
    <variable name="Label_HomeWidget_Plot">
        <value condition="[StringCompare(Container(9000).ListItem.Property(widget),Weather) | [IsEmpty(Container(9000).ListItem.Property(widget)) + StringCompare(Skin.String(home.fallbackwidget),Weather)]] + !IsEmpty(Skin.String(weather.fanart.path))">$INFO[Window(weather).Property(Current.FeelsLike),$LOCALIZE[402] ,]$INFO[System.TemperatureUnits]$INFO[Window(weather).Property(Current.WindSpeed),[CR], ]$INFO[Window(weather).Property(Current.WindDirection),, [LOWERCASE]$LOCALIZE[404][/LOWERCASE]]$INFO[Window(weather).Property(Current.Humidity),[CR], [LOWERCASE]$LOCALIZE[406][/LOWERCASE]]</value>
        <value condition="!Container(9001).IsUpdating">$INFO[Container(9001).ListItem.Plot]$INFO[Container(9001).ListItem.Property(Album_Description)]$INFO[Container(9001).ListItem.Property(Addon.Description)]</value>
    </variable>
    <variable name="Label_HomeWidget_Info">
        <value condition="[StringCompare(Container(9000).ListItem.Property(widget),Weather) | [IsEmpty(Container(9000).ListItem.Property(widget)) + StringCompare(Skin.String(home.fallbackwidget),Weather)]] + !IsEmpty(Skin.String(weather.fanart.path))">$INFO[Window(weather).Property(WeatherProvider)]</value>
        <value condition="!Container(9001).IsUpdating + !IsEmpty(Container(9001).ListItem.Year)">$INFO[Container(9001).ListItem.Artist,,  •  ]$INFO[Container(9001).ListItem.TvShowTitle,,  •  ]$INFO[Container(9001).ListItem.Year]$INFO[Container(9001).ListItem.RatingAndVotes,  •  ,]</value>
        <value condition="!Container(9001).IsUpdating + IsEmpty(Container(9001).ListItem.Year)">$INFO[Container(9001).ListItem.Artist,,  •  ]$INFO[Container(9001).ListItem.TvShowTitle]$INFO[Container(9001).ListItem.RatingAndVotes,  •  ,]</value>
        <value>$LOCALIZE[31092]</value>
    </variable>

    <variable name="Label_Hub_WidgetLabel">
        <value condition="!IsEmpty(Container(9500).ListItem.TvShowTitle)">$INFO[Container(9500).ListItem.TvShowTitle]</value>
        <value condition="!IsEmpty(Container(9500).ListItem.Artist)">$INFO[Container(9500).ListItem.Artist]</value>
        <value condition="!IsEmpty(Container(9500).ListItem.Label)">$INFO[Container(9500).ListItem.Label]</value>
    </variable>
    <variable name="Label_Hub_WidgetLabel2">
        <value condition="!IsEmpty(Container(9500).ListItem.Episode)">$INFO[Container(9500).ListItem.Season,,x]$INFO[Container(9500).ListItem.Episode,,. ]$INFO[Container(9500).ListItem.Title]</value>
        <value condition="!IsEmpty(Container(9500).ListItem.Artist) + !IsEmpty(Container(9500).ListItem.Year)">$INFO[Container(9500).ListItem.Title]$INFO[Container(9500).ListItem.Year, (,)]</value>
        <value condition="!IsEmpty(Container(9500).ListItem.Artist) + IsEmpty(Container(9500).ListItem.Year)">$INFO[Container(9500).ListItem.Title]</value>
        <value condition="!IsEmpty(Container(9500).ListItem.Album)">$INFO[Container(9500).ListItem.Year]</value>
        <value condition="!IsEmpty(Container(9500).ListItem.Property(Addon.Version))">$INFO[Container(9500).ListItem.Property(Addon.Version)]</value>
        <value condition="IsEmpty(Container(9500).ListItem.TvShowTitle) + !IsEmpty(Container(9500).ListItem.Year)">$INFO[Container(9500).ListItem.Year,,  •  ]$INFO[Container(9500).ListItem.Rating]</value>
        <value>$INFO[Container(9500).ListItem.Rating]</value>
    </variable>
    <variable name="Label_Fanart_WidgetType">
        <value condition="!IsEmpty(ListItem.TvShowTitle)">$INFO[ListItem.TvShowTitle]</value>
        <value condition="!IsEmpty(ListItem.Label)">$INFO[ListItem.Label]$INFO[ListItem.Year, [COLOR=PosterBorder]-[/COLOR] , ]</value>
    </variable>
    <variable name="Label_Fanart_WidgetLabel">
        <value condition="!IsEmpty(ListItem.TvShowTitle)">$INFO[ListItem.Label]</value>
        <value condition="!IsEmpty(ListItem.Genre)">$INFO[ListItem.Genre]</value>
    </variable>
    <variable name="Label_SettingsHeader">
        <value condition="Control.HasFocus(111) | Window.IsActive(systeminfo)">$LOCALIZE[130]</value>
        <value condition="Control.HasFocus(110) | Window.IsActive(weathersettings)">$LOCALIZE[8]</value>
        <value condition="Control.HasFocus(109) | Window.IsActive(systemsettings)">$LOCALIZE[13000]</value>
        <value condition="Control.HasFocus(108) | Window.IsActive(pvrsettings)">[CAPITALIZE]$LOCALIZE[19191][/CAPITALIZE]</value>
        <value condition="Control.HasFocus(107) | Window.IsActive(skinsettings)">$LOCALIZE[166]</value>
        <value condition="Control.HasFocus(106) | Window.IsActive(picturessettings)">$LOCALIZE[1]</value>
        <value condition="Control.HasFocus(105) | Window.IsActive(addonbrowser)">$LOCALIZE[24001]</value>
        <value condition="Control.HasFocus(104) | Window.IsActive(musicsettings)">$LOCALIZE[2]</value>
        <value condition="Control.HasFocus(103) | Window.IsActive(profiles)">$LOCALIZE[13200]</value>
        <value condition="Control.HasFocus(102) | Window.IsActive(videossettings)">$LOCALIZE[157]</value>
        <value condition="Control.HasFocus(101) | Window.IsActive(servicesettings)">$LOCALIZE[705]</value>
        <value>$LOCALIZE[480]</value>
    </variable>
    

  <variable name="HDSD">
        <value condition="ListItem.IsStereoscopic">3D</value>
        <value condition="[substring(ListItem.FilenameAndPath,bluray) | substring(ListItem.FilenameAndPath,bdrip) | substring(ListItem.FilenameAndPath,bd25) | substring(ListItem.FilenameAndPath,bd50)]">Bluray</value>
        <value condition="substring(ListItem.FilenameAndPath,hddvd)">HD-DVD</value>
        <value condition="substring(ListItem.FilenameAndPath,dvd)">DVD</value>
        <value condition="[substring(ListItem.FilenameAndPath,pdtv) | substring(ListItem.FilenameAndPath,hdtv) | substring(ListItem.FilenameAndPath,dsr)]">TV</value>
        <value condition="substring(ListItem.FilenameAndPath,vhs)">VHS</value>
        <value condition="IntegerGreaterThan(ListItem.VideoResolution,719)">HD</value>
        <value condition="!IsEmpty(ListItem.VideoResolution)">SD</value>
    </variable>
    
    <variable name="LabelAudioChannels">
        <value condition="stringcompare(ListItem.AudioChannels,8)">7.1</value>
        <value condition="stringcompare(ListItem.AudioChannels,6)">5.1</value>
        <value condition="stringcompare(ListItem.AudioChannels,5)">4.1</value>
        <value condition="stringcompare(ListItem.AudioChannels,4)">4.0</value>
        <value condition="stringcompare(ListItem.AudioChannels,3)">2.1</value>
        <value condition="stringcompare(ListItem.AudioChannels,2)">2.0</value>
        <value condition="stringcompare(ListItem.AudioChannels,1)">1.0</value>
        <value>???</value>
    </variable>
    
    <variable name="DialogSelectHeader">
        <value condition="stringcompare(Control.GetLabel(1),$LOCALIZE[36528]) | stringcompare(Control.GetLabel(1),$LOCALIZE[36527])">$LOCALIZE[31241]</value>
        <value>$INFO[Control.GetLabel(1)]</value>
    </variable>
    
    <variable name="FanartFadeLabel">
        <value condition="Skin.HasSetting(fanart.showmore) + !Skin.HasSetting(fanart.showall)">$LOCALIZE[31244]</value>
        <value condition="!Skin.HasSetting(fanart.showmore) + !Skin.HasSetting(fanart.showall)">$LOCALIZE[31243]</value>
        <value condition="Skin.HasSetting(fanart.showall)">$LOCALIZE[31245]</value>
    </variable>
    
    <variable name="VARLabel">
				<value condition="substring(ListItem.Path,plugin://plugin.video.pulsar) + !IsEmpty(ListItem.OriginalTitle)">$INFO[ListItem.OriginalTitle]</value>
                <value condition="Container.Content(Episodes) + !IsEmpty(ListItem.Title)">$INFO[ListItem.Title]</value>
                <value>$INFO[ListItem.Label]</value>
</variable>
    
    <variable name="VARLabel3">
        <value condition="Container.Content(artists) + [!IsEmpty(ListItem.Property(Artist_YearsActive)) | !IsEmpty(ListItem.Property(Artist_Genre))]">$INFO[ListItem.Property(Artist_YearsActive),,   ]$INFO[ListItem.Property(Artist_Genre)]</value>
        <value condition="Container.Content(songs)">$INFO[ListItem.Artist]</value>
        <value condition="Container.Content(addons)">$INFO[ListItem.Property(Addon.Summary)]</value>
        <value condition="stringcompare(Container.FolderPath,library://video/recentlyaddedepisodes.xml/) | stringcompare(Container.FolderPath,videodb://recentlyaddedepisodes/)">$INFO[ListItem.Premiered,$LOCALIZE[20416] ,]</value>
        <value condition="Container.Content(episodes) + stringcompare(Container.SortMethod,Name)">$INFO[ListItem.Episode,$LOCALIZE[20359] ,]$INFO[ListItem.Premiered,  •  $LOCALIZE[20416] ,]</value>
        <value condition="Container.Content(episodes) + !stringcompare(Container.SortMethod,Date)">$INFO[ListItem.Premiered,$LOCALIZE[20416] ,]</value>
        <value condition="Container.Content(episodes) + stringcompare(Container.SortMethod,Date)">$INFO[ListItem.Season,$LOCALIZE[20373] ,  ]$INFO[ListItem.Episode,$LOCALIZE[20359] ,]</value>
        <value condition="!IsEmpty(ListItem.Genre)">$INFO[ListItem.Genre]</value>
        <value condition="!IsEmpty(ListItem.TvShowTitle)">$INFO[ListItem.TvShowTitle]</value>
        <value></value>
    </variable>
	
		<variable name="hd_or_sd2">
		<value condition="IntegerGreaterThan(VideoPlayer.VideoResolution,719) | StringCompare(VideoPlayer.VideoResolution,2k) | StringCompare(VideoPlayer.VideoResolution,4k)">HD</value>
		<value>SD</value>
	</variable>
    
    <variable name="PlotBox">
        <value condition="!IsEmpty(Window(home).Property(Set.Movies.ExtendedPlot)) + [Container.Content(Sets) | substring(ListItem.Path,videodb://movies/sets,left)] + [Control.IsVisible(50) | Control.IsVisible(500) | Control.IsVisible(57) | Control.IsVisible(59)]">$INFO[Window(home).Property(Set.Movies.ExtendedPlot)]</value>
        <value condition="!IsEmpty(ListItem.Property(Artist_Description))">$INFO[ListItem.Property(Artist_Description)]</value>
        <value condition="!IsEmpty(ListItem.Property(Album_Description))">$INFO[ListItem.Property(Album_Description)]</value>
        <value condition="!IsEmpty(ListItem.Property(Addon.Description))">$INFO[ListItem.Property(Addon.Description)]</value>
        <value condition="Container.Content(songs)">$INFO[ListItem.Artist,[B],[/B][CR]]$INFO[ListItem.Album]$INFO[ListItem.Year,  (,)]</value>
        <value>$INFO[ListItem.Plot]</value>
    </variable>
    
    
    <variable name="GlobalWidget.InfoLabel">
        <value condition="!IsEmpty(Skin.String(global.widget.path.type)) + !IsEmpty(Skin.String(global.widget.path))">$INFO[Skin.String(global.widget.path.type)]</value>
        <value>$LOCALIZE[31112] / $LOCALIZE[31110]</value>
    </variable>
    
    <variable name="SkinSettings.MixedWidget">
        <value condition="!Skin.HasSetting(home.usemixedglobalwidget)">$LOCALIZE[1223]</value>
        <value condition="!IsEmpty(Skin.String(global.widget.path))">$INFO[Skin.String(global.widget.path)]</value>
        <value condition="IsEmpty(Skin.String(global.widget.path))">$LOCALIZE[31112] / $LOCALIZE[31110]</value>
    </variable>
    
    <variable name="ExtraInfo">
        <value condition="Container.Content(Sets) | substring(ListItem.Path,videodb://movies/sets,left)">$LOCALIZE[31207]</value>
        <value condition="Window.IsVisible(MyVideoPlaylist.xml) | Container.Content(Movies)">$INFO[ListItem.Year,,  •  ]$INFO[Window(Home).Property(SkinHelper.ListItemDuration)]  •  $VAR[HDSD]$INFO[ListItem.VideoResolution, ,  •  ]$INFO[ListItem.Rating]</value>
        <value condition="Container.Content(Artists)">$INFO[ListItem.Property(Artist_Genre)]</value>
        <value condition="Container.Content(Tvshows)">$INFO[ListItem.Studio]</value>
        <value condition="Container.Content(episodes) | Container.Content(seasons)">$INFO[ListItem.Studio]$INFO[ListItem.Label2,  •  ,]</value>
        <value>$INFO[ListItem.Label2]</value>
    </variable>
    
    <variable name="WeatherLabel">      
        <value condition="stringcompare(Weather.fanartcode,0)">V</value>
        <value condition="stringcompare(Weather.fanartcode,1)">S</value>
        <value condition="stringcompare(Weather.fanartcode,2)">S</value>
        <value condition="stringcompare(Weather.fanartcode,3)">V</value>
        <value condition="stringcompare(Weather.fanartcode,4)">V</value>
        <value condition="stringcompare(Weather.fanartcode,5)">W</value>
        <value condition="stringcompare(Weather.fanartcode,6)">X</value>
        <value condition="stringcompare(Weather.fanartcode,7)">W</value>
        <value condition="stringcompare(Weather.fanartcode,8)">X</value>
        <value condition="stringcompare(Weather.fanartcode,9)">O</value>
        <value condition="stringcompare(Weather.fanartcode,10)">X</value>
        <value condition="stringcompare(Weather.fanartcode,11)">F</value>
        <value condition="stringcompare(Weather.fanartcode,12)">R</value>
        <value condition="stringcompare(Weather.fanartcode,13)">Z</value>
        <value condition="stringcompare(Weather.fanartcode,14)">Z</value>
        <value condition="stringcompare(Weather.fanartcode,15)">Z</value>
        <value condition="stringcompare(Weather.fanartcode,16)">Z</value>
        <value condition="stringcompare(Weather.fanartcode,17)">V</value>
        <value condition="stringcompare(Weather.fanartcode,18)">V</value>
        <value condition="stringcompare(Weather.fanartcode,19)">N</value>
        <value condition="stringcompare(Weather.fanartcode,20)">G</value>
        <value condition="stringcompare(Weather.fanartcode,21)">G</value>
        <value condition="stringcompare(Weather.fanartcode,22)">G</value>
        <value condition="stringcompare(Weather.fanartcode,23)">a</value>
        <value condition="stringcompare(Weather.fanartcode,24)">a</value>
        <value condition="stringcompare(Weather.fanartcode,25)">a</value>
        <value condition="stringcompare(Weather.fanartcode,26)">D</value>
        <value condition="stringcompare(Weather.fanartcode,27)">J</value>
        <value condition="stringcompare(Weather.fanartcode,28)">C</value>
        <value condition="stringcompare(Weather.fanartcode,29)">J</value>
        <value condition="stringcompare(Weather.fanartcode,30)">C</value>
        <value condition="stringcompare(Weather.fanartcode,31)">I</value>
        <value condition="stringcompare(Weather.fanartcode,32)">A</value>
        <value condition="stringcompare(Weather.fanartcode,33)">E</value>
        <value condition="stringcompare(Weather.fanartcode,34)">E</value>
        <value condition="stringcompare(Weather.fanartcode,35)">V</value>
        <value condition="stringcompare(Weather.fanartcode,36)">A</value>
        <value condition="stringcompare(Weather.fanartcode,37)">T</value>
        <value condition="stringcompare(Weather.fanartcode,38)">T</value>
        <value condition="stringcompare(Weather.fanartcode,39)">R</value>
        <value condition="stringcompare(Weather.fanartcode,40)">R</value>
        <value condition="stringcompare(Weather.fanartcode,41)">W</value>
        <value condition="stringcompare(Weather.fanartcode,42)">W</value>
        <value condition="stringcompare(Weather.fanartcode,43)">W</value>
        <value condition="stringcompare(Weather.fanartcode,44)">C</value>
        <value condition="stringcompare(Weather.fanartcode,45)">K</value>
        <value condition="stringcompare(Weather.fanartcode,46)">W</value>
        <value condition="stringcompare(Weather.fanartcode,47)">V</value>
    </variable>
    <variable name="WeatherLabelHourly">        
        <value condition="stringcompare(ListItem.Property(fanartcode),0)">V</value>
        <value condition="stringcompare(ListItem.Property(fanartcode),1)">S</value>
        <value condition="stringcompare(ListItem.Property(fanartcode),2)">S</value>
        <value condition="stringcompare(ListItem.Property(fanartcode),3)">V</value>
        <value condition="stringcompare(ListItem.Property(fanartcode),4)">V</value>
        <value condition="stringcompare(ListItem.Property(fanartcode),5)">W</value>
        <value condition="stringcompare(ListItem.Property(fanartcode),6)">X</value>
        <value condition="stringcompare(ListItem.Property(fanartcode),7)">W</value>
        <value condition="stringcompare(ListItem.Property(fanartcode),8)">X</value>
        <value condition="stringcompare(ListItem.Property(fanartcode),9)">O</value>
        <value condition="stringcompare(ListItem.Property(fanartcode),10)">X</value>
        <value condition="stringcompare(ListItem.Property(fanartcode),11)">F</value>
        <value condition="stringcompare(ListItem.Property(fanartcode),12)">R</value>
        <value condition="stringcompare(ListItem.Property(fanartcode),13)">Z</value>
        <value condition="stringcompare(ListItem.Property(fanartcode),14)">Z</value>
        <value condition="stringcompare(ListItem.Property(fanartcode),15)">Z</value>
        <value condition="stringcompare(ListItem.Property(fanartcode),16)">Z</value>
        <value condition="stringcompare(ListItem.Property(fanartcode),17)">V</value>
        <value condition="stringcompare(ListItem.Property(fanartcode),18)">V</value>
        <value condition="stringcompare(ListItem.Property(fanartcode),19)">N</value>
        <value condition="stringcompare(ListItem.Property(fanartcode),20)">G</value>
        <value condition="stringcompare(ListItem.Property(fanartcode),21)">G</value>
        <value condition="stringcompare(ListItem.Property(fanartcode),22)">G</value>
        <value condition="stringcompare(ListItem.Property(fanartcode),23)">a</value>
        <value condition="stringcompare(ListItem.Property(fanartcode),24)">a</value>
        <value condition="stringcompare(ListItem.Property(fanartcode),25)">a</value>
        <value condition="stringcompare(ListItem.Property(fanartcode),26)">D</value>
        <value condition="stringcompare(ListItem.Property(fanartcode),27)">J</value>
        <value condition="stringcompare(ListItem.Property(fanartcode),28)">C</value>
        <value condition="stringcompare(ListItem.Property(fanartcode),29)">J</value>
        <value condition="stringcompare(ListItem.Property(fanartcode),30)">C</value>
        <value condition="stringcompare(ListItem.Property(fanartcode),31)">I</value>
        <value condition="stringcompare(ListItem.Property(fanartcode),32)">A</value>
        <value condition="stringcompare(ListItem.Property(fanartcode),33)">E</value>
        <value condition="stringcompare(ListItem.Property(fanartcode),34)">E</value>
        <value condition="stringcompare(ListItem.Property(fanartcode),35)">V</value>
        <value condition="stringcompare(ListItem.Property(fanartcode),36)">A</value>
        <value condition="stringcompare(ListItem.Property(fanartcode),37)">T</value>
        <value condition="stringcompare(ListItem.Property(fanartcode),38)">T</value>
        <value condition="stringcompare(ListItem.Property(fanartcode),39)">R</value>
        <value condition="stringcompare(ListItem.Property(fanartcode),40)">R</value>
        <value condition="stringcompare(ListItem.Property(fanartcode),41)">W</value>
        <value condition="stringcompare(ListItem.Property(fanartcode),42)">W</value>
        <value condition="stringcompare(ListItem.Property(fanartcode),43)">W</value>
        <value condition="stringcompare(ListItem.Property(fanartcode),44)">C</value>
        <value condition="stringcompare(ListItem.Property(fanartcode),45)">K</value>
        <value condition="stringcompare(ListItem.Property(fanartcode),46)">W</value>
        <value condition="stringcompare(ListItem.Property(fanartcode),47)">V</value>
    </variable>
    
    <variable name="AudioChannels">
        <value condition="IntegerGreaterThan(ListItem.AudioChannels,7)">7.1</value>
        <value condition="IntegerGreaterThan(ListItem.AudioChannels,5)">5.1</value>
        <value condition="IntegerGreaterThan(ListItem.AudioChannels,4)">4.1</value>
        <value condition="IntegerGreaterThan(ListItem.AudioChannels,3)">4.0</value>
        <value condition="IntegerGreaterThan(ListItem.AudioChannels,2)">2.1</value>
        <value condition="IntegerGreaterThan(ListItem.AudioChannels,1)">2.0</value>
        <value condition="!IsEmpty(ListItem.AudioChannels)">1.0</value>
    </variable>
    
    <variable name="AudioChannelsOSD">
        <value condition="IntegerGreaterThan(VideoPlayer.AudioChannels,7)">7.1</value>
        <value condition="IntegerGreaterThan(VideoPlayer.AudioChannels,5)">5.1</value>
        <value condition="IntegerGreaterThan(VideoPlayer.AudioChannels,4)">4.1</value>
        <value condition="IntegerGreaterThan(VideoPlayer.AudioChannels,3)">4.0</value>
        <value condition="IntegerGreaterThan(VideoPlayer.AudioChannels,2)">2.1</value>
        <value condition="IntegerGreaterThan(VideoPlayer.AudioChannels,1)">2.0</value>
        <value condition="!IsEmpty(VideoPlayer.AudioChannels)">1.0</value>
    </variable>
    
    <variable name="NavSideLabel">
        <value condition="Window.IsVisible(favourites)">$LOCALIZE[1036]</value>
        <value condition="substring(Container.FolderPath,.xsp,right) + !substring(Container.FolderPath,PartyMode)">$INFO[Container.FolderName]</value>
        <value condition="substring(ListItem.FolderPath,plugin://,left)">$INFO[Container.FolderName]</value>
        <value condition="substring(Container.FolderPath,addons://,left) | Window.IsVisible(MyPrograms.xml)">$LOCALIZE[24001]</value>
        <value condition="stringcompare(Container.FolderPath,library://video/inprogressshows.xml/)">$LOCALIZE[31110]</value>
        <value condition="stringcompare(Container.FolderPath,library://video/recentlyaddedmovies.xml/) | stringcompare(Container.FolderPath,videodb://recentlyaddedmovies/)">$LOCALIZE[31109]</value>
        <value condition="stringcompare(Container.FolderPath,library://video/recentlyaddedepisodes.xml/) | stringcompare(Container.FolderPath,videodb://recentlyaddedepisodes/)">$LOCALIZE[31109]</value>
        <value condition="stringcompare(Container.FolderPath,library://music/recentlyaddedalbums.xml/) | stringcompare(Container.FolderPath,musicdb://recentlyaddedalbums/)">$LOCALIZE[31109]</value>
        <value condition="stringcompare(Container.FolderPath,library://video/recentlyaddedepisodes.xml/) | stringcompare(Container.FolderPath,videodb://recentlyaddedepisodes/)">$LOCALIZE[31109]</value>
        <value condition="Container.Content(years)">$LOCALIZE[652]</value>
        <value condition="Container.Content(genres)">$LOCALIZE[135]</value>
        <value condition="Container.Content(directors)">$LOCALIZE[20348]</value>
        <value condition="Container.Content(actors)">$LOCALIZE[344]</value>
        <value condition="Container.Content(sets)">$LOCALIZE[31207]</value>
        <value condition="Container.Content(countries)">$LOCALIZE[20451]</value>
        <value condition="Container.Content(episodes)">$LOCALIZE[20360]</value>
        <value condition="Container.Content(seasons)">$LOCALIZE[33054]</value>
        <value condition="Container.Content(movies)">$LOCALIZE[342]</value>
        <value condition="Container.Content(tvshows)">$LOCALIZE[20343]</value>
        <value condition="Container.Content(albums)">$LOCALIZE[132]</value>
        <value condition="Container.Content(artists)">$LOCALIZE[133]</value>
        <value condition="Container.Content(songs)">$LOCALIZE[134]</value>
        <value condition="substring(Container.FolderPath,playlist)">$LOCALIZE[559]</value>
        <value condition="substring(Container.FolderPath,PartyMode)">$LOCALIZE[589]</value>
        <value condition="substring(Container.FolderPath,library://,left)">$LOCALIZE[15100]</value>
        <value condition="Container.Content(files) | substring(Container.FolderPath,sources://) | Window.IsVisible(MyPics.xml)">$LOCALIZE[1214]</value>
        <value>$LOCALIZE[15100]</value>
    </variable>
    
    <variable name="PVRSideLabel">
        <value condition="Control.HasFocus(37)">$LOCALIZE[31170]</value>
        <value condition="Window.IsVisible(TVGuide) | Window.IsVisible(RadioGuide)">$LOCALIZE[19222]</value>
        <value condition="Window.IsVisible(TVChannels)">$LOCALIZE[19023]</value>
        <value condition="Window.IsVisible(RadioChannels)">$LOCALIZE[19021]</value>
        <value condition="Window.IsVisible(TVSearch) | Window.IsVisible(RadioSearch)">$LOCALIZE[137]</value>
        <value condition="Window.IsVisible(TVRecordings) | Window.IsVisible(RadioRecordings)">$LOCALIZE[19017]</value>
        <value condition="Window.IsVisible(TVTimers) | Window.IsVisible(RadioTimers)">$LOCALIZE[19040]</value>
    </variable>
    
    <variable name="PVRTopLabel">
        <value condition="Control.HasFocus(37)">$LOCALIZE[31170]</value>
        <value condition="IsEmpty(Control.GetLabel(30))">$INFO[Control.GetLabel(29)]</value>
        <value>$INFO[Control.GetLabel(30)]</value>
    </variable>
    
	    <variable name="musichubWidgetLabel">
        <value condition="stringcompare(Skin.String(musichub.widget),path)">$LOCALIZE[31340]</value>
        <value>$LOCALIZE[31112]</value>
    </variable>
	
    <variable name="MovieWidgetLabel">
        <value condition="stringcompare(Skin.String(movie.widget),recommended)">$LOCALIZE[31110]</value>
        <value condition="stringcompare(Skin.String(movie.widget),playlist)">$LOCALIZE[559]</value>
        <value condition="stringcompare(Skin.String(movie.widget),path)">$LOCALIZE[573]</value>
        <value>$LOCALIZE[31112]</value>
    </variable>
    
    <variable name="TvShowWidgetLabel">
        <value condition="stringcompare(Skin.String(tvshow.widget),recommended)">$LOCALIZE[31110]</value>
        <value condition="stringcompare(Skin.String(tvshow.widget),playlist)">$LOCALIZE[559]</value>
        <value condition="stringcompare(Skin.String(tvshow.widget),path)">$LOCALIZE[573]</value>
        <value>$LOCALIZE[31112]</value>
    </variable>
    
    <variable name="HomeWidgetType">
        <value condition="stringcompare(Skin.String(home.widget),ContentRecommendedMoviesWidget)">$LOCALIZE[20342] $LOCALIZE[31110]</value>
        <value condition="stringcompare(Skin.String(home.widget),ContentRandomEpisodesWidget)">$LOCALIZE[20343] $LOCALIZE[31112]</value>
        <value condition="stringcompare(Skin.String(home.widget),ContentRecommendedEpisodesWidget)">$LOCALIZE[20343] $LOCALIZE[31110]</value>
        <value condition="stringcompare(Skin.String(home.widget),ContentRecentEpisodesWidget)">$LOCALIZE[20343] $LOCALIZE[31109]</value>
        <value condition="stringcompare(Skin.String(home.widget),ContentRecentMoviesWidget)">$LOCALIZE[20342] $LOCALIZE[31109]</value>
        <value condition="stringcompare(Skin.String(home.widget),ContentRandomMoviesWidget)">$LOCALIZE[20342] $LOCALIZE[31112]</value>
        <value>$LOCALIZE[31183]</value>
    </variable>
    
    <variable name="HomeWidgetType2">
        <value condition="stringcompare(Skin.String(home.widget),ContentRecommendedMoviesWidget)">$LOCALIZE[31110]</value>
        <value condition="stringcompare(Skin.String(home.widget),ContentRandomEpisodesWidget)">$LOCALIZE[31112]</value>
        <value condition="stringcompare(Skin.String(home.widget),ContentRecommendedEpisodesWidget)">$LOCALIZE[31110]</value>
        <value condition="stringcompare(Skin.String(home.widget),ContentRecentEpisodesWidget)">$LOCALIZE[31109]</value>
        <value condition="stringcompare(Skin.String(home.widget),ContentRecentMoviesWidget)">$LOCALIZE[31109]</value>
        <value condition="stringcompare(Skin.String(home.widget),ContentRandomMoviesWidget)">$LOCALIZE[31112]</value>
        <value>$LOCALIZE[31112] / $LOCALIZE[31110]</value>
    </variable>
    
    <variable name="WidgetPlot">
        <value condition="!IsEmpty(Container(9501).ListItem.Plot)">$INFO[Container(9501).ListItem.Plot]</value>
        <value>$INFO[Container(9501).ListItem.Property(Plot)]</value>
    </variable>
    
    <variable name="MusicOSDPlot">
        <value condition="Window.IsVisible(script-cu-lrclyrics-main.xml)">-</value>
        <value condition="!IsEmpty(Window(Visualisation).Property(ArtistSlideshow.ArtistBiography))">$INFO[Window(Visualisation).Property(ArtistSlideshow.ArtistBiography)]</value>
        <value condition="!IsEmpty(MusicPlayer.Property(Artist_Description))">$INFO[MusicPlayer.Property(Artist_Description)]</value>
        <value condition="!IsEmpty(MusicPlayer.Property(Album_Description))">$INFO[MusicPlayer.Property(Album_Description)]</value>
        <value condition="!Skin.HasSetting(osd.useclassicinfo)">$INFO[MusicPlayer.Position(0).Title,01. ,   ]$INFO[MusicPlayer.Position(0).Duration,(,)]$INFO[MusicPlayer.Position(1).Title,     02. ,   ]$INFO[MusicPlayer.Position(1).Duration,(,)]$INFO[MusicPlayer.Position(2).Title,     03. ,   ]$INFO[MusicPlayer.Position(2).Duration,(,)]$INFO[MusicPlayer.Position(3).Title,     04. ,   ]$INFO[MusicPlayer.Position(3).Duration,(,)]$INFO[MusicPlayer.Position(4).Title,     05. ,   ]$INFO[MusicPlayer.Position(4).Duration,(,)]$INFO[MusicPlayer.Position(5).Title,     06. ,   ]$INFO[MusicPlayer.Position(5).Duration,(,)]$INFO[MusicPlayer.Position(6).Title,     07. ,   ]$INFO[MusicPlayer.Position(6).Duration,(,)]$INFO[MusicPlayer.Position(7).Title,     08. ,   ]$INFO[MusicPlayer.Position(7).Duration,(,)]$INFO[MusicPlayer.Position(8).Title,     09. ,   ]$INFO[MusicPlayer.Position(8).Duration,(,)]$INFO[MusicPlayer.Position(9).Title,     10. ,   ]$INFO[MusicPlayer.Position(9).Duration,(,)]$INFO[MusicPlayer.Position(10).Title,     11. ,   ]$INFO[MusicPlayer.Position(10).Duration,(,)]$INFO[MusicPlayer.Position(11).Title,     12. ,   ]$INFO[MusicPlayer.Position(11).Duration,(,)]$INFO[MusicPlayer.Position(12).Title,     13. ,   ]$INFO[MusicPlayer.Position(12).Duration,(,)]$INFO[MusicPlayer.Position(13).Title,     14. ,   ]$INFO[MusicPlayer.Position(13).Duration,(,)]$INFO[MusicPlayer.Position(14).Title,     15. ,   ]$INFO[MusicPlayer.Position(14).Duration,(,)]$INFO[MusicPlayer.Position(15).Title,     16. ,   ]$INFO[MusicPlayer.Position(15).Duration,(,)]$INFO[MusicPlayer.Position(16).Title,     17. ,   ]$INFO[MusicPlayer.Position(16).Duration,(,)]$INFO[MusicPlayer.Position(17).Title,     18. ,   ]$INFO[MusicPlayer.Position(17).Duration,(,)]$INFO[MusicPlayer.Position(18).Title,     19. ,   ]$INFO[MusicPlayer.Position(18).Duration,(,)]$INFO[MusicPlayer.Position(19).Title,     20. ,   ]$INFO[MusicPlayer.Position(19).Duration,(,)]</value>
        <value>$INFO[MusicPlayer.Position(0).Title,01. ,   ]$INFO[MusicPlayer.Position(0).Duration,(,)]$INFO[MusicPlayer.Position(1).Title,[CR]02. ,   ]$INFO[MusicPlayer.Position(1).Duration,(,)]$INFO[MusicPlayer.Position(2).Title,[CR]03. ,   ]$INFO[MusicPlayer.Position(2).Duration,(,)]$INFO[MusicPlayer.Position(3).Title,[CR]04. ,   ]$INFO[MusicPlayer.Position(3).Duration,(,)]$INFO[MusicPlayer.Position(4).Title,[CR]05. ,   ]$INFO[MusicPlayer.Position(4).Duration,(,)]$INFO[MusicPlayer.Position(5).Title,[CR]06. ,   ]$INFO[MusicPlayer.Position(5).Duration,(,)]$INFO[MusicPlayer.Position(6).Title,[CR]07. ,   ]$INFO[MusicPlayer.Position(6).Duration,(,)]$INFO[MusicPlayer.Position(7).Title,[CR]08. ,   ]$INFO[MusicPlayer.Position(7).Duration,(,)]$INFO[MusicPlayer.Position(8).Title,[CR]09. ,   ]$INFO[MusicPlayer.Position(8).Duration,(,)]$INFO[MusicPlayer.Position(9).Title,[CR]10. ,   ]$INFO[MusicPlayer.Position(9).Duration,(,)]$INFO[MusicPlayer.Position(10).Title,[CR]11. ,   ]$INFO[MusicPlayer.Position(10).Duration,(,)]$INFO[MusicPlayer.Position(11).Title,[CR]12. ,   ]$INFO[MusicPlayer.Position(11).Duration,(,)]$INFO[MusicPlayer.Position(12).Title,[CR]13. ,   ]$INFO[MusicPlayer.Position(12).Duration,(,)]$INFO[MusicPlayer.Position(13).Title,[CR]14. ,   ]$INFO[MusicPlayer.Position(13).Duration,(,)]$INFO[MusicPlayer.Position(14).Title,[CR]15. ,   ]$INFO[MusicPlayer.Position(14).Duration,(,)]$INFO[MusicPlayer.Position(15).Title,[CR]16. ,   ]$INFO[MusicPlayer.Position(15).Duration,(,)]$INFO[MusicPlayer.Position(16).Title,[CR]17. ,   ]$INFO[MusicPlayer.Position(16).Duration,(,)]$INFO[MusicPlayer.Position(17).Title,[CR]18. ,   ]$INFO[MusicPlayer.Position(17).Duration,(,)]$INFO[MusicPlayer.Position(18).Title,[CR]19. ,   ]$INFO[MusicPlayer.Position(18).Duration,(,)]$INFO[MusicPlayer.Position(19).Title,[CR]20. ,   ]$INFO[MusicPlayer.Position(19).Duration,(,)]</value>
    </variable>
    
    <variable name="PlayerStatus">
        <value condition="Player.Caching">$LOCALIZE[439] $INFO[Player.CacheLevel,,%]</value>
        <value condition="Player.Paused">$LOCALIZE[112]</value>
        <value condition="Player.Forwarding32x">FF 32x</value>
        <value condition="Player.Forwarding16x">FF 16x</value>
        <value condition="Player.Forwarding8x">FF 8x</value>
        <value condition="Player.Forwarding4x">FF 4x</value>
        <value condition="Player.Forwarding2x">FF 2x</value>
        <value condition="Player.Forwarding">FF</value>
        <value condition="Player.Rewinding32x">RW 32x</value>
        <value condition="Player.Rewinding16x">RW 16x</value>
        <value condition="Player.Rewinding8x">RW 8x</value>
        <value condition="Player.Rewinding4x">RW 4x</value>
        <value condition="Player.Rewinding2x">RW 2x</value>
        <value condition="Player.Rewinding">RW</value>
        <value condition="Player.Seeking">$LOCALIZE[773]</value>
        <value>$LOCALIZE[31118]</value>
    </variable>
    
    <variable name="PVRInfoStatus">
        <value condition="ListItem.IsRecording">$LOCALIZE[31127]</value>
        <value condition="ListItem.HasTimer">$LOCALIZE[31128]</value>
        <value>$LOCALIZE[31129]</value>
    </variable>
    
    <variable name="PVROSDStatus">
        <value condition="VideoPlayer.IsRecording">$LOCALIZE[31127]</value>
        <value condition="VideoPlayer.HasTimer">$LOCALIZE[31128]</value>
        <value>$LOCALIZE[31129]</value>
    </variable>
    <!--
    <variable name="SkinSettingsDescription">
        <value condition="ControlGroup(3).HasFocus()">$LOCALIZE[31246]</value>
        <value condition="ControlGroup(5).HasFocus(201)">$LOCALIZE[31247]</value>
        <value condition="ControlGroup(5).HasFocus(202)">$LOCALIZE[31248]</value>
        <value condition="ControlGroup(5).HasFocus(203)">$LOCALIZE[31249]</value>
        <value condition="ControlGroup(5).HasFocus(204)">$LOCALIZE[31250]</value>
        <value condition="ControlGroup(5).HasFocus(205)">$LOCALIZE[31251]</value>
        <value condition="ControlGroup(5).HasFocus(208)">$LOCALIZE[31252]</value>
        <value condition="ControlGroup(5).HasFocus(301)">$LOCALIZE[31253]</value>
        <value condition="ControlGroup(5).HasFocus(302)">$LOCALIZE[31254]</value>
        <value condition="ControlGroup(5).HasFocus(303)">$LOCALIZE[31255]</value>
        <value condition="ControlGroup(5).HasFocus(601)">$LOCALIZE[31256]</value>
        <value condition="ControlGroup(5).HasFocus(602)">$LOCALIZE[31257]</value>
        <value condition="ControlGroup(5).HasFocus(603)">$LOCALIZE[31258]</value>
        <value condition="ControlGroup(5).HasFocus(605)">$LOCALIZE[31259]</value>
        <value condition="ControlGroup(5).HasFocus(606)">$LOCALIZE[31260]</value>
        <value condition="ControlGroup(5).HasFocus(607)">$LOCALIZE[31261]</value>
        <value condition="ControlGroup(5).HasFocus(608)">$LOCALIZE[31262]</value>
        <value condition="ControlGroup(5).HasFocus(701)">$LOCALIZE[31268]</value>
        <value condition="ControlGroup(5).HasFocus(704)">$LOCALIZE[31269]</value>
        <value condition="ControlGroup(5).HasFocus(705)">$LOCALIZE[31270]</value>
        <value condition="ControlGroup(5).HasFocus(801)">$LOCALIZE[31271]</value>
        <value condition="ControlGroup(5).HasFocus(802)">$LOCALIZE[31272]</value>
        <value condition="ControlGroup(5).HasFocus(803)">$LOCALIZE[31273]</value>
        <value condition="ControlGroup(5).HasFocus(804)">$LOCALIZE[31274]</value>
        <value condition="ControlGroup(5).HasFocus(805)">$LOCALIZE[31275]</value>
        <value condition="ControlGroup(5).HasFocus(806)">$LOCALIZE[31276]</value>
        <value condition="ControlGroup(5).HasFocus(902)">$LOCALIZE[31277]</value>
		<value condition="ControlGroup(5).HasFocus(905)">$LOCALIZE[3134385] + $LOCALIZE[3134384]</value>

        <value>$LOCALIZE[31246]</value>
    </variable>-->
    
	<!-- הצגת שעות במקום דקות בסדרות וסרטים -->
	<variable name="MovieDuration">
<value condition="System.HasAddon(script.duration)">$INFO[Window(Home).Property(SkinHelper.ListItemDuration)]</value>
<value>$INFO[Window(Home).Property(SkinHelper.ListItemDuration)]</value>
</variable>
	
</includes>
