<?xml version="1.0" encoding="UTF-8"?>
<!-- Foundation -->
<includes>

    <include name="View_55_Banner">
    
        <control type="group">
            <visible>Control.IsVisible(55)</visible>    
            <include>Animation.ViewChange</include>   
            <include>DefSideLabel</include>         
                    
            <control type="panel" id="55">
                <posx>listx</posx>
                <posy>listy</posy>
                <width>1458</width>
                <height>699</height>
                <visible>!Window.IsVisible(MyVideoPlaylist.xml)</visible>
                <onleft>60</onleft>
                <onright condition="Container.Content(songs) + !Window.IsVisible(MyMusicNav.xml)">Back</onright>
                <onright condition="![Container.Content(songs) + !Window.IsVisible(MyMusicNav.xml)]">9000</onright>
                <onup>55</onup>
                <ondown>55</ondown>
                <pagecontrol>60</pagecontrol>
                <include>DefOnBack</include>
                <viewtype label="31154">list</viewtype>
                <scrolltime tween="quadratic">400</scrolltime>
                <orientation>vertical</orientation>
                <itemlayout width="bannerwlist" height="bannerhlist">
                    <control type="image">
                        <width>bannerwborder</width>
                        <height>bannerhborder</height>
                        <texture colordiffuse="PosterBorder" border="5">common/border-inner.png</texture>
                        
                    </control>   
                    <control type="group">
                        <visible>!Container.Content(episodes)</visible>
                        
                        <control type="image">
                            <posx>globalpad</posx>
                            <posy>globalpad</posy>
                            <width>bannerw</width>
                            <height>bannerh</height>
                            <texture background="true">$VAR[BannerImage]</texture>
                            <aspectratio aligny="center" align="center">scale</aspectratio>
                        </control>

                        <control type="label">
	                        <!-- name off the movies -->
                            <posx>20</posx>
                            <posy>142</posy>
                            <align>right</align>
                            <width>660</width>
                            <height>41</height>
                            <font>Font-Button</font>
                            <label>$VAR[VARLabel]</label>
                        </control>
                        <control type="label">
	                        <!-- Time -->
                            <right>30</right>
                            <posy>142</posy>
                            <align>left</align>
                            <width>660</width>
                            <height>41</height>
                            <font>Font-ListInfo-Small</font>
                            <label>$INFO[ListItem.Label2]</label>
                        </control>
                        <control type="label">
	                        <!-- Action , Comedy -->
                            <posx>20</posx>
                            <posy>177</posy>
                            <width>660</width>
                            <align>right</align>
                            <aligny>top</aligny>
                            <height>41</height>
                            <font>Font-ListInfo-Small</font>
                            <label>$VAR[VARLabel3]</label>
                        </control>
                        <control type="group">
	                        <!-- נצפה לא נצפה -->
                            <posx>72l</posx>
                            <posy>62r</posy>
                            <include>WatchedImageList</include>
                            <animation effect="fade" start="100" end="50" condition="true">Conditional</animation>
                        </control>

                    </control>
                    <control type="group">
                        <visible>Container.Content(episodes)</visible>
                        <control type="image">
                            <posx>globalpad</posx>
                            <posy>globalpad</posy>
                            <width>bannerwepisode</width>
                            <height>bannerhepisode</height>
                            <texture background="true">$VAR[FanartImage]</texture>
                            <aspectratio aligny="center" align="center">scale</aspectratio>
                        </control>
                        <control type="textbox">
                                    <posx>340r</posx>
                            <posy>52</posy>
                            <width>310</width>
                            <height>115</height>
                            <align>right</align>
                            <font>Font-ListInfo</font>
                            <label>$INFO[ListItem.Plot]</label>
                            <autoscroll>false</autoscroll>
                        </control>
                        <control type="label">
                            <posx>340r</posx>
                            <width>310</width>
                            <align>right</align>
                            <label>$INFO[ListItem.Label]</label>
                        </control>
                        <control type="label">
                            <right>30</right>
                            <posy>160</posy>
                            <align>left</align>
                            <width>310</width>
                            <font>Font-ListInfo-Small</font>
                            <label>$INFO[ListItem.Label2]</label>
                        </control>
                        <control type="group">
                            <posx>320</posx>
                            <posy>68r</posy>
                            <include>WatchedImageList</include>
                            <animation effect="fade" start="100" end="50" condition="true">Conditional</animation>
                        </control>
                    </control>
                    
                </itemlayout>

                <focusedlayout width="bannerwlist" height="bannerhlist">
                    <control type="image">
                        <width>bannerwborder</width>
                        <height>bannerhborder</height>
                        <texture colordiffuse="$VAR[Highlight6]">common/white.png</texture>
						<visible>!Skin.HasSetting(home.colortilehigh)</visible>
                    </control>   
					<control type="image">
                        <width>bannerwborder</width>
                        <height>bannerhborder</height>
                        <texture colordiffuse="$VAR[HighlightColor]">common/white.png</texture>
						<visible>Skin.HasSetting(home.colortilehigh)</visible>
                    </control>   
                    <control type="group">
                        <visible>!Container.Content(episodes)</visible>
                     
                        <control type="image">
                            <posx>globalpad</posx>
                            <posy>globalpad</posy>
                            <width>bannerw</width>
                            <height>bannerh</height>
                            <texture background="true">$VAR[BannerImage]</texture>
                            <aspectratio aligny="center" align="center">scale</aspectratio>
                        </control>

                        <control type="label">
                            <posx>20</posx>
                            <posy>142</posy>
                            <align>right</align>
                            <width>660</width>
                            <height>41</height>
                            <textcolor>Selected</textcolor>
                            <font>Font-Button</font>
                            <label>$VAR[VARLabel]</label>
                        </control>
                        <control type="label">
                            <right>30</right>
                            <posy>142</posy>
                            <align>left</align>
                            <width>660</width>
                            <height>41</height>
                            <textcolor>Selected</textcolor>
                            <font>Font-ListInfo-Small</font>
                            <label>$INFO[ListItem.Label2]</label>
                        </control>
                        <control type="label">
                            <posx>20</posx>
                            <posy>177</posy>
                            <width>660</width>
                            <align>right</align>
                            <aligny>top</aligny>
                            <height>41</height>
                            <textcolor>Selected</textcolor>
                            <font>Font-ListInfo-Small</font>
                            <label>$VAR[VARLabel3]</label>
                        </control>
                        <control type="group">
                             <!-- נצפה לא נצפה -->
                            <posx>72l</posx>
                            <posy>62r</posy>
                            <include>WatchedImageList</include>
                        </control>
                    </control>
                    
                    <!-- Episodes -->
                    <control type="group">
                        <visible>Container.Content(episodes)</visible> 
                        <control type="image">
                            <posx>globalpad</posx>
                            <posy>globalpad</posy>
                            <width>bannerwepisode</width>
                            <height>bannerhepisode</height>
                            <texture background="true">$VAR[FanartImage]</texture>
                            <aspectratio aligny="center" align="center">scale</aspectratio>
                        </control>
                        <control type="textbox">
                            <posx>340r</posx>
                            <posy>52</posy>
                            <width>310</width>
                            <height>115</height>
                            <align>right</align>
                            <textcolor>Selected</textcolor>
                            <font>Font-ListInfo</font>
                            <label>$INFO[ListItem.Plot]</label>
                            <autoscroll>false</autoscroll>
                        </control>
                        <control type="label">
                            <posx>340r</posx>
                            <width>310</width>
                            <align>right</align>
                            <textcolor>Selected</textcolor>
                            <label>$INFO[ListItem.Label]</label>
                        </control>
                        <control type="label">
                            <right>30</right>
                            <posy>160</posy>
                            <align>left</align>
                            <width>310</width>
                            <textcolor>Selected</textcolor>
                            <font>Font-ListInfo-Small</font>
                            <label>$INFO[ListItem.Label2]</label>
                        </control>
                        <control type="group">
                            <posx>320</posx>
                            <posy>68r</posy>
                            <include>WatchedImageList</include>
                        </control>
                    </control>
                </focusedlayout>
                

            </control>
            
            <control type="scrollbar" id="60">
                <posx>-8</posx>
                <posy>listy</posy>
                <height>690</height>
                <include>DefScrollBarMove</include>
                <animation effect="fade" start="100" end="25" time="400" condition="!Control.HasFocus(60) + !Container.Scrolling">Conditional</animation>
                <animation effect="fade" start="100" end="0" condition="!IntegerGreaterThan(Container.NumPages,1) + !Control.HasFocus(60)">Conditional</animation>
            </control>
            
        </control>

    </include>

</includes>
