<?xml version="1.0" encoding="UTF-8"?>
<!-- Foundation -->
<includes>
    <include name="51ListEpisodeContent">
        <control type="group">
            <width>bigposterwborder</width>
            <control type="image">
                <width>bigposterwborder</width>
                <height>globalh</height>
                <texture border="5" colordiffuse="PosterBorder">common/border-inner.png</texture>
                <aspectratio>scale</aspectratio>
            </control>
            <control type="image">
                <posx>globalpad</posx>
                <posy>globalpad</posy>
                <width>bigposterw</width>
                <height>bigposterhfanart</height>
                <texture background="true">$VAR[FanartImage]</texture>
                <aspectratio>scale</aspectratio>
            </control>
            <control type="group">
                <posx>64r</posx>
                <posy>10</posy>
                <include>WatchedImage</include>
            </control>
            
            <control type="group">
                <posy>bigposterhfanart</posy>
                <left>globalpad</left>
                <right>globalpad</right>
                <control type="group">
                    <top>20</top>
                    <left>globalpad</left>
                    <right>globalpad</right>
                    <height>312</height>
                    <control type="label">
					                        <align>right</align>

                        <posy>6</posy>
                        <width>100%</width>
                        <height>48</height>
                        <aligny>top</aligny>
                        <label>$INFO[ListItem.Label]</label>
                    </control>
                    <control type="label">
					                        <align>right</align>

                        <posy>48</posy>
                        <width>100%</width>
                        <height>48</height>
                        <aligny>top</aligny>
                        <label>$VAR[VARLabel3]</label>
                        <font>Font-ListInfo-Small</font>
                    </control>
                    <control type="textbox">
					                        <align>right</align>

                        <posy>104</posy>
                        <width>100%</width>
                        <height>160</height>
                        <label>$VAR[PlotBox]</label>
                        <font>Font-ListInfo-Small</font>
                        <align>justify</align>
                    </control>
                </control>
                <control type="group">
                    <left>8</left>
                    <centerbottom>100</centerbottom>
                    <height>64</height>
                    <control type="image">
                        <width>48</width>
                        <height>64</height>
                        <texture colordiffuse="PanelFG-NF">flags/year.png</texture>
                        <aspectratio align="left">scale</aspectratio>
                        <visible>!IsEmpty(ListItem.Year)</visible>
                    </control>
                    <control type="label">
                        <posx>68</posx>
                        <width>150</width>
                        <height>64</height>
                        <align>left</align>
                        <aligny>center</aligny>
                        <label>$INFO[ListItem.Year]</label>
                        <font>Flag</font>
                        <textcolor>PanelFG-NF</textcolor>
                        <visible>!IsEmpty(ListItem.Year)</visible>
                    </control>
                </control>
                <control type="group">
                    <left>246</left>
                    <centerbottom>100</centerbottom>
                    <height>64</height>
                    <control type="image">
                        <width>52</width>
                        <height>64</height>
                        <texture colordiffuse="PanelFG-NF">flags/time.png</texture>
                        <aspectratio align="left">scale</aspectratio>
                        <visible>!IsEmpty(ListItem.Duration)</visible>
                    </control>
                    <control type="label">
                        <posx>68</posx>
                        <width>150</width>
                        <height>64</height>
                        <align>left</align>
                        <aligny>center</aligny>
                        <label>$INFO[ListItem.Duration,, $LOCALIZE[31107]]</label>
                        <font>Flag</font>
                        <textcolor>PanelFG-NF</textcolor>
                        <visible>!IsEmpty(ListItem.Duration)</visible>
                    </control>
                    
                    
                </control>
                <control type="group">
                    <left>8</left>
                    <centerbottom>40</centerbottom>
                    <height>64</height>
                    <control type="image">
                        <width>48</width>
                        <height>64</height>
                        <texture colordiffuse="PanelFG-NF">flags/video.png</texture>
                        <aspectratio align="left">scale</aspectratio>
                        <visible>!IsEmpty(ListItem.VideoCodec)</visible>
                    </control>
                    <control type="label">
                        <posx>68</posx>
                        <width>150</width>
                        <height>64</height>
                        <align>left</align>
                        <aligny>center</aligny>
                        <label>$INFO[ListItem.VideoResolution]</label>
                        <font>Flag</font>
                        <textcolor>PanelFG-NF</textcolor>
                        <visible>!IsEmpty(ListItem.VideoCodec)</visible>
                    </control>
                </control>
                <control type="group">
                    <left>246</left>
                    <centerbottom>40</centerbottom>
                    <height>64</height>
     
                    <control type="image">
                        <width>48</width>
                        <height>64</height>
                        <texture colordiffuse="PanelFG-NF">flags/audio.png</texture>
                        <aspectratio align="left">scale</aspectratio>
                        <visible>!IsEmpty(ListItem.AudioCodec)</visible>
                    </control>
                    <control type="label">
                        <posx>68</posx>
                        <width>auto</width>
                        <height>64</height>
                        <align>left</align>
                        <aligny>center</aligny>
                        <label>$VAR[LabelAudioChannels]</label>
                        <font>Flag</font>
                        <textcolor>PanelFG-NF</textcolor>
                        <visible>!IsEmpty(ListItem.AudioCodec)</visible>
                    </control>
                    
                    
                </control>
                
            </control>
        </control>
    
    </include>
    <include name="51ListContent">
        <width>bigposterwborder</width>
        <control type="image">
            <width>bigposterwborder</width>
            <height>globalh</height>
            <texture border="5" colordiffuse="PosterBorder">common/border-inner.png</texture>
            <aspectratio>scale</aspectratio>
        </control>
        <control type="image">
            <posx>globalpad</posx>
            <posy>globalpad</posy>
            <width>bigposterw</width>
            <height>bigposterh</height>
            <texture background="true">$VAR[PosterImage]</texture>
            <aspectratio>scale</aspectratio>
        </control>
        <control type="group">
            <posx>64r</posx>
            <posy>10</posy>
            <include>WatchedImage</include>
        </control>
        <control type="group">
            <visible>Skin.HasSetting(posterview.labels)</visible>
            <control type="image">
                <posx>globalpad</posx>
                <bottom>globalpad</bottom>
                <width>bigposterw</width>
                <height>58</height>
                <texture colordiffuse="PanelBG">common/white.png</texture>
                <aspectratio>scale</aspectratio>
                <animation effect="fade" start="100" end="66" condition="true">Conditional</animation>
            </control>
            <control type="label">
                <posx>25</posx>
                <bottom>globalpad</bottom>
                <width>bigposterwplot</width>
                <height>58</height>
                <aligny>center</aligny>
                <label>$INFO[ListItem.Label]</label>
            </control>
            <control type="label">
                <right>25</right>
                <bottom>globalpad</bottom>
                <width>bigposterwplot</width>
                <height>58</height>
                <aligny>center</aligny>
                <align>right</align>
                <font>Font-ListInfo-Small</font>
                <label>$INFO[ListItem.Label2]</label>
            </control>
        </control>
    </include>
    <include name="51ListSquareContent">
        <width>bigposterwborder</width>
        <control type="image">
            <width>bigposterwborder</width>
            <height>bigposterhborder</height>
            <texture border="5" colordiffuse="PosterBorder">common/border-inner.png</texture>
            <aspectratio>scale</aspectratio>
        </control>
        <control type="image">
            <posx>globalpad</posx>
            <posy>globalpad</posy>
            <width>bigposterw</width>
            <height>bigposterw</height>
            <texture background="true">$VAR[PosterImage]</texture>
            <aspectratio>scale</aspectratio>
        </control>
        <control type="group">
            <posx>globalpad</posx>
            <control type="group">
                <control type="textbox">
                    <posx>globalpad</posx>
                    <posy>480</posy>
                    <height>80</height>
                    <width>bigposterwplot</width>
                    <align>center</align>
                    <font>Font-Button</font>
                    <textcolor>Selected</textcolor>
                    <label>$VAR[VARLabel]</label>
                </control>
                <control type="textbox">
                    <posx>globalpad</posx>
                    <posy>580</posy>
                    <height>80</height>
                    <width>bigposterwplot</width>
                    <align>center</align>
                    <font>Font-ListInfo</font>
                    <textcolor>Selected</textcolor>
                    <label>$INFO[ListItem.Label2]</label>
                </control>
            </control>
        </control>
    </include>
    <include name="View_51_Poster">
    
        <control type="group">
            <visible>Control.IsVisible(51)</visible>
            <include>Animation.ViewChange</include>
            <include>DefSideLabel</include>
        </control>
        <control type="group">
            <visible>Control.IsVisible(51)</visible>
            <include>Animation.ViewChange</include>
            
            <control type="fixedlist" id="51">
                <posx>listpad</posx>
                <posy>210</posy>
                <width>1458</width>
                <height>globalh</height>
                <onleft>51</onleft>
                <onright>51</onright>
                <focusposition>1</focusposition>
                <preloaditems>2</preloaditems>
                <onup>9000</onup>
                <include>DefOnBack</include>
                <ondown>60</ondown>
                <pagecontrol>60</pagecontrol>
                <viewtype label="31152">list</viewtype>
                <scrolltime tween="quadratic">400</scrolltime>
                <orientation>horizontal</orientation>
                <focusposition>1</focusposition>
                <movement>1</movement>
                <itemlayout width="bigposterwlist" height="globalh" condition="[Window.IsVisible(MyVideoPlaylist.xml) | Container.Content(episodes) | Container.Content(tvshows) | Container.Content(seasons) | Container.Content(sets) | Container.Content(movies) | Container.Content(artists)]">
                    <control type="group">
                        <visible>[!Window.IsVisible(MyVideoPlaylist.xml) + !Container.Content(artists) + !Container.Content(episodes) + ![[Skin.HasSetting(posterview.tvinfo) + Container.Content(tvshows)] | [Skin.HasSetting(posterview.info) + Container.Content(movies)]]] | stringcompare(ListItem.Label,..)</visible>
                        <include>51ListContent</include>
                    </control>
                    <control type="group">
                        <visible>[Window.IsVisible(MyVideoPlaylist.xml) | Container.Content(artists) | Container.Content(episodes) | [Skin.HasSetting(posterview.tvinfo) + Container.Content(tvshows)] | [Skin.HasSetting(posterview.info) + Container.Content(movies)]] + !stringcompare(ListItem.Label,..)</visible>
                        <include>51ListEpisodeContent</include>
                    </control>
                </itemlayout>
                <itemlayout width="bigposterwlist" height="globalh" condition="![Window.IsVisible(MyVideoPlaylist.xml) | Container.Content(episodes) | Container.Content(tvshows) | Container.Content(seasons) | Container.Content(sets) | Container.Content(movies) | Container.Content(artists)]">
                    <control type="group">
                        <include>51ListSquareContent</include>
                    </control>
                </itemlayout>
                <focusedlayout width="bigposterwlist" height="globalh" condition="[Window.IsVisible(MyVideoPlaylist.xml) | Container.Content(episodes) | Container.Content(tvshows) | Container.Content(seasons) | Container.Content(sets) | Container.Content(movies) | Container.Content(artists)]">
                    <control type="group">
                        <visible>[!Window.IsVisible(MyVideoPlaylist.xml) + !Container.Content(artists) + !Container.Content(episodes) + ![[Skin.HasSetting(posterview.tvinfo) + Container.Content(tvshows)] | [Skin.HasSetting(posterview.info) + Container.Content(movies)]]] | stringcompare(ListItem.Label,..)</visible>
                        <control type="group">
                            <visible>!Control.HasFocus(51)</visible>
                            <include>51ListContent</include>
                        </control>
                        <control type="group">
                            <width>bigposterwborder</width>
                            <visible>Control.HasFocus(51)</visible>
                            <control type="image">
                                <width>bigposterwborder</width>
                                <height>globalh</height>
                                <texture colordiffuse="$VAR[Highlight6]">common/white.png</texture>
                                <aspectratio>scale</aspectratio>
								<visible>!Skin.HasSetting(home.colortilehigh)</visible>
                            </control>
							<control type="image">
                                <width>bigposterwborder</width>
                                <height>globalh</height>
                                <texture colordiffuse="$VAR[HighlightColor]">common/white.png</texture>
                                <aspectratio>scale</aspectratio>
								<visible>Skin.HasSetting(home.colortilehigh)</visible>
                            </control>
                            <control type="image">
                                <posx>globalpad</posx>
                                <posy>globalpad</posy>
                                <width>bigposterw</width>
                                <height>bigposterh</height>
                                <texture background="true">$VAR[PosterImage]</texture>
                                <aspectratio>scale</aspectratio>
                            </control>
                            <control type="group">
                                <posx>64r</posx>
                                <posy>10</posy>
                                <include>WatchedImage</include>
                            </control>
                            <control type="group">
                                <visible>Skin.HasSetting(posterview.labels)</visible>
                                <control type="image">
                                    <posx>globalpad</posx>
                                    <bottom>globalpad</bottom>
                                    <width>bigposterw</width>
                                    <height>58</height>
                                    <texture colordiffuse="PanelBG">common/white.png</texture>
                                    <aspectratio>scale</aspectratio>
                                    <animation effect="fade" start="100" end="66" condition="true">Conditional</animation>
                                </control>
                                <control type="label">
                                    <posx>25</posx>
                                    <bottom>globalpad</bottom>
                                    <width>bigposterwplot</width>
                                    <height>58</height>
                                    <aligny>center</aligny>
                                    <textcolor>Selected</textcolor>
                                    <label>$INFO[ListItem.Label]</label>
                                </control>
                                <control type="label">
                                    <right>25</right>
                                    <bottom>globalpad</bottom>
                                    <width>bigposterwplot</width>
                                    <height>58</height>
                                    <aligny>center</aligny>
                                    <align>right</align>
                                    <font>Font-ListInfo-Small</font>
                                    <textcolor>Selected</textcolor>
                                    <label>$INFO[ListItem.Label2]</label>
                                </control>
                            </control>
                        </control>
                    </control>
                    <control type="group">
                        <visible>[Window.IsVisible(MyVideoPlaylist.xml) | Container.Content(artists) | Container.Content(episodes) | [Skin.HasSetting(posterview.tvinfo) + Container.Content(tvshows)] | [Skin.HasSetting(posterview.info) + Container.Content(movies)]] + !stringcompare(ListItem.Label,..)</visible>
                        <control type="group">
                            <visible>!Control.HasFocus(51)</visible>
                            <include>51ListEpisodeContent</include>
                        </control>
                        <control type="group">
                            <width>bigposterwborder</width>
                            <visible>Control.HasFocus(51)</visible>
                            <control type="image">
                                <width>bigposterwborder</width>
                                <height>globalh</height>
                                <texture colordiffuse="$VAR[Highlight6]">common/white.png</texture>
                                <aspectratio>scale</aspectratio>
                            </control>
                            <control type="image">
                                <posx>globalpad</posx>
                                <posy>globalpad</posy>
                                <width>bigposterw</width>
                                <height>bigposterhfanart</height>
                                <texture background="true">$VAR[FanartImage]</texture>
                                <aspectratio>scale</aspectratio>
                            </control>
                            <control type="group">
                                <posx>64r</posx>
                                <posy>10</posy>
                                <include>WatchedImage</include>
                            </control>
                            <control type="group">
                                <posy>bigposterhfanart</posy>
                                <left>globalpad</left>
                                <right>globalpad</right>
                                <control type="group">
                                    <top>20</top>
                                    <left>globalpad</left>
                                    <right>globalpad</right>
                                    <height>312</height>
                                    <control type="label">
										<align>right</align>
                                        <posy>6</posy>
                                        <width>100%</width>
                                        <height>48</height>
                                        <aligny>top</aligny>
                                        <textcolor>Selected</textcolor>
                                        <label>$INFO[ListItem.Label]</label>
                                    </control>
                                    <control type="label">
																			<align>right</align>

                                        <posy>48</posy>
                                        <width>100%</width>
                                        <height>48</height>
                                        <aligny>top</aligny>
                                        <textcolor>Selected</textcolor>
                                        <label>$VAR[VARLabel3]</label>
                                        <font>Font-ListInfo-Small</font>
                                    </control>
                                    <control type="textbox">
																			<align>right</align>

                                        <posy>104</posy>
                                        <width>100%</width>
                                        <height>160</height>
                                        <textcolor>Selected</textcolor>
                                        <label>$VAR[PlotBox]</label>
                                        <font>Font-ListInfo-Small</font>
                                        <align>justify</align>
                                    </control>
                                </control>
                                <control type="group">
                                    <left>8</left>
                                    <centerbottom>100</centerbottom>
                                    <height>64</height>
                                    <control type="image">
                                        <width>48</width>
                                        <height>64</height>
                                        <texture colordiffuse="Selected">flags/year.png</texture>
                                        <aspectratio align="left">scale</aspectratio>
                                        <visible>!IsEmpty(ListItem.Year)</visible>
                                    </control>
                                    <control type="label">
                                        <posx>68</posx>
                                        <width>150</width>
                                        <height>64</height>
                                        <align>left</align>
                                        <aligny>center</aligny>
                                        <label>$INFO[ListItem.Year]</label>
                                        <font>Flag</font>
                                        <textcolor>Selected</textcolor>
                                        <visible>!IsEmpty(ListItem.Year)</visible>
                                    </control>
                                </control>
                                <control type="group">
                                    <left>246</left>
                                    <centerbottom>100</centerbottom>
                                    <height>64</height>
                                    <control type="image">
                                        <width>52</width>
                                        <height>64</height>
                                        <texture colordiffuse="Selected">flags/time.png</texture>
                                        <aspectratio align="left">scale</aspectratio>
                                        <visible>!IsEmpty(ListItem.Duration)</visible>
                                    </control>
                                    <control type="label">
                                        <posx>68</posx>
                                        <width>150</width>
                                        <height>64</height>
                                        <align>left</align>
                                        <aligny>center</aligny>
                                        <label>$INFO[ListItem.Duration,, $LOCALIZE[31107]]</label>
                                        <font>Flag</font>
                                        <textcolor>Selected</textcolor>
                                        <visible>!IsEmpty(ListItem.Duration)</visible>
                                    </control>
                                    
                                    
                                </control>
                                <control type="group">
                                    <left>8</left>
                                    <centerbottom>40</centerbottom>
                                    <height>64</height>
                                    <control type="image">
                                        <width>48</width>
                                        <height>64</height>
                                        <texture colordiffuse="Selected">flags/video.png</texture>
                                        <aspectratio align="left">scale</aspectratio>
                                        <visible>!IsEmpty(ListItem.VideoCodec)</visible>
                                    </control>
                                    <control type="label">
                                        <posx>68</posx>
                                        <width>150</width>
                                        <height>64</height>
                                        <align>left</align>
                                        <aligny>center</aligny>
                                        <label>$INFO[ListItem.VideoResolution]</label>
                                        <font>Flag</font>
                                        <textcolor>Selected</textcolor>
                                        <visible>!IsEmpty(ListItem.VideoCodec)</visible>
                                    </control>
                                </control>
                                <control type="group">
                                    <left>246</left>
                                    <centerbottom>40</centerbottom>
                                    <height>64</height>
                     
                                    <control type="image">
                                        <width>48</width>
                                        <height>64</height>
                                        <texture colordiffuse="Selected">flags/audio.png</texture>
                                        <aspectratio align="left">scale</aspectratio>
                                        <visible>!IsEmpty(ListItem.AudioCodec)</visible>
                                    </control>
                                    <control type="label">
                                        <posx>68</posx>
                                        <width>auto</width>
                                        <height>64</height>
                                        <align>left</align>
                                        <aligny>center</aligny>
                                        <label>$VAR[LabelAudioChannels]</label>
                                        <font>Flag</font>
                                        <textcolor>Selected</textcolor>
                                        <visible>!IsEmpty(ListItem.AudioCodec)</visible>
                                    </control>
                                    
                                    
                                </control>
                                
                            </control>
                        
                        </control>
                    </control>
                </focusedlayout>
                <focusedlayout width="bigposterwlist" height="globalh" condition="![Container.Content(episodes) | Container.Content(tvshows) | Container.Content(seasons) | Container.Content(sets) | Container.Content(movies) | Container.Content(artists)]">
                    <control type="group">
                        <visible>!Control.HasFocus(51)</visible>
                        <include>51ListSquareContent</include>
                    </control>
                    <control type="group">
                        <visible>Control.HasFocus(51)</visible>
                        <width>bigposterwborder</width>
                        <control type="image">
                            <width>bigposterwborder</width>
                            <height>bigposterhborder</height>
                        <texture colordiffuse="$VAR[Highlight6]">common/white.png</texture>
                            <aspectratio>scale</aspectratio>
                        </control>
                        <control type="image">
                            <posx>globalpad</posx>
                            <posy>globalpad</posy>
                            <width>bigposterw</width>
                            <height>bigposterw</height>
                            <texture background="true">$VAR[PosterImage]</texture>
                            <aspectratio>scale</aspectratio>
                        </control>
                        <control type="group">
                            <posx>globalpad</posx>
                            <control type="group">
                                <control type="textbox">
                                    <posx>globalpad</posx>
                                    <posy>480</posy>
                                    <height>80</height>
                                    <width>bigposterwplot</width>
                                    <align>center</align>
                                    <font>Font-Button</font>
                                    <textcolor>Selected</textcolor>
                                    <label>$VAR[VARLabel]</label>
                                </control>
                                <control type="textbox">
                                    <posx>globalpad</posx>
                                    <posy>580</posy>
                                    <height>80</height>
                                    <width>bigposterwplot</width>
                                    <align>center</align>
                                    <font>Font-ListInfo</font>
                                    <textcolor>Selected</textcolor>
                                    <label>$INFO[ListItem.Label2]</label>
                                </control>
                            </control>
                        </control>
                    </control>
                </focusedlayout>
            </control>
            
            <control type="scrollbar" id="60">
                <posx>listpad</posx>
                <posy>918</posy>
                <width>globalw</width>
                <height>8</height>
                <onup>51</onup>
                <ondown>9000</ondown>
                <orientation>horizontal</orientation>
                <animation effect="fade" start="100" end="25" time="400" condition="!Control.HasFocus(60) + !Container.Scrolling">Conditional</animation>
                <animation effect="fade" start="100" end="0" condition="!IntegerGreaterThan(Container.NumPages,1) + !Control.HasFocus(60)">Conditional</animation>
            </control>
        </control>

    </include>

</includes>
