<?xml version="1.0" encoding="UTF-8"?>
<window>
	<defaultcontrol>7</defaultcontrol>
	<controls>
		<control type="image">
			<posx>0</posx>
			<posy>0</posy>
			<width>1920</width>
			<height>1080</height>
			<texture>black.png</texture>
			<animation effect="fade" start="0" end="70" time="300">WindowOpen</animation>
			<animation effect="fade" start="70" end="0" time="300">WindowClose</animation>
		</control>
		<control type="group">
			
			<include>DialogFade7</include>
			<control type="button">
				<posx>1860</posx>
				<posy>30</posy>
				<width>30</width>
				<height>30</height>
				<texturefocus>close-window-focus.png</texturefocus>
				<texturenofocus>close-window-nofocus.png</texturenofocus>
				<onclick>Dialog.Close(pvrchannelmanager)</onclick>
				<visible>Skin.HasSetting(TouchScreenMode)</visible>
			</control>
			<control type="label">
				<description>heading label</description>
				<posx>60</posx>
				<posy>68</posy>
				<width>1800</width>
				<height>45</height>
				<align>center</align>
				<aligny>center</aligny>
				<textcolor>blue</textcolor>
				<shadowcolor>black</shadowcolor>
				<font>font-32</font>
				<label>$VAR[DialogPVRChannelManagerHeader]</label>
			</control>
			<control type="image">
				<posx>60</posx>
				<posy>126</posy>
				<width>1800</width>
				<height>3</height>
				<texture>separator.png</texture>
			</control>
			<control type="group">
				<posx>150</posx>
				<posy>52</posy>
				<control type="radiobutton" id="7">
					<description>Channel activated</description>
					<posx>0</posx>
					<posy>120</posy>
					<width>750</width>
					<height>52</height>
					<textoffsetx>18</textoffsetx>
					<font>font-20</font>
					<textcolor>white</textcolor>
					<focusedcolor>white</focusedcolor>
					<shadowcolor>black</shadowcolor>
					<texturefocus border="7">list-focus.png</texturefocus>
					<texturenofocus border="7">list-nofocus.png</texturenofocus>
					<label>19074</label>
					<onup>9000</onup>
					<ondown>8</ondown>
					<onleft>20</onleft>
					<onright>20</onright>
				</control>
				<control type="edit" id="8">
					<description>Channel name</description>
					<posx>0</posx>
					<posy>172</posy>
					<width>750</width>
					<height>52</height>
					<textoffsetx>18</textoffsetx>
					<font>font-20</font>
					<textcolor>white</textcolor>
					<focusedcolor>white</focusedcolor>
					<shadowcolor>black</shadowcolor>
					<texturefocus border="7">list-focus.png</texturefocus>
					<texturenofocus border="7">list-nofocus.png</texturenofocus>
					<label>19201</label>
					<onup>7</onup>
					<ondown>9</ondown>
					<onleft>20</onleft>
					<onright>20</onright>
				</control>
				<control type="button" id="9">
					<description>Channellogo Button</description>
					<posx>0</posx>
					<posy>225</posy>
					<width>750</width>
					<height>52</height>
					<textoffsetx>18</textoffsetx>
					<font>font-20</font>
					<textcolor>white</textcolor>
					<focusedcolor>white</focusedcolor>
					<shadowcolor>black</shadowcolor>
					<texturefocus border="7">list-focus.png</texturefocus>
					<texturenofocus border="7">list-nofocus.png</texturenofocus>
					<label>19202</label>
					<onup>8</onup>
					<ondown>12</ondown>
					<onleft>20</onleft>
					<onright>20</onright>
				</control>
				<control type="radiobutton" id="12">
					<description>EPG activated</description>
					<posx>0</posx>
					<posy>278</posy>
					<width>750</width>
					<height>52</height>
					<textoffsetx>18</textoffsetx>
					<font>font-20</font>
					<textcolor>white</textcolor>
					<focusedcolor>white</focusedcolor>
					<shadowcolor>black</shadowcolor>
					<texturefocus border="7">list-focus.png</texturefocus>
					<texturenofocus border="7">list-nofocus.png</texturenofocus>
					<label>19206</label>
					<onup>9</onup>
					<ondown>13</ondown>
					<onleft>20</onleft>
					<onright>20</onright>
				</control>
				<control type="spincontrolex" id="13">
					<description>EPG source</description>
					<posx>0</posx>
					<posy>330</posy>
					<width>750</width>
					<height>52</height>
					<textoffsetx>18</textoffsetx>
					<font>font-20</font>
					<textcolor>white</textcolor>
					<focusedcolor>white</focusedcolor>
					<shadowcolor>black</shadowcolor>
					<texturefocus border="7">list-focus.png</texturefocus>
					<texturenofocus border="7">list-nofocus.png</texturenofocus>
					<label>19200</label>
					<onup>12</onup>
					<ondown>14</ondown>
					<onleft>20</onleft>
					<onright>20</onright>
				</control>
				<control type="radiobutton" id="14">
					<description>Parental lock</description>
					<posx>0</posx>
					<posy>382</posy>
					<width>750</width>
					<height>52</height>
					<textoffsetx>18</textoffsetx>
					<font>font-20</font>
					<textcolor>white</textcolor>
					<focusedcolor>white</focusedcolor>
					<shadowcolor>black</shadowcolor>
					<texturefocus border="7">list-focus.png</texturefocus>
					<texturenofocus border="7">list-nofocus.png</texturenofocus>
					<label>19267</label>
					<onup>13</onup>
					<ondown>30</ondown>
					<onleft>20</onleft>
					<onright>20</onright>
				</control>
			</control>
			<control type="image">
				<description>Logo</description>
				<posx>375</posx>
				<posy>528</posy>
				<width>300</width>
				<height>300</height>
				<aspectratio>keep</aspectratio>
				<texture>$INFO[ListItem.Property(Icon)]</texture>
			</control>
			<control type="image">
				<posx>958</posx>
				<posy>156</posy>
				<width>3</width>
				<height>699</height>
				<texture>separator2.png</texture>
			</control>
			<control type="group" id="9001">
				<posx>210</posx>
				<posy>870</posy>
				<control type="button" id="30">
					<description>Groups</description>
					<posx>0</posx>
					<posy>0</posy>
					<width>300</width>
					<height>52</height>
					<font>font-20</font>
					<textcolor>white</textcolor>
					<focusedcolor>white</focusedcolor>
					<shadowcolor>black</shadowcolor>
					<align>center</align>
					<aligny>center</aligny>
					<texturefocus border="7">button-nofocus.png</texturefocus>
					<texturenofocus border="7">button-nofocus.png</texturenofocus>
					<label>19205</label>
					<onup>7</onup>
					<ondown>9000</ondown>
					<onleft>32</onleft>
					<onright>34</onright>
				</control>
				<control type="button" id="34">
					<description>Channels</description>
					<posx>300</posx>
					<posy>0</posy>
					<width>300</width>
					<height>52</height>
					<font>font-20</font>
					<textcolor>white</textcolor>
					<focusedcolor>white</focusedcolor>
					<shadowcolor>black</shadowcolor>
					<align>center</align>
					<aligny>center</aligny>
					<texturefocus border="7">button-nofocus.png</texturefocus>
					<texturenofocus border="7">button-nofocus.png</texturenofocus>
					<label>$VAR[DialogPVRChannelManagerButton]</label>
					<onup>7</onup>
					<ondown>9000</ondown>
					<onleft>30</onleft>
					<onright>33</onright>
				</control>
				<control type="button" id="33">
					<description>New</description>
					<posx>600</posx>
					<posy>0</posy>
					<width>300</width>
					<height>52</height>
					<font>font-20</font>
					<textcolor>white</textcolor>
					<focusedcolor>white</focusedcolor>
					<shadowcolor>black</shadowcolor>
					<align>center</align>
					<aligny>center</aligny>
					<texturefocus border="7">button-nofocus.png</texturefocus>
					<texturenofocus border="7">button-nofocus.png</texturenofocus>
					<label>19204</label>
					<onup>7</onup>
					<ondown>9000</ondown>
					<onleft>34</onleft>
					<onright>31</onright>
				</control>
				<control type="button" id="31">
					<description>Edit</description>
					<posx>900</posx>
					<posy>0</posy>
					<width>300</width>
					<height>52</height>
					<font>font-20</font>
					<textcolor>white</textcolor>
					<focusedcolor>white</focusedcolor>
					<shadowcolor>black</shadowcolor>
					<align>center</align>
					<aligny>center</aligny>
					<texturefocus border="7">button-nofocus.png</texturefocus>
					<texturenofocus border="7">button-nofocus.png</texturenofocus>
					<label>19203</label>
					<onup>7</onup>
					<ondown>9000</ondown>
					<onleft>33</onleft>
					<onright>32</onright>
				</control>
				<control type="button" id="32">
					<description>Delete</description>
					<posx>1200</posx>
					<posy>0</posy>
					<width>300</width>
					<height>52</height>
					<font>font-20</font>
					<textcolor>white</textcolor>
					<focusedcolor>white</focusedcolor>
					<shadowcolor>black</shadowcolor>
					<align>center</align>
					<aligny>center</aligny>
					<texturefocus border="7">button-nofocus.png</texturefocus>
					<texturenofocus border="7">button-nofocus.png</texturenofocus>
					<label>19211</label>
					<onup>7</onup>
					<ondown>9000</ondown>
					<onleft>31</onleft>
					<onright>30</onright>
				</control>
				<control type="image">
					<posx>0</posx>
					<posy>0</posy>
					<width>300</width>
					<height>52</height>
					<texture border="7">button-focus.png</texture>
					<animation effect="slide" start="0,0" end="300,0" time="200" condition="Control.HasFocus(34)">Conditional</animation>
					<animation effect="slide" start="0,0" end="600,0" time="200" condition="Control.HasFocus(33)">Conditional</animation>
					<animation effect="slide" start="0,0" end="900,0" time="200" condition="Control.HasFocus(31)">Conditional</animation>
					<animation effect="slide" start="0,0" end="1200,0" time="200" condition="Control.HasFocus(32)">Conditional</animation>
					<visible>Control.HasFocus(30) | Control.HasFocus(31) | Control.HasFocus(32) | Control.HasFocus(33) | Control.HasFocus(34)</visible>
				</control>
			</control>
			<control type="image">
				<posx>0</posx>
				<posy>960</posy>
				<width>1920</width>
				<height>3</height>
				<texture>separator.png</texture>
			</control>
			<control type="group" id="9000">
				<posx>510</posx>
				<posy>990</posy>
				<control type="button" id="4">
					<description>OK</description>
					<posx>0</posx>
					<posy>0</posy>
					<width>300</width>
					<height>52</height>
					<font>font-20</font>
					<textcolor>white</textcolor>
					<focusedcolor>white</focusedcolor>
					<shadowcolor>black</shadowcolor>
					<align>center</align>
					<aligny>center</aligny>
					<texturefocus border="7">button-nofocus.png</texturefocus>
					<texturenofocus border="7">button-nofocus.png</texturenofocus>
					<label>186</label>
					<onup>9001</onup>
					<ondown>7</ondown>
					<onleft>5</onleft>
					<onright>6</onright>
				</control>
				<control type="button" id="6">
					<description>Cancel</description>
					<posx>300</posx>
					<posy>0</posy>
					<width>300</width>
					<height>52</height>
					<font>font-20</font>
					<textcolor>white</textcolor>
					<focusedcolor>white</focusedcolor>
					<shadowcolor>black</shadowcolor>
					<align>center</align>
					<aligny>center</aligny>
					<texturefocus border="7">button-nofocus.png</texturefocus>
					<texturenofocus border="7">button-nofocus.png</texturenofocus>
					<label>222</label>
					<onup>9001</onup>
					<ondown>7</ondown>
					<onleft>4</onleft>
					<onright>5</onright>
				</control>
				<control type="button" id="5">
					<description>Apply</description>
					<posx>600</posx>
					<posy>0</posy>
					<width>300</width>
					<height>52</height>
					<font>font-20</font>
					<textcolor>white</textcolor>
					<focusedcolor>white</focusedcolor>
					<shadowcolor>black</shadowcolor>
					<align>center</align>
					<aligny>center</aligny>
					<texturefocus border="7">button-nofocus.png</texturefocus>
					<texturenofocus border="7">button-nofocus.png</texturenofocus>
					<label>14070</label>
					<onup>9001</onup>
					<ondown>7</ondown>
					<onleft>6</onleft>
					<onright>4</onright>
				</control>
				<control type="image">
					<posx>0</posx>
					<posy>0</posy>
					<width>300</width>
					<height>52</height>
					<texture border="7">button-focus.png</texture>
					<animation effect="slide" start="0,0" end="300,0" time="200" condition="Control.HasFocus(6)">Conditional</animation>
					<animation effect="slide" start="0,0" end="600,0" time="200" condition="Control.HasFocus(5)">Conditional</animation>
					<visible>Control.HasFocus(4) | Control.HasFocus(5) | Control.HasFocus(6)</visible>
				</control>
			</control>
			<control type="list" id="20">
				<posx>1020</posx>
				<posy>180</posy>
				<width>705</width>
				<height>654</height>
				<onup>20</onup>
				<ondown>20</ondown>
				<onleft>7</onleft>
				<onright>61</onright>
				<pagecontrol>61</pagecontrol>
				<scrolltime>200</scrolltime>
				<itemlayout width="705" height="44">
					<control type="image">
						<posx>0</posx>
						<posy>0</posy>
						<width>705</width>
						<height>45</height>
						<texture border="7">list-nofocus.png</texture>
					</control>
					<control type="image">
						<posx>60</posx>
						<posy>6</posy>
						<width>33</width>
						<height>33</height>
						<texture>$INFO[ListItem.Property(Icon)]</texture>
						<aspectratio>keep</aspectratio>
					</control>
					<control type="label">
						<posx>108</posx>
						<posy>0</posy>
						<width>75</width>
						<height>52</height>
						<font>font-20</font>
						<textcolor>white</textcolor>
						<selectedcolor>blue</selectedcolor>
						<align>left</align>
						<aligny>center</aligny>
						<label>$INFO[ListItem.Property(Number)]</label>
					</control>
					<control type="label">
						<posx>195</posx>
						<posy>0</posy>
						<width>435</width>
						<height>52</height>
						<font>font-20</font>
						<textcolor>white</textcolor>
						<selectedcolor>blue</selectedcolor>
						<align>left</align>
						<aligny>center</aligny>
						<label>$INFO[ListItem.Property(Name)]</label>
					</control>
					<control type="image">
						<posx>651</posx>
						<posy>3</posy>
						<width>39</width>
						<height>39</height>
						<texture border="5">pvr_record.png</texture>
						<visible>ListItem.Property(Changed)</visible>
					</control>
				</itemlayout>
				<focusedlayout width="705" height="44">
					<control type="image">
						<posx>0</posx>
						<posy>0</posy>
						<width>705</width>
						<height>45</height>
						<texture border="7">list-nofocus.png</texture>
					</control>
					<control type="image">
						<posx>0</posx>
						<posy>0</posy>
						<width>705</width>
						<height>45</height>
						<texture border="7">list-focus2.png</texture>
						<include>ListFocusScroll4</include>
						<visible>Control.HasFocus(20)</visible>
					</control>
					<control type="image">
						<posx>60</posx>
						<posy>6</posy>
						<width>33</width>
						<height>33</height>
						<texture>$INFO[ListItem.Property(Icon)]</texture>
						<aspectratio>keep</aspectratio>
					</control>
					<control type="label">
						<posx>108</posx>
						<posy>0</posy>
						<width>75</width>
						<height>52</height>
						<font>font-20</font>
						<textcolor>white</textcolor>
						<selectedcolor>blue</selectedcolor>
						<align>left</align>
						<aligny>center</aligny>
						<label>$INFO[ListItem.Property(Number)]</label>
					</control>
					<control type="label">
						<posx>195</posx>
						<posy>0</posy>
						<width>435</width>
						<height>52</height>
						<font>font-20</font>
						<textcolor>white</textcolor>
						<selectedcolor>blue</selectedcolor>
						<align>left</align>
						<aligny>center</aligny>
						<label>$INFO[ListItem.Property(Name)]</label>
					</control>
					<control type="image">
						<posx>651</posx>
						<posy>3</posy>
						<width>39</width>
						<height>39</height>
						<texture border="5">pvr_record.png</texture>
						<visible>ListItem.Property(Changed)</visible>
					</control>
				</focusedlayout>
			</control>
			<control type="scrollbar" id="61">
				<posx>1740</posx>
				<posy>180</posy>
				<width>30</width>
				<height>657</height>
				<texturesliderbackground border="0,10,0,10">scrollbar-back.png</texturesliderbackground>
				<texturesliderbar border="0,10,0,10">scrollbar-front-nofocus.png</texturesliderbar>
				<texturesliderbarfocus border="0,10,0,10">scrollbar-front.png</texturesliderbarfocus>
				<textureslidernib>scrollbar-nib-nofocus.png</textureslidernib>
				<textureslidernibfocus>scrollbar-nib.png</textureslidernibfocus>
				<onleft>20</onleft>
				<onright>9001</onright>
				<showonepage>false</showonepage>
				<orientation>vertical</orientation>
			</control>
		</control>
	</controls>
</window>
