<?xml version="1.0" encoding="UTF-8"?>
<window>
	<coordinates>
		<posx>660</posx>
		<posy>0</posy>
	</coordinates>
	<controls>
		<control type="group">
			<posy>10</posy>
			<visible>!Window.IsVisible(startup)</visible>
			<animation effect="slide" start="0,-100" end="0,0" tween="circle" easing="In" time="550">WindowOpen</animation>
			<animation effect="slide" start="0,0" end="0,-100" tween="circle" easing="Out" time="550">WindowClose</animation>
			<control type="image">
				<posx>0</posx>
				<posy>0</posy>
				<width>530</width>
				<height>60</height>
				<texture background="true" border="10,10,10,10">baloon3.png</texture>
			</control>
			<control type="image" id="400">
				<description>avatar</description>
				<posx>10</posx>
				<posy>2</posy>
				<width>56</width>
				<height>56</height>
				<aspectratio>keep</aspectratio>
				<texture colordiffuse="grey">defaulticoninfo.png</texture>
			</control>
			<!--<control type="image" id="403">
				<description>avatar</description>
				<posx>30</posx>
				<width>45</width>
				<height>45</height>
				<aspectratio>keep</aspectratio>
				<texture>kai-information.png</texture>
				<visible>false</visible>
			</control>
			<control type="image" id="404">
				<description>avatar</description>
				<posx>30</posx>
				<width>45</width>
				<height>45</height>
				<aspectratio>keep</aspectratio>
				<texture>kai-warning.png</texture>
				<visible>false</visible>
			</control>
			<control type="image" id="405">
				<description>avatar</description>
				<posx>30</posx>
				<width>45</width>
				<height>45</height>
				<aspectratio>keep</aspectratio>
				<texture>kai-error.png</texture>
				<visible>false</visible>
			</control> -->
			<control type="label" id="401">
				<description>Line 1 Label</description>
				<posx>75</posx>
				<posy>5</posy>
				<width>450</width>
				<height>24</height>
				<align>center</align>
				<aligny>center</aligny>
				<font>font-18</font>
				<textcolor>grey</textcolor>
			</control>
			<control type="label" id="402">
				<description>Line 2 Label</description>
				<posx>75</posx>
				<posy>28</posy>
				<width>450</width>
				<height>24</height>
				<align>center</align>
				<aligny>center</aligny>
				<font>font-18</font>
				<scroll>true</scroll>
				<textcolor>grey</textcolor>
			</control>
		</control>
	</controls>
</window>
