<?xml version="1.0" encoding="UTF-8"?>
<window>
	<defaultcontrol>5</defaultcontrol>
	<controls>
		<control type="image">
			<posx>0</posx>
			<posy>0</posy>
			<width>1920</width>
			<height>1080</height>
			<texture>black.png</texture>
			<animation effect="fade" start="0" end="70" time="300">WindowOpen</animation>
			<animation effect="fade" start="70" end="0" time="300">WindowClose</animation>
		</control>
		<control type="group">
			<control type="image">
				<posx>0</posx>
				<posy>878</posy>
				<width>1920</width>
				<height>172</height>
				<texture border="10">underlay.png</texture>
			</control>
			<control type="image">
				<posx>75</posx>
				<posy>765</posy>
				<width>234</width>
				<height>315</height>
				<texture>$VAR[DialogPictureInfoImage]</texture>
			</control>
			<control type="label">
				<posx>370</posx>
				<posy>896</posy>
				<width>825</width>
				<height>45</height>
				<font>font-30</font>
				<textcolor>blue</textcolor>
				<shadowcolor>black</shadowcolor>
				<align>left</align>
				<aligny>center</aligny>
				<label>[B]$INFO[ListItem.label][/B]</label>
			</control>
			<control type="label">
				<posx>370</posx>
				<posy>933</posy>
				<width>825</width>
				<height>45</height>
				<font>font-20</font>
				<textcolor>white</textcolor>
				<shadowcolor>black</shadowcolor>
				<align>left</align>
				<aligny>center</aligny>
				<label>$INFO[ListItem.PictureResolution,[UPPERCASE][COLOR=lightblue]$LOCALIZE[21805]: [/COLOR][/UPPERCASE]]</label>
			</control>
			<control type="label">
				<posx>370</posx>
				<posy>963</posy>
				<width>825</width>
				<height>45</height>
				<font>font-20</font>
				<textcolor>white</textcolor>
				<shadowcolor>black</shadowcolor>
				<align>left</align>
				<aligny>center</aligny>
				<label>$INFO[ListItem.PictureDateTime,[UPPERCASE][COLOR=lightblue]$LOCALIZE[21820]: [/COLOR][/UPPERCASE]]</label>
			</control>
			<control type="label">
				<posx>370</posx>
				<posy>993</posy>
				<width>825</width>
				<height>45</height>
				<font>font-20</font>
				<textcolor>white</textcolor>
				<shadowcolor>black</shadowcolor>
				<align>left</align>
				<aligny>center</aligny>
				<label>$INFO[ListItem.Label2,[UPPERCASE][COLOR=lightblue]$LOCALIZE[21802]: [/COLOR][/UPPERCASE]]</label>
			</control>
		</control>
		<control type="group">

			<control type="button">
				<posx>1860</posx>
				<posy>30</posy>
				<width>30</width>
				<height>30</height>
				<texturefocus>close-window-focus.png</texturefocus>
				<texturenofocus>close-window-nofocus.png</texturenofocus>
				<onclick>Dialog.Close(pictureinfo)</onclick>
				<visible>Skin.HasSetting(TouchScreenMode)</visible>
			</control>
			<control type="label">
				<description>heading label</description>
				<posx>60</posx>
				<posy>68</posy>
				<width>1800</width>
				<height>45</height>
				<align>center</align>
				<aligny>center</aligny>
				<textcolor>blue</textcolor>
				<shadowcolor>black</shadowcolor>
				<font>font-32</font>
				<label>$LOCALIZE[13406]</label>
			</control>
			<control type="image">
				<posx>60</posx>
				<posy>126</posy>
				<width>1800</width>
				<height>3</height>
				<texture>separator.png</texture>
			</control>
			<control type="list" id="5">
				<posx>420</posx>
				<posy>162</posy>
				<width>1800</width>
				<height>525</height>
				<onleft>49</onleft>
				<onright>61</onright>
				<onup>5</onup>
				<ondown>5</ondown>
				<pagecontrol>61</pagecontrol>
				<scrolltime>200</scrolltime>
				<itemlayout width="1800" height="44">
					<control type="image">
						<posx>0</posx>
						<posy>0</posy>
						<width>1080</width>
						<height>45</height>
						<texture border="7">list-nofocus.png</texture>
					</control>
					<control type="label">
						<posx>15</posx>
						<posy>0</posy>
						<width>285</width>
						<height>45</height>
						<font>font-20</font>
						<aligny>center</aligny>
						<textcolor>lightblue</textcolor>
						<selectedcolor>blue</selectedcolor>
						<align>right</align>
						<label>[UPPERCASE][B]$INFO[ListItem.Label]:[/B][/UPPERCASE]</label>
					</control>
					<control type="label">
						<posx>315</posx>
						<posy>0</posy>
						<width>750</width>
						<height>45</height>
						<font>font-20</font>
						<aligny>center</aligny>
						<selectedcolor>blue</selectedcolor>
						<align>left</align>
						<label>$INFO[ListItem.Label2]</label>
					</control>
				</itemlayout>
				<focusedlayout width="1800" height="44">
					<control type="image">
						<posx>0</posx>
						<posy>0</posy>
						<width>1080</width>
						<height>45</height>
						<colordiffuse>FFFFFFFF</colordiffuse>
						<texture border="7">list-nofocus.png</texture>
					</control>
					<control type="image">
						<posx>0</posx>
						<posy>0</posy>
						<width>1080</width>
						<height>45</height>
						<colordiffuse>FFFFFFFF</colordiffuse>
						<visible>Control.HasFocus(5)</visible>
						<texture border="7">list-focus2.png</texture>
						<include>ListFocusScroll9</include>
					</control>
					<control type="label">
						<posx>15</posx>
						<posy>0</posy>
						<width>285</width>
						<height>45</height>
						<font>font-20</font>
						<aligny>center</aligny>
						<textcolor>lightblue</textcolor>
						<selectedcolor>blue</selectedcolor>
						<align>right</align>
						<label>[UPPERCASE][B]$INFO[ListItem.Label]:[/B][/UPPERCASE]</label>
					</control>
					<control type="label">
						<posx>315</posx>
						<posy>0</posy>
						<width>750</width>
						<height>45</height>
						<font>font-20</font>
						<aligny>center</aligny>
						<selectedcolor>blue</selectedcolor>
						<align>left</align>
						<label>$INFO[ListItem.Label2]</label>
					</control>
				</focusedlayout>
			</control>
			<control type="spincontrol" id="61">
				<description>Next page button</description>
				<posx>1770</posx>
				<posy>1048</posy>
				<subtype>page</subtype>
				<font>font-19</font>
				<onleft>5</onleft>
				<onright>5</onright>
				<ondown>5</ondown>
				<onup>5</onup>
				<textcolor>white</textcolor>
				<showonepage>true</showonepage>
			</control>
			<control type="image">
				<posx>60</posx>
				<posy>720</posy>
				<width>1800</width>
				<height>3</height>
				<texture>separator.png</texture>
			</control>
		</control>
	</controls>
</window>
