<?xml version="1.0" encoding="UTF-8"?>
<window>
	<defaultcontrol always="true">20</defaultcontrol>
	<controls>

		<control type="group">
			<animation effect="zoom" start="0" end="100" center="900,480" time="400">WindowOpen</animation>
			<animation effect="zoom" start="100" end="0" center="900,480" time="400">WindowClose</animation>
			<posy>80</posy>
			<control type="image">
				<description>background image</description>
				<posx>0</posx>
				<posy>0</posy>
				<width>1920</width>
				<height>1000</height>
				<texture background="true" colordiffuse="grey_50">white.png</texture>
				<bordertexture colordiffuse="grey">white.png</bordertexture>
				<bordersize>2</bordersize>
			</control>
			<control type="label">
				<description>heading label</description>
				<posx>0</posx>
				<posy>30</posy>
				<width>1920</width>
				<height>45</height>
				<align>center</align>
				<aligny>center</aligny>
				<textcolor>white</textcolor>
				<font>font-32</font>
				<label>20333</label>
			</control>

			<control type="image">
				<posx>75</posx>
				<posy>115</posy>
				<width>1770</width>
				<height>2</height>
				<texture>white.png</texture>
			</control>
			<control type="image">
				<posx>75</posx>
				<posy>520</posy>
				<width>1770</width>
				<height>2</height>
				<texture>white.png</texture>
			</control>
			<control type="spincontrolex" id="20">
				<description>Content Picker</description>
				<posx>300</posx>
				<posy>130</posy>
				<width>1320</width>
				<height>45</height>
				<texturefocus colordiffuse="grey_a">white.png</texturefocus>
				<texturenofocus colordiffuse="darkgrey">-</texturenofocus>
				<font>font-20</font>
				<label>[B]$LOCALIZE[20344][/B]</label>
				<aligny>center</aligny>
				<reverse>yes</reverse>
				<onup>28</onup>
				<ondown>21</ondown>
				<onleft>20</onleft>
				<onright>20</onright>
			</control>
			<control type="list" id="21">
				<posx>300</posx>
				<posy>214</posy>
				<width>675</width>
				<height>300</height>
				<onup>20</onup>
				<onleft>5</onleft>
				<onright>61</onright>
				<ondown>5</ondown>
				<pagecontrol>61</pagecontrol>
				<scrolltime>200</scrolltime>
				<itemlayout width="675" height="45">
					<control type="image">
						<posx>8</posx>
						<posy>2</posy>
						<width>40</width>
						<height>40</height>
						<texture>$INFO[Listitem.Icon]</texture>
						<aspectratio>keep</aspectratio>
					</control>
					<control type="label">
						<posx>75</posx>
						<posy>0</posy>
						<width>510</width>
						<height>45</height>
						<font>font-20</font>
						<align>left</align>
						<aligny>center</aligny>
						<textcolor>white</textcolor>
						<selectedcolor>$VAR[main_color]</selectedcolor>
						<label>$INFO[ListItem.Label]</label>
					</control>
				</itemlayout>
				<focusedlayout width="675" height="45">
					<control type="image">
						<posx>0</posx>
						<posy>0</posy>
						<width>1320</width>
						<height>45</height>
						<texture colordiffuse="grey">white.png</texture>
					</control>
					<control type="image">
						<posx>0</posx>
						<posy>0</posy>
						<width>1320</width>
						<height>45</height>
						<texture colordiffuse="darkgrey">white.png</texture>
						<visible>!Control.HasFocus(21)</visible>
					</control>
					<control type="image">
						<posx>8</posx>
						<posy>2</posy>
						<width>40</width>
						<height>40</height>
						<texture>$INFO[Listitem.Icon]</texture>
						<aspectratio>keep</aspectratio>
					</control>
					<control type="label">
						<posx>75</posx>
						<posy>0</posy>
						<width>510</width>
						<height>45</height>
						<font>font-20</font>
						<align>left</align>
						<aligny>center</aligny>
						<textcolor>grey_a</textcolor>
						<selectedcolor>$VAR[main_color]</selectedcolor>
						<label>$INFO[ListItem.Label]</label>
						<visible>!Control.HasFocus(21)</visible>
					</control>
					<control type="label">
						<posx>75</posx>
						<posy>0</posy>
						<width>510</width>
						<height>45</height>
						<font>font-20</font>
						<align>left</align>
						<aligny>center</aligny>
						<textcolor>white</textcolor>
						<selectedcolor>$VAR[main_color]</selectedcolor>
						<label>$INFO[ListItem.Label]</label>
						<visible>Control.HasFocus(21)</visible>
					</control>
				</focusedlayout>
			</control>
			<control type="scrollbar" id="61">
				<posx>945</posx>
				<posy>225</posy>
				<width>10</width>
				<height>353</height>
				<include>scroll_bar</include>
				<onleft>21</onleft>
				<onright>5</onright>
				<showonepage>false</showonepage>
				<orientation>vertical</orientation>
			</control>
			<control type="image">
				<description>scraper image</description>
				<posx>1350</posx>
				<posy>214</posy>
				<width>256</width>
				<height>256</height>
				<aspectratio>keep</aspectratio>
				<texture>$INFO[Container(21).ListItem.Icon]</texture>
			</control>
			<control type="grouplist" id="5">
				<description>control area</description>
				<posx>300</posx>
				<posy>540</posy>
				<width>1320</width>
				<height>225</height>
				<itemgap>0</itemgap>
				<onup>21</onup>
				<ondown>28</ondown>
				<onleft>5</onleft>
				<onright>5</onright>
			</control>
			<control type="button" id="7">
				<description>default Button</description>
				<posx>0</posx>
				<posy>0</posy>
				<height>45</height>
				<font>font-20</font>
			</control>
			<control type="radiobutton" id="8">
				<description>default RadioButton</description>
				<posx>0</posx>
				<posy>0</posy>
				<radiowidth>44</radiowidth>
				<radioheight>42</radioheight>
				<textureradioonfocus colordiffuse="$VAR[main_color]">dialogs/on.png</textureradioonfocus>
				<textureradioonnofocus colordiffuse="$VAR[main_color]">dialogs/on.png</textureradioonnofocus>
				<textureradioofffocus>dialogs/off.png</textureradioofffocus>
				<textureradiooffnofocus>dialogs/off.png</textureradiooffnofocus>
				<texturefocus>dialogs/grey1.png</texturefocus>
				<texturenofocus colordiffuse="darkgrey">white.png</texturenofocus>
				<label>-</label>
				<font>font-20</font>
				<textcolor>white</textcolor>
				<focusedcolor>$VAR[main_color]</focusedcolor>
				<disabledcolor>darkgrey</disabledcolor>
				<textoffsetx>10</textoffsetx>
				<aligny>center</aligny>
				<pulseonselect>false</pulseonselect>
			</control>

			<control type="grouplist" id="9001">
				<posx>300</posx>
				<posy>850</posy>
				<width>1000</width>
				<height>55</height>
				<itemgap>0</itemgap>
				<onleft>9001</onleft>
				<onright>9001</onright>
				<onup>5</onup>
				<ondown>20</ondown>
				<orientation>horizontal</orientation>
				<control type="button" id="28">
					<description>Ok Button</description>
					<width>300</width>
					<label>186</label>
				</control>
				<control type="button" id="29">
					<description>Cancel Button</description>
					<width>300</width>
					<label>222</label>
				</control>
				<control type="button" id="22">
					<description>Settings Button</description>
					<width>300</width>
					<label>5</label>
				</control>
			</control>

		</control>
	</controls>
</window>
