<?xml version="1.0" encoding="UTF-8"?>
<window>
	<defaultcontrol always="true">10</defaultcontrol>
	<controls>
		<control type="image">
			<posx>0</posx>
			<posy>0</posy>
			<width>1920</width>
			<height>1080</height>
			<texture>black.png</texture>
			<animation effect="fade" start="0" end="70" time="300">WindowOpen</animation>
			<animation effect="fade" start="70" end="0" time="300">WindowClose</animation>
		</control>
		<control type="group">
			<include>DialogFade5</include>
			<control type="image">
				<posx>0</posx>
				<posy>840</posy>
				<width>1920</width>
				<height>222</height>
				<texture border="10">underlay.png</texture>
			</control>
			<control type="image">
				<posx>12</posx>
				<posy>758</posy>
				<width>315</width>
				<height>315</height>
				<aspectratio scalediffuse="false">scale</aspectratio>
				<texture diffuse="thumb-diffuse.png" background="true">$INFO[Listitem.Icon]</texture>
				<bordersize>6</bordersize>
				<fadetime>IconCrossfadeTime</fadetime>
			</control>
			<control type="label">
				<posx>338</posx>
				<posy>858</posy>
				<width>1290</width>
				<height>45</height>
				<font>font-30</font>
				<textcolor>blue</textcolor>
				<shadowcolor>black</shadowcolor>
				<align>left</align>
				<aligny>center</aligny>
				<label>[UPPERCASE]$INFO[ListItem.Title][/UPPERCASE]</label>
			</control>
			<control type="label">
				<posx>338</posx>
				<posy>904</posy>
				<width>1500</width>
				<height>30</height>
				<font>font-23</font>
				<textcolor>white</textcolor>
				<shadowcolor>black</shadowcolor>
				<align>left</align>
				<aligny>center</aligny>
				<label>[B]$INFO[ListItem.Date][/B]</label>
			</control>
			<control type="textbox">
				<description>Description Value</description>
				<posx>338</posx>
				<posy>938</posy>
				<width>1500</width>
				<height>98</height>
				<font>font-19</font>
				<align>justify</align>
				<textcolor>white</textcolor>
				<pagecontrol>61</pagecontrol>
				<label>$INFO[ListItem.Plot]</label>
				<autoscroll time="2000" delay="8000" repeat="5000">!Skin.HasSetting(AutoScroll)</autoscroll>
				<animation effect="fade" time="200">Visible</animation>
				<animation effect="fade" time="200">Hidden</animation>
			</control>
		</control>
		<control type="group">
			
			<control type="button">
				<posx>1860</posx>
				<posy>30</posy>
				<width>30</width>
				<height>30</height>
				<texturefocus>close-window-focus.png</texturefocus>
				<texturenofocus>close-window-nofocus.png</texturenofocus>
				<onclick>Dialog.Close(pvrrecordinginfo)</onclick>
				<visible>Skin.HasSetting(TouchScreenMode)</visible>
			</control>
			<control type="label">
				<description>Title value</description>
				<posx>60</posx>
				<posy>68</posy>
				<width>1800</width>
				<height>45</height>
				<align>center</align>
				<aligny>center</aligny>
				<textcolor>blue</textcolor>
				<shadowcolor>black</shadowcolor>
				<label>$LOCALIZE[19053]</label>
				<font>font-32</font>
			</control>
			<control type="image">
				<posx>60</posx>
				<posy>126</posy>
				<width>1800</width>
				<height>3</height>
				<texture>separator.png</texture>
			</control>
			<control type="group">
				
				<control type="list" id="49">
					<posx>120</posx>
					<posy>210</posy>
					<width>1800</width>
					<height>398</height>
					<onleft>49</onleft>
					<onright>49</onright>
					<onup>61</onup>
					<ondown>10</ondown>
					<pagecontrol>-</pagecontrol>
					<scrolltime>200</scrolltime>
					<itemlayout width="1800" height="44">
						<control type="image">
							<posx>0</posx>
							<posy>0</posy>
							<width>1749</width>
							<height>45</height>
							<texture border="7">list-nofocus.png</texture>
							
						</control>
						<control type="label">
							<posx>0</posx>
							<posy>0</posy>
							<width>240</width>
							<height>45</height>
							<font>font-20</font>
							<align>right</align>
							<aligny>center</aligny>
							<textcolor>lightblue</textcolor>
							<selectedcolor>white</selectedcolor>
							<label>$INFO[ListItem.Label]</label>
						</control>
						<control type="label">
							<posx>262</posx>
							<posy>0</posy>
							<width>1470</width>
							<height>45</height>
							<font>font-20</font>
							<align>left</align>
							<aligny>center</aligny>
							<textcolor>white</textcolor>
							<selectedcolor>white</selectedcolor>
							<label>$INFO[ListItem.Label2]</label>
						</control>
					</itemlayout>
					<focusedlayout width="1800" height="44">
						<control type="image">
							<posx>0</posx>
							<posy>0</posy>
							<width>1749</width>
							<height>45</height>
							<texture border="7">list-nofocus.png</texture>
							
						</control>
						<control type="image">
							<posx>0</posx>
							<posy>0</posy>
							<width>1749</width>
							<height>45</height>
							<texture border="7">list-focus2.png</texture>
							
							<visible>Control.HasFocus(49)</visible>
							<include>ListFocusScroll22</include>
						</control>
						<control type="label">
							<posx>0</posx>
							<posy>0</posy>
							<width>240</width>
							<height>45</height>
							<font>font-20</font>
							<align>right</align>
							<aligny>center</aligny>
							<textcolor>lightblue</textcolor>
							<selectedcolor>white</selectedcolor>
							<label>$INFO[ListItem.Label]</label>
						</control>
						<control type="label">
							<posx>262</posx>
							<posy>0</posy>
							<width>1470</width>
							<height>45</height>
							<font>font-20</font>
							<align>left</align>
							<aligny>center</aligny>
							<textcolor>white</textcolor>
							<selectedcolor>white</selectedcolor>
							<label>$INFO[ListItem.Label2]</label>
						</control>
					</focusedlayout>
					<content>
						<item>
							<label>[UPPERCASE][B]$LOCALIZE[556]:[/B][/UPPERCASE]</label>
							<label2>$INFO[ListItem.Title]</label2>
							<onclick>noop</onclick>
						</item>
						<item>
							<label>[UPPERCASE][B]$LOCALIZE[19148]:[/B][/UPPERCASE]</label>
							<label2>$INFO[ListItem.ChannelName]</label2>
							<onclick>noop</onclick>
						</item>
						<item>
							<label>[UPPERCASE][B]$LOCALIZE[180]:[/B][/UPPERCASE]</label>
							<label2>$INFO[ListItem.Duration]</label2>
							<onclick>noop</onclick>
						</item>
						<item>
							<label>[UPPERCASE][B]$LOCALIZE[552]:[/B][/UPPERCASE]</label>
							<label2>$INFO[ListItem.StartDate]</label2>
							<onclick>noop</onclick>
						</item>
						<item>
							<label>[UPPERCASE][B]$LOCALIZE[142][/B][/UPPERCASE]</label>
							<label2>$INFO[ListItem.StartTime]</label2>
							<onclick>noop</onclick>
						</item>
						<item>
							<label>[UPPERCASE][B]$LOCALIZE[135]:[/B][/UPPERCASE]</label>
							<label2>$INFO[ListItem.Genre]</label2>
							<onclick>noop</onclick>
						</item>
						<item>
							<label>[UPPERCASE][B]$LOCALIZE[203]:[/B][/UPPERCASE]</label>
							<label2>$INFO[ListItem.PlotOutline]</label2>
							<onclick>noop</onclick>
						</item>
					</content>
				</control>
			</control>
			<control type="spincontrol" id="61">
				<description>Next page button</description>
				<posx>1770</posx>
				<posy>1048</posy>
				<subtype>page</subtype>
				<font>font-19</font>
				<onleft>61</onleft>
				<onright>61</onright>
				<ondown>49</ondown>
				<onup>10</onup>
				<textcolor>white</textcolor>
				<showonepage>true</showonepage>
			</control>
			<control type="group" id="9000">
				<control type="button" id="10">
					<description>Ok button</description>
					<posx>810</posx>
					<posy>680</posy>
					<width>300</width>
					<height>52</height>
					<font>font-20</font>
					<textcolor>white</textcolor>
					<focusedcolor>white</focusedcolor>
					<shadowcolor>black</shadowcolor>
					<align>center</align>
					<aligny>center</aligny>
					<texturefocus border="7">button-focus.png</texturefocus>
					<texturenofocus border="7">button-nofocus.png</texturenofocus>
					<label>186</label>
					<onleft>10</onleft>
					<onright>10</onright>
					<onup>49</onup>
					<ondown>61</ondown>
				</control>
			</control>
		</control>
	</controls>
</window>
