<?xml version="1.0" encoding="UTF-8"?>
<window>
	<defaultcontrol always="true">8</defaultcontrol>
	<allowoverlay>no</allowoverlay>

	<controls>
		<control type="group">
		<animation effect="fade" delay="400" time="300">WindowClose</animation>
			<control type="image">
				<posx>0</posx>
				<posy>0</posy>
				<width>1920</width>
				<height>1080</height>
				<texture background="true" colordiffuse="black">white.png</texture>
				<bordertexture colordiffuse="grey">white.png</bordertexture>	
				<bordersize>2</bordersize>
				<animation effect="fade" start="0" end="100" time="0">WindowOpen</animation>
			</control>
			<control type="image">
				<posx>0</posx>
				<posy>0</posy>
				<width>1920</width>
				<height>1080</height>
				<texture background="true">$INFO[ListItem.Property(Fanart_Image)]</texture>
				<animation effect="fade" start="100" end="20" time="0">WindowOpen</animation>
			</control>

			<control type="label">
				<description>Title value</description>
				<posx>0</posx>
				<posy>10</posy>
				<height>80</height>
				<width>1920</width>
				<textcolor>$VAR[main_color]</textcolor>
				<align>center</align>
				<label>$INFO[ListItem.Title]</label>
				<font>font-40</font>
				<scroll>true</scroll>
				<scrollspeed>30</scrollspeed>
				<animation effect="slide" start="0,-100" end="0,0" delay="300" tween="sine" time="300">WindowOpen</animation>
				<animation effect="slide" start="0,0" end="0,-100" tween="sine" time="300">WindowClose</animation>
			</control>
			<control type="label">
				<description>Title value</description>
				<posx>0</posx>
				<posy>80</posy>
				<height>80</height>
				<width>1920</width>
				<textcolor>white</textcolor>
				<align>center</align>
				<label>$INFO[ListItem.OriginalTitle]</label>
				<font>font-30</font>
				<scroll>true</scroll>
				<scrollspeed>30</scrollspeed>
				<visible>!StringCompare(ListItem.OriginalTitle,ListItem.Title) + !IsEmpty(ListItem.OriginalTitle)</visible>
				<animation effect="slide" start="0,-150" end="0,0" delay="300" tween="sine" time="300">WindowOpen</animation>
				<animation effect="slide" start="0,0" end="0,-150" tween="sine" time="300">WindowClose</animation>
			</control>
			<control type="label">
				<description>TVShowTitle value</description>
				<posx>0</posx>
				<posy>80</posy>
				<height>80</height>
				<width>1920</width>
				<textcolor>white</textcolor>
				<align>center</align>
				<label>$INFO[ListItem.TVShowTitle]</label>
				<font>font-30</font>
				<scroll>true</scroll>
				<scrollspeed>30</scrollspeed>
				<visible>!IsEmpty(ListItem.TVShowTitle) + Container.Content(Episodes)</visible>
				<animation effect="slide" start="0,-150" end="0,0" delay="300" tween="sine" time="300">WindowOpen</animation>
				<animation effect="slide" start="0,0" end="0,-150" tween="sine" time="300">WindowClose</animation>
			</control>


			<control type="image">
				<posx>2</posx>
				<posy>165</posy>
				<width>1916</width>
				<height>1</height>
				<texture colordiffuse="grey">white.png</texture>
				<animation effect="slide" start="0,-170" end="0,0" tween="sine" time="300">WindowOpen</animation>
				<animation effect="slide" start="0,0" end="0,-170" tween="sine" time="300">WindowClose</animation>

			</control>


			<control type="textbox" id="59">
				<animation effect="slide" start="-1800,0" end="0,0" delay="200" tween="sine" time="300">WindowOpen</animation>
				<animation effect="slide" start="0,0" end="-1800,0" tween="sine" time="400">WindowClose</animation>
				<description>Plot Value for Movies</description>
				<posx>20</posx>
				<posy>400</posy><!--870-->
				<width>1400</width>
				<height>315</height>
				<font>font-22</font>
				<align>right</align>
				<textcolor>grey_b</textcolor>
				<label>$VAR[ViewFanartText]</label>
				<pagecontrol>61</pagecontrol>
				<autoscroll time="3000" delay="45000" repeat="15000">!Control.HasFocus(61) + Skin.HasSetting(AutoScroll)</autoscroll>
			</control>
			<control type="scrollbar" id="61">
				<animation effect="slide" start="-1800,0" end="0,0" delay="200" tween="sine" time="300">WindowOpen</animation>
				<animation effect="slide" start="0,0" end="-1800,0" tween="sine" time="400">WindowClose</animation>
				<description>scroll for plot button</description>
				<posx>1430</posx>
				<posy>400</posy>
				<width>10</width>
				<height>315</height>
				<include>scroll_bar</include>
				<onleft>9000</onleft>
				<onright>9000</onright>
				<ondown>50</ondown>
				<onup>50</onup>
				<showonepage>false</showonepage>
			</control>


			<control type="grouplist">
				<animation effect="slide" start="-1800,0" end="0,0" delay="200" tween="sine" time="300">WindowOpen</animation>
				<animation effect="slide" start="0,0" end="-1800,0" tween="sine" time="400">WindowClose</animation>
				<posx>300</posx>
				<posy>160</posy>
				<usecontrolcoords>true</usecontrolcoords>
				<width>1120</width>
				<height>300</height>
				<itemgap>28</itemgap>
				<orientation>vertical</orientation>
				<control type="group">
					<visible>!IsEmpty(ListItem.Director)</visible>	
					<control type="label">
						<posx>1120</posx>
						<posy>0</posy>
						<height>40</height>
						<width>120</width>
						<textcolor>grey_b</textcolor>
						<align>right</align>
						<label>$LOCALIZE[20339]:</label>
						<font>font-20</font>
					</control>
					<control type="label">
						<posx>1000</posx>
						<posy>4</posy>
						<height>40</height>
						<width>1000</width>
						<textcolor>grey_a</textcolor>
						<align>right</align>
						<label>$INFO[ListItem.Director]</label>
						<font>font-18</font>
					</control>
				</control>


				<control type="group">
					<visible>!IsEmpty(ListItem.Writer)</visible>	
					<control type="label">
						<posx>1120</posx>
						<posy>0</posy>
						<height>40</height>
						<width>120</width>
						<textcolor>grey_b</textcolor>
						<align>right</align>
						<label>$LOCALIZE[20417]:</label>
						<font>font-20</font>
					</control>
					<control type="label">
						<posx>1000</posx>
						<posy>4</posy>
						<height>40</height>
						<width>1000</width>
						<textcolor>grey_a</textcolor>
						<align>right</align>
						<label>$INFO[ListItem.Writer]</label>
						<font>font-18</font>
					</control>
				</control>


				<control type="group">
					<visible>!IsEmpty(ListItem.Studio)</visible>	
					<control type="label">
						<posx>1120</posx>
						<posy>0</posy>
						<height>40</height>
						<width>120</width>
						<textcolor>grey_b</textcolor>
						<align>right</align>
						<label>$LOCALIZE[572]:</label>
						<font>font-20</font>
					</control>
					<control type="label">
						<posx>1010</posx>
						<posy>4</posy>
						<height>40</height>
						<width>990</width>
						<textcolor>grey_a</textcolor>
						<align>right</align>
						<label>$INFO[ListItem.Studio]</label>
						<scroll>true</scroll>
						<scrollspeed>35</scrollspeed>
						<font>font-18</font>
					</control>
				</control>

				<control type="group">
					<visible>!IsEmpty(ListItem.Country)</visible>	
					<control type="label">
						<posx>1120</posx>
						<posy>0</posy>
						<height>40</height>
						<width>120</width>
						<textcolor>grey_b</textcolor>
						<align>right</align>
						<label>$LOCALIZE[574]:</label>
						<font>font-20</font>
					</control>
					<control type="label">
						<posx>1010</posx>
						<posy>4</posy>
						<height>40</height>
						<width>990</width>
						<textcolor>grey_a</textcolor>
						<align>right</align>
						<label>$INFO[ListItem.Country]</label>
						<font>font-18</font>
					</control>
				</control>

				<control type="group">
					<visible>!IsEmpty(ListItem.RatingAndVotes)</visible>	
					<control type="label">
						<posx>1120</posx>
						<posy>0</posy>
						<height>40</height>
						<width>120</width>
						<textcolor>grey_b</textcolor>
						<align>right</align>
						<label>$LOCALIZE[563]:</label>
						<font>font-20</font>
					</control>
					<control type="label">
						<posx>1010</posx>
						<posy>4</posy>
						<height>40</height>
						<width>990</width>
						<textcolor>grey_a</textcolor>
						<align>right</align>
						<label>$INFO[ListItem.RatingAndVotes]</label>
						<font>font-18</font>
					</control>
				</control>
				<control type="group">
					<visible>!IsEmpty(ListItem.PlayCount)</visible>	
					<control type="label">
						<posx>1120</posx>
						<posy>0</posy>
						<height>40</height>
						<width>260</width>
						<textcolor>grey_b</textcolor>
						<align>right</align>
						<label>$LOCALIZE[567]:</label>
						<font>font-20</font>
					</control>
					<control type="label">
						<posx>880</posx>
						<posy>4</posy>
						<height>40</height>
						<width>860</width>
						<textcolor>grey_a</textcolor>
						<align>right</align>
						<label>$INFO[ListItem.PlayCount]$INFO[ListItem.LastPlayed, ($LOCALIZE[568]: ,)]</label>
						<font>font-18</font>
					</control>
				</control>
				<control type="group">
					<visible>!IsEmpty(ListItem.TagLine)</visible>	
					<control type="label">
						<posx>1120</posx>
						<posy>0</posy>
						<height>40</height>
						<width>260</width>
						<textcolor>grey_b</textcolor>
						<align>right</align>
						<label>$LOCALIZE[202]:</label>
						<font>font-20</font>
					</control>
					<control type="label">
						<posx>1010</posx>
						<posy>4</posy>
						<height>40</height>
						<width>990</width>
						<textcolor>grey_a</textcolor>
						<align>right</align>
						<label>$INFO[ListItem.TagLine]</label>
						<font>font-18</font>
						<scroll>true</scroll>
						<scrollspeed>35</scrollspeed>
					</control>
				</control>

				<control type="group">
					<visible>!IsEmpty(ListItem.Premiered)</visible>	
					<control type="label">
						<posx>1120</posx>
						<posy>0</posy>
						<height>40</height>
						<width>260</width>
						<textcolor>grey_b</textcolor>
						<align>right</align>
						<label>$LOCALIZE[20416]:</label>
						<font>font-20</font>
					</control>
					<control type="label">
						<posx>920</posx>
						<posy>4</posy>
						<height>40</height>
						<width>860</width>
						<textcolor>grey_a</textcolor>
						<align>right</align>
						<label>$INFO[ListItem.Premiered]</label>
						<font>font-18</font>
					</control>
				</control>
				<control type="group">
					<visible>!IsEmpty(ListItem.Date) + IsEmpty(ListItem.Premiered)</visible>	
					<control type="label">
						<posx>1120</posx>
						<posy>0</posy>
						<height>40</height>
						<width>260</width>
						<textcolor>grey_b</textcolor>
						<align>right</align>
						<label>$LOCALIZE[552]:</label>
						<font>font-20</font>
					</control>
					<control type="label">
						<posx>920</posx>
						<posy>4</posy>
						<height>40</height>
						<width>860</width>
						<textcolor>grey_a</textcolor>
						<align>right</align>
						<label>$INFO[ListItem.Date]</label>
						<font>font-18</font>
					</control>
				</control>
				<control type="group">
					<visible>!IsEmpty(ListItem.NextDate)</visible>	
					<control type="label">
						<posx>1120</posx>
						<posy>0</posy>
						<height>40</height>
						<width>260</width>
						<textcolor>grey_b</textcolor>
						<align>right</align>
						<label>$LOCALIZE[15311]:</label>
						<font>font-20</font>
					</control>
					<control type="label">
						<posx>920</posx>
						<posy>4</posy>
						<height>40</height>
						<width>860</width>
						<textcolor>grey_a</textcolor>
						<align>right</align>
						<label>$INFO[ListItem.NextDate]</label>
						<font>font-18</font>
					</control>
				</control>
				<control type="group">
					<visible>!IsEmpty(ListItem.Artist)</visible>	
					<control type="label">
						<posx>1120</posx>
						<posy>0</posy>
						<height>40</height>
						<width>260</width>
						<textcolor>grey_b</textcolor>
						<align>right</align>
						<label>$LOCALIZE[557]:</label>
						<font>font-20</font>
					</control>
					<control type="label">
						<posx>1010</posx>
						<posy>4</posy>
						<height>40</height>
						<width>990</width>
						<textcolor>grey_a</textcolor>
						<align>right</align>
						<label>$INFO[ListItem.Artist]</label>
						<font>font-18</font>
					</control>
				</control>

				<control type="group">
					<visible>!IsEmpty(ListItem.Album)</visible>	
					<control type="label">
						<posx>1120</posx>
						<posy>0</posy>
						<height>40</height>
						<width>260</width>
						<textcolor>grey_b</textcolor>
						<align>right</align>
						<label>$LOCALIZE[558]:</label>
						<font>font-20</font>
					</control>
					<control type="label">
						<posx>1010</posx>
						<posy>4</posy>
						<height>40</height>
						<width>990</width>
						<textcolor>grey_a</textcolor>
						<align>right</align>
						<label>$INFO[ListItem.Album]</label>
						<font>font-18</font>
					</control>
				</control>		
			</control>
			<!-- Flags -->
			<control type="group">
				<posx>2</posx>
				<animation effect="slide" start="0,120" end="0,0" delay="200" tween="sine" time="300">WindowOpen</animation>
				<animation effect="slide" start="0,0" end="0,120" tween="sine" time="400">WindowClose</animation>
				<include name="flags_movies"><param name="posy">1025</param></include>
			</control>

			<control type="label">
				<animation effect="slide" start="-2000,0" end="0,0" delay="200" tween="sine" time="300">WindowOpen</animation>
				<animation effect="slide" start="0,0" end="0,-200" tween="sine" time="400">WindowClose</animation>
				<!-- <bottom>0</bottom> -->
				<posy>136</posy>
				<posx>5</posx>
				<height>30</height>
				<width>1900</width>
				<textcolor>grey_a</textcolor>
				<align>left</align>
				<aligny>center</aligny>
				<label>$INFO[ListItem.FileNameAndPath]</label>
				<wrapmultiline>false</wrapmultiline>
				<scroll>true</scroll>
				<scrollspeed>35</scrollspeed>
				<font>font-16</font>
			</control>


			<control type="grouplist" id="9000">		
				<posx>0</posx>
				<posy>940</posy>
				<align>right</align>
				<width>1450</width>
				<height>300</height>
				<itemgap>10</itemgap>
				<orientation>Horizontal</orientation>
				<onup>50</onup>
				<ondown>50</ondown>
				<onleft>9000</onleft>
				<onright>9000</onright>
				<animation effect="slide" start="0,300" end="0,0" tween="sine" easing="out" time="300">WindowOpen</animation>
				<animation effect="slide" start="0,0" end="0,300" tween="sine" time="300">WindowClose</animation>
				<control type="togglebutton" id="8">
					<description>Play/browse to Show</description>
					<width>213</width>
					<height>55</height>
					<font>font-20</font>
					<align>center</align>
					<aligny>center</aligny>
					<label>208</label>
					<altlabel>1024</altlabel>
					<textcolor>grey_b</textcolor>
					<focusedcolor>darkgrey</focusedcolor>
					<usealttexture>Container.Content(TVShows)</usealttexture>
					<texturefocus colordiffuse="grey_b">white.png</texturefocus>
					<texturenofocus>-</texturenofocus>
					<alttexturefocus colordiffuse="grey_b">white.png</alttexturefocus>
					<alttexturenofocus>-</alttexturenofocus>

				</control>
				<control type="button" id="11">
					<width>213</width>
					<height>55</height>
					<label>20410</label>
					<visible>Container.Content(Movies) + !IsEmpty(Listitem.trailer)</visible>
				</control>
				<control type="button" id="194">
					<description>Actors</description>
					<width>213</width>
					<height>55</height>
					<label>344</label>
				</control>
				<control type="button" id="6">
					<description>Refresh</description>
					<width>213</width>
					<height>55</height>
					<label>184</label>
				</control>
				<control type="button" id="1113">
					<description>Extras</description>
					<width>213</width>
					<height>55</height>
					<label>31216</label>
					<onclick condition="Container.Content(TVShows)">SetProperty(TVShowPath,$INFO[ListItem.FilenameAndPath],Home)</onclick>
					<onclick>Dialog.Close(all,true)</onclick>
					<onclick>ActivateWindow(1115)</onclick>					
				</control>

				<control type="button" id="195"> 
					<description>ExtendedInfo for Movies </description>
					<width>213</width>
					<height>55</height>
					<label>31064</label>
					<label>184</label>
					<onclick>Dialog.Close(MovieInformation)</onclick>
					<onclick>RunScript(script.extendedinfo,info=extendedinfo,dbid=$INFO[ListItem.DBID],name=$INFO[ListItem.Title])</onclick>
					<visible>Container.Content(Movies) + IsEmpty(ListItem.Season) + IsEmpty(ListItem.TVShowTitle) + !Container.Content(Episodes)</visible>
				</control>
				<control type="button" id="196"> 
					<description>ExtendedInfo for TVShows </description>
					<width>243</width>
					<height>55</height>
					<label>31093</label>
					<label>184</label>
					<onclick>Dialog.Close(MovieInformation)</onclick>
					<onclick>RunScript(script.extendedinfo,info=extendedtvinfo,dbid=$INFO[ListItem.DBID],name=$INFO[ListItem.TVShowTitle])</onclick>
					<visible>Container.Content(TVShows) | !IsEmpty(ListItem.TVShowTitle)</visible>
					<visible>System.HasAddon(script.extendedinfo)</visible>
				</control>
				<control type="button" id="197"> 
					<description>ExtendedInfo for Seasons </description>
					<width>243</width>
					<height>55</height>
					<label>31094</label>
					<label>184</label>
					<onclick>Dialog.Close(MovieInformation)</onclick>
					<onclick>RunScript(script.extendedinfo,info=seasoninfo,tvshow=$INFO[ListItem.TVShowTitle],season=$VAR[season_number])</onclick>
					<visible>Container.Content(Seasons) | [[!IsEmpty(ListItem.Season) | !IsEmpty(Window(home).Property(SeasonNumber))]+ !IsEmpty(ListItem.TVShowTitle)]</visible>
					<visible>System.HasAddon(script.extendedinfo)</visible>
				</control>
			</control>

			<control type="list" id="50">
				<animation effect="slide" start="0,400" end="0,0" tween="sine" easing="out" time="300">WindowOpen</animation>
				<animation effect="slide" start="0,0" end="0,400" tween="sine" time="300">WindowClose</animation>
				<animation effect="fade" start="100" end="80" time="0" condition="!Control.HasFocus(50)">Conditional</animation>
				<posx>400</posx>
				<posy>715</posy>
				<width>890</width>
				<height>250</height>
				<onleft>50</onleft>
				<onright>50</onright>
				<onup>61</onup>
				<ondown>9000</ondown>
				<viewtype label="">list</viewtype>
				<scrolltime>200</scrolltime>
				<orientation>horizontal</orientation>
				<visible>ControlGroup(9000).HasFocus(194)</visible>
				<itemlayout width="180" height="236">
					<control type="image">
						<posx>5</posx>
						<posy>17</posy>
						<width>156</width>
						<height>200</height>
						<aspectratio>strech</aspectratio>
						<texture>$INFO[ListItem.Icon]</texture>
						<bordertexture colordiffuse="grey_a">white.png</bordertexture>
						<bordersize>3</bordersize>
						<animation effect="fade" start="0" end="40" time="200" condition="true">Conditional</animation>
					</control>
					<control type="image">
						<posx>8</posx>
						<posy>175</posy>
						<width>150</width>
						<height>40</height>
						<texture>main/widget_title.png</texture>
					</control>	
					<control type="label">
						<posx>8</posx>
						<posy>172</posy>
						<description>Actor Name No-Focus</description>
						<height>40</height>
						<width>150</width>
						<textcolor>grey_a</textcolor>
						<align>center</align>
						<label>$INFO[ListItem.Label] $INFO[ListItem.Label2,(,)]</label>
						<font>font-20</font>
					</control>
				</itemlayout>
				<focusedlayout width="180" height="236">
					<control type="image">
						<posx>5</posx>
						<posy>17</posy>
						<width>156</width>
						<height>200</height>
						<aspectratio scalediffuse="false">strech</aspectratio>
						<texture>$INFO[ListItem.Icon]</texture>
						<bordertexture colordiffuse="$VAR[main_color]">white.png</bordertexture>
						<bordersize>3</bordersize>
						<animation effect="fade" start="0" end="80" time="200" condition="true">Conditional</animation>
					</control>
					<control type="image">
						<posx>8</posx>
						<posy>175</posy>
						<width>150</width>
						<height>40</height>
						<texture>main/widget_title.png</texture>
					</control>	
					<control type="label">
						<posx>8</posx>
						<posy>172</posy>
						<description>Actor Name Focus</description>
						<height>40</height>
						<width>150</width>
						<textcolor>$VAR[main_color]</textcolor>
						<align>center</align>
						<scroll>true</scroll>
						<scrollspeed>50</scrollspeed>
						<label>$INFO[ListItem.Label] $INFO[ListItem.Label2,(,)]</label>
						<font>font-20</font>
					</control>
				</focusedlayout>
			</control>

			<control type="image">
				<posx>1470</posx>
				<posy>138</posy>
				<width>410</width>
				<height>410</height>
				<aspect>keep</aspect>
				<texture>$INFO[ListItem.Art(discart)]</texture>
				<visible>!ListItem.IsFolder + !IsEmpty(ListItem.Art(discart)) + !stringcompare(ListItem.Label,..) + !Skin.HasSetting(Disable_CDART) + Window.IsActive(movieinformation)</visible>
				<animation type="WindowOpen" reversible="true" condition="!IsEmpty(ListItem.Art(discart))">
					<effect type="slide" start="0,200" end="0,0" delay="300" time="400"/>
					<effect type="rotate" center="auto" start="0" end="-10800" time="500000" pulse="true" delay="400"/>
				</animation> 
			</control>
			<control type="group">
				<posx>1470</posx>
				<posy>138</posy>
				<width>410</width>
				<height>410</height>
				<aspect>keep</aspect>
				<visible>!Skin.HasSetting(fanart_Disable_FAKECDART) + !IsEmpty(ListItem.Art(poster)) + Window.IsActive(movieinformation)</visible>
				<animation effect="fade" end="0" time="0" condition="Skin.HasSetting(fanart_Disable_TVFAKECDART)">Conditional</animation>
				<control type="image">	
					<aspect>keep</aspect>
					<texture background="true" diffuse="thumbs/sets/cdart-mask.png">$INFO[ListItem.Art(poster)]</texture>
					<visible>IsEmpty(ListItem.Art(discart)) + !stringcompare(ListItem.Label,..)</visible>
					<animation type="WindowOpen" reversible="true" condition="IsEmpty(ListItem.Art(discart))">
						<effect type="slide" start="0,200" end="0,0" delay="300" time="400"/>
						<effect type="rotate" center="auto" start="0" end="-10800" time="500000" pulse="true" delay="400"/>
					</animation> 
				</control>
				<control type="image">
					<texture>thumbs/sets/cdarttop.png</texture>
					<visible>IsEmpty(ListItem.Art(discart)) + !stringcompare(ListItem.Label,..)</visible>
					<animation type="WindowOpen" reversible="true" condition="IsEmpty(ListItem.Art(discart))">
						<effect type="slide" start="0,200" end="0,0" delay="300" time="400"/>
						<effect type="rotate" center="auto" start="0" end="-10800" time="500000" pulse="true" delay="400"/>
					</animation> 
				</control>
			</control>

			<control type="image">
				<description>Poster</description>
				<posx>1460</posx>
				<posy>400</posy>
				<width>430</width>
				<height>640</height>
				<aspectratio>strech</aspectratio>
				<texture diffuse="posterdiffuse.png" background="true">$INFO[ListItem.Icon]</texture>
				<fadetime>300</fadetime>
				<visible>!StringCompare(ListItem.Label,..) + !Container.Content(Episodes)</visible> 
				<animation effect="slide" start="600,0" end="0,0" tween="sine" easing="out" time="300">WindowOpen</animation>
				<animation effect="slide" start="0,0" end="600,0" tween="sine" time="400">WindowClose</animation>
			</control>
			<control type="image">
				<description>Thumb For Episodes</description>
				<posx>1460</posx>
				<posy>400</posy>
				<width>440</width>
				<height>250</height>
				<texture background="true">$INFO[ListItem.Icon]</texture>
				<bordertexture colordiffuse="grey_a">white.png</bordertexture>
				<bordersize>1,1,1,1</bordersize>
				<fadetime>300</fadetime>
				<visible>!StringCompare(ListItem.Label,..) + Container.Content(Episodes)</visible>
			</control>
		</control>
	</controls>
</window>
