<?xml version="1.0" encoding="UTF-8"?>
<window>
	<defaultcontrol always="true">450</defaultcontrol>
	<allowoverlay>no</allowoverlay>
	<controls>

		<control type="group">
			<animation effect="zoom" start="0" end="100" center="900,480" time="400">WindowOpen</animation>
			<animation effect="zoom" start="100" end="0" center="900,480" time="400">WindowClose</animation>
			<posy>80</posy>
			<control type="image">
				<description>background image</description>
				<posx>0</posx>
				<posy>0</posy>
				<width>1920</width>
				<height>1000</height>
				<texture background="true" colordiffuse="grey_50">white.png</texture>
				<bordertexture colordiffuse="grey">white.png</bordertexture>
				<bordersize>2</bordersize>
			</control>
			<control type="label" id="411">
				<description>Heading label</description>
				<posx>0</posx>
				<posy>30</posy>
				<width>1920</width>
				<height>45</height>
				<align>center</align>
				<aligny>center</aligny>
				<textcolor>white</textcolor>
				<font>font-32</font>
				<label>1023</label>
			</control>
			<control type="image">
				<posx>75</posx>
				<posy>115</posy>
				<width>1770</width>
				<height>2</height>
				<texture>white.png</texture>
			</control>
			<control type="image">
				<posx>75</posx>
				<posy>730</posy>
				<width>1770</width>
				<height>2</height>
				<texture>white.png</texture>
			</control>
			<!-- Verticals -->
			<control type="image">
				<posx>75</posx>
				<posy>115</posy>
				<width>2</width>
				<height>616</height>
				<texture>white.png</texture>
			</control>
			<control type="image">
				<posx>1843</posx>
				<posy>115</posy>
				<width>2</width>
				<height>616</height>
				<texture>white.png</texture>
			</control>

			<control type="image">
				<description>Current Icon image</description>
				<posx>1028</posx>
				<posy>150</posy>
				<width>512</width>
				<height>512</height>
				<align>center</align>
				<aligny>center</aligny>
				<aspectratio>keep</aspectratio>
				<texture background="true">$INFO[ListItem.Icon]</texture>
				<visible>!stringcompare(ListItem.Label,..)</visible>
			</control>
			<control type="image">
				<description>Current Icon image</description>
				<posx>1028</posx>
				<posy>150</posy>
				<width>512</width>
				<height>512</height>
				<align>center</align>
				<aligny>center</aligny>
				<aspectratio>keep</aspectratio>
				<texture flipx="true" colordiffuse="$VAR[main_color]" background="true">DefaultFolderBack2.png</texture>
				<visible>stringcompare(ListItem.Label,..)</visible>
			</control>
			
			<control type="label" id="412">
				<description>path label control</description>
				<posx>75</posx>
				<posy>862</posy>
				<width>1200</width>
				<height>45</height>
				<aligny>center</aligny>
				<font>font-25</font>
				<textcolor>grey_b</textcolor>
				<haspath>true</haspath>
			</control>


			<!-- Button grouplist -->
			<control type="grouplist" id="9000">
				<posx>73</posx>
				<posy>750</posy>
				<width>1620</width>
				<height>55</height>
				<itemgap>0</itemgap>
				<onleft>noop</onleft>
				<onright>noop</onright>
				<onup>450</onup>
				<ondown>61</ondown>
				<orientation>horizontal</orientation>

				<!-- OK Button -->
				<control type="button" id="413">
					<width>324</width>
					<label>186</label>
				</control>

				<!-- Cancel Button -->
				<control type="button" id="414">
					<width>324</width>
					<label>222</label>
				</control>

				<!-- New folder -->
				<control type="button" id="415">
					<width>324</width>
					<label>119</label>
					<visible>Control.IsEnabled(415)</visible>
				</control>

				<!-- Mirror image -->
				<control type="radiobutton" id="416">
					<width>324</width>
					<label>749</label>
					<visible>Control.IsEnabled(416)</visible>
				</control>

			</control>

			<control type="list" id="450">
				<posx>80</posx>
				<posy>140</posy>
				<width>840</width>
				<height>590</height>
				<onleft>9000</onleft>
				<onright>60</onright>
				<onup>450</onup>
				<ondown>450</ondown>
				<pagecontrol>60</pagecontrol>
				<scrolltime>200</scrolltime>
				<preloaditems>2</preloaditems>
				<itemlayout width="840" height="52">
					<control type="image">
						<posx>15</posx>
						<posy>3</posy>
						<width>46</width>
						<height>46</height>
						<texture background="true">$INFO[ListItem.Icon]</texture>
						<aspectratio>keep</aspectratio>
						<visible>!substring(ListItem.Path,special://skin/extras/busy) + !stringcompare(ListItem.Label,..)</visible>
					</control>
					<control type="image">
						<posx>15</posx>
						<posy>3</posy>
						<width>46</width>
						<height>46</height>
						<texture flipx="true" colordiffuse="$VAR[main_color]" background="true">$INFO[Listitem.Icon]</texture>
						<aspectratio>keep</aspectratio>
						<visible>!substring(ListItem.Path,special://skin/extras/busy) + stringcompare(ListItem.Label,..)</visible>
					</control>
					<control type="image">
                        <posx>15</posx>
						<posy>3</posy>
						<width>46</width>
						<height>46</height>
                        <aspectratio scalediffuse="false">center</aspectratio>
                        <texture fallback="defaultAddonNone.png" colordiffuse="grey">$INFO[Listitem.FileNameAndPath]</texture>
                        <visible>substring(ListItem.Path,special://skin/extras/busy)</visible>
                    </control>
					<control type="label">
						<posx>68</posx>
						<posy>0</posy>
						<width>758</width>
						<height>52</height>
						<font>font-20</font>
						<align>left</align>
						<aligny>center</aligny>
						<selectedcolor>$VAR[main_color]</selectedcolor>
						<label>$INFO[ListItem.Label]</label>
					</control>
				</itemlayout>
				<focusedlayout width="840" height="52">
					<control type="image">
						<posx>0</posx>
						<posy>0</posy>
						<width>840</width>
						<height>52</height>
						<texture colordiffuse="$VAR[main_color]">white.png</texture>
					</control>
					<control type="image">
						<posx>15</posx>
						<posy>3</posy>
						<width>46</width>
						<height>46</height>
						<texture background="true">$INFO[ListItem.Icon]</texture>
						<aspectratio>keep</aspectratio>
						<visible>!substring(ListItem.Path,special://skin/extras/busy) + !stringcompare(ListItem.Label,..)</visible>
					</control>
					<control type="image">
						<posx>15</posx>
						<posy>3</posy>
						<width>46</width>
						<height>46</height>
						<texture flipx="true" colordiffuse="$VAR[main_color]" background="true">$INFO[Listitem.Icon]</texture>
						<aspectratio>keep</aspectratio>
						<visible>!substring(ListItem.Path,special://skin/extras/busy) + stringcompare(ListItem.Label,..)</visible>
					</control>
					<control type="image">
                        <posx>15</posx>
						<posy>3</posy>
						<width>46</width>
						<height>46</height>
                        <aspectratio scalediffuse="false">center</aspectratio>
                        <texture fallback="defaultAddonNone.png">$INFO[Listitem.FileNameAndPath]</texture>
                        <visible>substring(ListItem.Path,special://skin/extras/busy)</visible>
                    </control>
					<control type="label">
						<posx>68</posx>
						<posy>0</posy>
						<width>758</width>
						<height>52</height>
						<font>font-20</font>
						<align>left</align>
						<aligny>center</aligny>
						<textcolor>white</textcolor>
						<selectedcolor>white</selectedcolor>
						<label>$INFO[ListItem.Label]</label>
					</control>
				</focusedlayout>
			</control>
			<control type="scrollbar" id="60">
				<posx>925</posx>
				<posy>140</posy>
				<width>10</width>
				<height>570</height>
				<include>scroll_bar</include>
				<onleft>450</onleft>
				<onright>9000</onright>
				<showonepage>false</showonepage>
				<orientation>vertical</orientation>
				<visible>Control.IsVisible(450)</visible>
			</control>
			<control type="list" id="451">
				<posx>80</posx>
				<posy>140</posy>
				<width>840</width>
				<height>590</height>
				<onleft>9000</onleft>
				<onright>61</onright>
				<onup>451</onup>
				<ondown>451</ondown>
				<pagecontrol>61</pagecontrol>
				<scrolltime>200</scrolltime>
				<preloaditems>2</preloaditems>
				<itemlayout width="840" height="52">
					<control type="image">
						<posx>15</posx>
						<posy>3</posy>
						<width>46</width>
						<height>46</height>
						<texture background="true">$INFO[ListItem.Icon]</texture>
						<aspectratio>keep</aspectratio>
						<visible>!stringcompare(ListItem.Label,..)</visible>
					</control>
					<control type="image">
						<posx>15</posx>
						<posy>3</posy>
						<width>46</width>
						<height>46</height>
						<texture background="true" colordiffuse="$VAR[main_color]">DefaultFolderBack2.png</texture>
						<aspectratio>keep</aspectratio>
						<visible>stringcompare(ListItem.Label,..)</visible>
					</control>
					<control type="label">
						<posx>68</posx>
						<posy>0</posy>
						<width>758</width>
						<height>52</height>
						<font>font-20</font>
						<align>left</align>
						<aligny>center</aligny>
						<selectedcolor>$VAR[main_color]</selectedcolor>
						<label>$INFO[ListItem.Label]</label>
					</control>
				</itemlayout>
				<focusedlayout width="840" height="52">
					<control type="image">
						<posx>0</posx>
						<posy>0</posy>
						<width>840</width>
						<height>52</height>
						<texture colordiffuse="$VAR[main_color]">white.png</texture>
					</control>
					<control type="image">
						<posx>15</posx>
						<posy>3</posy>
						<width>46</width>
						<height>46</height>
						<texture background="true">$INFO[ListItem.Icon]</texture>
						<aspectratio>keep</aspectratio>
						<visible>!stringcompare(ListItem.Label,..)</visible>
					</control>
					<control type="image">
						<posx>15</posx>
						<posy>3</posy>
						<width>46</width>
						<height>46</height>
						<texture background="true" colordiffuse="$VAR[main_color]">DefaultFolderBack2.png</texture>
						<aspectratio>keep</aspectratio>
						<visible>stringcompare(ListItem.Label,..)</visible>
					</control>
					<control type="label">
						<posx>68</posx>
						<posy>0</posy>
						<width>758</width>
						<height>52</height>
						<font>font-20</font>
						<align>left</align>
						<aligny>center</aligny>
						<textcolor>white</textcolor>
						<selectedcolor>white</selectedcolor>
						<label>$INFO[ListItem.Label]</label>
					</control>
				</focusedlayout>
			</control>
			<control type="scrollbar" id="61">
				<posx>925</posx>
				<posy>140</posy>
				<width>10</width>
				<height>570</height>
				<include>scroll_bar</include>
				<onleft>451</onleft>
				<onright>9000</onright>
				<showonepage>false</showonepage>
				<orientation>vertical</orientation>
				<visible>Control.IsVisible(451)</visible>
			</control>
		</control>
	</controls>
</window>
