<?xml version="1.0" encoding="UTF-8"?>
<window>
	<defaultcontrol>20</defaultcontrol>
	<allowoverlay>no</allowoverlay>
	<controls>
		<control type="group">
			<animation effect="zoom" start="0" end="100" center="900,480" time="400">WindowOpen</animation>
			<animation effect="zoom" start="100" end="0" center="900,480" time="400">WindowClose</animation>
			<control type="image">
				<posx>0</posx>
				<posy>80</posy>
				<width>1920</width>
				<height>1000</height>
				<texture background="true" colordiffuse="grey_50">white.png</texture>
				<bordertexture colordiffuse="grey">white.png</bordertexture>
				<bordersize>2</bordersize>
			</control>
			<control type="group">
				<posy>80</posy>
				<control type="label">
					<description>Header</description>
					<posx>0</posx>
					<posy>30</posy>
					<width>1920</width>
					<height>45</height>
					<align>center</align>
					<aligny>center</aligny>
					<textcolor>white</textcolor>
					<label>7</label>
					<font>font-32</font>
				</control>
				<control type="label" id="101">
					<description>current left</description>
					<posx>100</posx>
					<posy>120</posy>
					<width>850</width>
					<height>45</height>
					<font>font-23</font>
					<textcolor>grey_b</textcolor>
					<scroll>true</scroll>
					<align>left</align>
					<aligny>center</aligny>
				</control>
				<control type="label" id="102">
					<description>current right</description>
					<posx>995</posx>
					<posy>120</posy>
					<width>840</width>
					<height>45</height>
					<font>font-23</font>
					<textcolor>grey_b</textcolor>
					<scroll>true</scroll>
					<align>left</align>
					<aligny>center</aligny>
				</control>
				<!-- Seperators -->
				<control type="image">
					<posx>75</posx>
					<posy>115</posy>
					<width>1770</width>
					<height>2</height>
					<texture>white.png</texture>
				</control>
				<control type="image">
					<posx>75</posx>
					<posy>175</posy>
					<width>1770</width>
					<height>2</height>
					<texture>white.png</texture>
				</control>
				<control type="image">
					<posx>75</posx>
					<posy>915</posy>
					<width>1770</width>
					<height>2</height>
					<texture>white.png</texture>
				</control>
				<!-- Verticals -->
				<control type="image">
					<posx>975</posx>
					<posy>115</posy>
					<width>2</width>
					<height>800</height>
					<texture>white.png</texture>
				</control>
				<control type="image">
					<posx>75</posx>
					<posy>115</posy>
					<width>2</width>
					<height>800</height>
					<texture>white.png</texture>
				</control>
				<control type="image">
					<posx>1843</posx>
					<posy>115</posy>
					<width>2</width>
					<height>800</height>
					<texture>white.png</texture>
				</control>

				<!-- Indicator to list -->
				<control type="image">
					<posx>900</posx>
					<posy>70</posy>
					<width>70</width>
					<height>60</height>
					<texture colordiffuse="$VAR[main_color]">main/arrowdown.png</texture>
					<animation effect="slide" start="0" end="100" time="300" condition="!Control.HasFocus(20) + !Control.HasFocus(30)">Conditional</animation>
				</control>
				<control type="list" id="20">
					<posx>188</posx>
					<posy>202</posy>
					<width>735</width>
					<height>654</height>
					<onleft>30</onleft>
					<onright>21</onright>
					<onup>20</onup>
					<ondown>20</ondown>
					<pagecontrol>30</pagecontrol>
					<scrolltime>200</scrolltime>
					<preloaditems>2</preloaditems>
					<itemlayout width="735" height="44">
						<control type="image">
							<posx>8</posx>
							<posy>9</posy>
							<width>32</width>
							<height>32</height>
							<texture background="true">$INFO[ListItem.Icon]</texture>
							<aspectratio>keep</aspectratio>
						</control>
						<control type="label">
							<posx>45</posx>
							<posy>0</posy>
							<width>668</width>
							<height>45</height>
							<font>font-20</font>
							<aligny>center</aligny>
							<selectedcolor>$VAR[main_color]</selectedcolor>
							<textcolor>white</textcolor>
							<align>left</align>
							<label>$INFO[ListItem.Label]</label>
						</control>
						<control type="label">
							<posx>420</posx>
							<posy>0</posy>
							<width>300</width>
							<height>45</height>
							<font>font-20</font>
							<aligny>center</aligny>
							<selectedcolor>$VAR[main_color]</selectedcolor>
							<textcolor>white</textcolor>
							<align>right</align>
							<label>$INFO[ListItem.Label2]</label>
						</control>
					</itemlayout>
					<focusedlayout width="735" height="44">
						<control type="image">
							<posx>0</posx>
							<posy>0</posy>
							<width>735</width>
							<height>44</height>
							<texture colordiffuse="grey">white.png</texture>
						</control>
						<control type="image">
							<posx>8</posx>
							<posy>9</posy>
							<width>32</width>
							<height>32</height>
							<texture background="true">$INFO[ListItem.Icon]</texture>
							<aspectratio>keep</aspectratio>
						</control>
						<control type="label">
							<posx>45</posx>
							<posy>0</posy>
							<width>668</width>
							<height>45</height>
							<font>font-20</font>
							<aligny>center</aligny>
							<selectedcolor>$VAR[main_color]</selectedcolor>
							<textcolor>white</textcolor>
							<align>left</align>
							<label>$INFO[ListItem.Label]</label>
						</control>
						<control type="label">
							<posx>420</posx>
							<posy>0</posy>
							<width>300</width>
							<height>45</height>
							<font>font-20</font>
							<aligny>center</aligny>
							<selectedcolor>$VAR[main_color]</selectedcolor>
							<textcolor>white</textcolor>
							<align>right</align>
							<label>$INFO[ListItem.Label2]</label>
						</control>
					</focusedlayout>
				</control>


				<control type="scrollbar" id="30">
					<posx>126</posx>
					<posy>198</posy>
					<width>10</width>
					<height>664</height>
					<include>scroll_bar</include>
					<onleft>31</onleft>
					<onright>20</onright>
					<ondown>20</ondown>
					<onup>20</onup>
					<showonepage>false</showonepage>
					<orientation>vertical</orientation>
				</control>

				<control type="list" id="21">
					<posx>1005</posx>
					<posy>202</posy>
					<width>735</width>
					<height>654</height>
					<onleft>20</onleft>
					<onright>31</onright>
					<onup>21</onup>
					<ondown>21</ondown>
					<pagecontrol>31</pagecontrol>
					<scrolltime>200</scrolltime>
					<preloaditems>2</preloaditems>
					<itemlayout width="735" height="44">
						<control type="image">
							<posx>8</posx>
							<posy>9</posy>
							<width>32</width>
							<height>32</height>
							<texture background="true">$INFO[ListItem.Icon]</texture>
							<aspectratio>keep</aspectratio>
						</control>
						<control type="label">
							<posx>45</posx>
							<posy>0</posy>
							<width>668</width>
							<height>45</height>
							<font>font-20</font>
							<aligny>center</aligny>
							<selectedcolor>$VAR[main_color]</selectedcolor>
							<textcolor>white</textcolor>
							<align>left</align>
							<label>$INFO[ListItem.Label]</label>
						</control>
						<control type="label">
							<posx>420</posx>
							<posy>0</posy>
							<width>300</width>
							<height>45</height>
							<font>font-20</font>
							<aligny>center</aligny>
							<selectedcolor>$VAR[main_color]</selectedcolor>
							<textcolor>white</textcolor>
							<align>right</align>
							<label>$INFO[ListItem.Label2]</label>
						</control>
					</itemlayout>
					<focusedlayout width="735" height="44">
						<control type="image">
							<posx>0</posx>
							<posy>0</posy>
							<width>735</width>
							<height>44</height>
							<texture colordiffuse="grey">white.png</texture>
						</control>
						<control type="image">
							<posx>8</posx>
							<posy>9</posy>
							<width>32</width>
							<height>32</height>
							<texture background="true">$INFO[ListItem.Icon]</texture>
							<aspectratio>keep</aspectratio>
						</control>
						<control type="label">
							<posx>45</posx>
							<posy>0</posy>
							<width>668</width>
							<height>45</height>
							<font>font-20</font>
							<aligny>center</aligny>
							<selectedcolor>$VAR[main_color]</selectedcolor>
							<textcolor>white</textcolor>
							<align>left</align>
							<label>$INFO[ListItem.Label]</label>
						</control>
						<control type="label">
							<posx>420</posx>
							<posy>0</posy>
							<width>300</width>
							<height>45</height>
							<font>font-20</font>
							<aligny>center</aligny>
							<selectedcolor>$VAR[main_color]</selectedcolor>
							<textcolor>white</textcolor>
							<align>right</align>
							<label>$INFO[ListItem.Label2]</label>
						</control>
					</focusedlayout>
				</control>
				<control type="scrollbar" id="31">
					<posx>1787</posx>
					<posy>198</posy>
					<width>10</width>
					<height>664</height>
					<include>scroll_bar</include>
					<onleft>21</onleft>
					<onright>30</onright>
					<ondown>21</ondown>
					<onup>21</onup>
					<showonepage>false</showonepage>
					<orientation>vertical</orientation>
				</control>
			</control>
		</control>
		<include>top_bar_solid</include>
	</controls>
</window>
