<?xml version="1.0" encoding="UTF-8"?>
<includes>
	<!-- NEW MAIN MENU -->
	<include name="Home_Vertical">
		<control type="group">
			<!-- Vertical Menu Background - short -->
			<control type="image">
				<posx>1630</posx>
				<width>290</width>
				<posy>80</posy>
				<height>920</height>
				<texture background="true" colordiffuse="$VAR[menu_bg_color]">white.png</texture>
				<include>menu_bg_fade</include>
				<animation effect="slide" start="290,0" end="0,0" delay="100" time="500">WindowOpen</animation>
				<animation effect="slide" start="0,0" end="290,0" delay="0" time="300">WindowClose</animation>
				<visible>!Skin.HasSetting(Home_HideTopBar)</visible>
			</control>
			<!-- Vertical Menu Background - long -->
			<control type="image">
				<posx>1630</posx>
				<width>290</width>
				<posy>0</posy>
				<height>1000</height>
				<texture background="true" colordiffuse="$VAR[menu_bg_color]">white.png</texture>
				<include>menu_bg_fade</include>
				<animation effect="slide" start="290,0" end="0,0" delay="100" time="500">WindowOpen</animation>
				<animation effect="slide" start="0,0" end="290,0" delay="0" time="300">WindowClose</animation>
				<visible>Skin.HasSetting(Home_HideTopBar)</visible>
			</control>
			<control type="list" id="9000">
				<orientation>vertical</orientation>
				<posx>1631</posx>
				<width>290</width>
				<include condition="Skin.HasSetting(Home_HideTopBar)">hide_home_topbar</include>
				<include condition="!Skin.HasSetting(Home_HideTopBar)">show_home_topbar</include>
				<onup condition="Player.HasAudio | Player.HasVideo">9003</onup>
				<onup condition="!Player.HasAudio + !Player.HasVideo">9000</onup>
				<ondown>20</ondown>
				<onleft>9001</onleft>
				<onright>9002</onright>
				<animation effect="slide" start="290,0" end="0,0" delay="100" time="500">WindowOpen</animation>
				<animation effect="slide" start="0,0" end="290,0" delay="0" time="300">WindowClose</animation>
				<scrolltime tween="circle" easing="Out">650</scrolltime>
				<itemlayout width="290" height="100">
				
					<control type="image">
						<posx>230</posx>
						<posy>10</posy>
						<height>40</height>
						<width>40</width>
						<texture fallback="special://skin/extras/icons/default.png" colordiffuse="$VAR[menu_icon_color_nf]" background="true">$INFO[ListItem.Thumb]</texture>
					</control>
					<!--<control type="image">
						<posx>230</posx>
						<posy>10</posy>
						<height>40</height>
						<width>40</width>
						<texture fallback="special://skin/extras/icons/default.png" colordiffuse="white" background="true">$INFO[ListItem.Thumb]</texture>
						<visible>StringCompare(ListItem.Property(Icon_Overlay2),$LOCALIZE[31141])</visible>
					</control>

					<control type="image">
						<posx>230</posx>
						<posy>10</posy>
						<height>40</height>
						<width>40</width>
						<texture fallback="special://skin/extras/icons/default.png" colordiffuse="$VAR[main_color]" background="true">$INFO[ListItem.Thumb]</texture>
						<visible>StringCompare(ListItem.Property(Icon_Overlay2),$LOCALIZE[31142])</visible>
					</control>

					<control type="image">
						<posx>230</posx>
						<posy>10</posy>
						<height>40</height>
						<width>40</width>
						<texture fallback="special://skin/extras/icons/default.png" colordiffuse="grey" background="true">$INFO[ListItem.Thumb]</texture>
						<visible>StringCompare(ListItem.Property(Icon_Overlay2),$LOCALIZE[31140]) + IsEmpty(ListItem.Property(TextColor))</visible>
					</control>
					<control type="image">
						<posx>230</posx>
						<posy>10</posy>
						<height>40</height>
						<width>40</width>
						<texture fallback="special://skin/extras/icons/default.png" colordiffuse="$INFO[Skin.String(menu_$PARAM(labelID))]" background="true">$INFO[ListItem.Thumb]</texture>
						<visible>StringCompare(ListItem.Property(Icon_Overlay2),$LOCALIZE[31140]) + !IsEmpty(ListItem.Property(TextColor))</visible>
					</control>-->
					<control type="label">
						<posx>0</posx>
						<posy>22</posy>
						<height>20</height>
						<width>210</width>
						<label>[COLOR=$INFO[ListItem.Property(TextColor)]]$INFO[ListItem.Label][/COLOR]</label>
						<align>right</align>
						<aligny>center</aligny>
						<font>menu</font>
						<textcolor>$VAR[menu_icon_color_nf]</textcolor>
					</control>
				</itemlayout>
				<focusedlayout width="290" height="100">
					<control type="image">
						<posx>0</posx>
						<posy>0</posy>
						<height>57</height>
						<width>290</width>
						<texture background="true" flipx="true">main/main_menu.png</texture>
						<animation effect="fade" end="100" time="0" condition="true">Conditional</animation>
						<visible>!Control.HasFocus(15) + !Control.HasFocus(10) + !Control.HasFocus(20)</visible>
					</control>
					<control type="image">
						<posx>284</posx>
						<posy>0</posy>
						<height>57</height>
						<width>6</width>
						<texture background="true" colordiffuse="$VAR[menu_focus_color]">white.png</texture>
						<animation effect="fade" end="90" time="0" condition="true">Conditional</animation>
						<visible>!Control.HasFocus(15) + !Control.HasFocus(10) + !Control.HasFocus(20)</visible>
					</control>
					<control type="image">
						<posx>230</posx>
						<posy>10</posy>
						<height>40</height>
						<width>40</width>
						<texture fallback="special://skin/extras/icons/default.png" colordiffuse="$VAR[menu_icon_color_f]" background="true">$INFO[ListItem.Thumb]</texture>
					</control>
					<control type="label">
						<posx>0</posx>
						<posy>22</posy>
						<height>20</height>
						<width>210</width>
						<label>[COLOR=$INFO[ListItem.Property(TextColor)]]$INFO[ListItem.Label][/COLOR]</label>
						<align>right</align>
						<aligny>center</aligny>
						<font>menu</font>
						<textcolor>$VAR[main_color]</textcolor>
						<visible>!Control.HasFocus(10) + !Control.HasFocus(15) + !Control.HasFocus(20)</visible>
					</control>
					<control type="label">
						<posx>0</posx>
						<posy>22</posy>
						<height>20</height>
						<width>210</width>
						<label>[COLOR=$INFO[ListItem.Property(TextColor)]]$INFO[ListItem.Label][/COLOR]</label>
						<align>right</align>
						<aligny>center</aligny>
						<font>menu</font>
						<textcolor>$VAR[menu_icon_color_nf]</textcolor>
						<visible>Control.HasFocus(10) | Control.HasFocus(15) | Control.HasFocus(20)</visible>
					</control>
				</focusedlayout>
				<content>
					<include>skinshortcuts-mainmenu</include>
				</content>
			</control>



		</control>
		<!-- Main menu bottom -->
		<control type="image">
			<posx>1630</posx>
			<posy>1000</posy>
			<width>290</width>
			<height>80</height>
			<texture background="true" colordiffuse="$VAR[submenu_color]">white.png</texture>
			<include>menu_bg_fade</include>
			<animation effect="slide" start="290,0" end="0,0" delay="100" time="500">WindowOpen</animation>
			<animation effect="slide" start="0,0" end="290,0" delay="0" time="300">WindowClose</animation>
		</control>
		<control type="group">
			<animation effect="slide" start="0,100" end="0,0" delay="500" time="300">WindowOpen</animation>
			<animation effect="slide" start="0,0" end="290,0" time="300">WindowClose</animation>
			<control type="button" id="20">
				<description>Power push button</description>
				<posx>1860</posx>
				<posy>1020</posy>
				<width>40</width>
				<height>40</height>
				<label>-</label>
				<font>-</font>
				<onclick>ActivateWindow(ShutdownMenu)</onclick>
				<texturefocus colordiffuse="$VAR[main_color]">main/power.png</texturefocus>
				<texturenofocus colordiffuse="$VAR[menu_icon_color_nf]">main/power.png</texturenofocus>
				<pulseonselect>true</pulseonselect>
				<onleft>15</onleft>
				<onright>10</onright>
				<onup>9000</onup>
				<ondown>15</ondown>
				<visible>!Skin.HasSetting(HideShutdown)</visible>
				<animation effect="rotate" start="0" end="-360" center="auto" time="800">Focus</animation>

			</control>
			<control type="button" id="15">
				<description>Settings button</description>
				<posx>1760</posx>
				<posy>1020</posy>
				<width>40</width>
				<height>40</height>
				<label>-</label>
				<font>-</font>
				<onclick>ActivateWindow(Settings)</onclick>
				<texturefocus colordiffuse="$VAR[main_color]">main/settings.png</texturefocus>
				<texturenofocus colordiffuse="$VAR[menu_icon_color_nf]">main/settings.png</texturenofocus>
				<pulseonselect>true</pulseonselect>
				<onleft>10</onleft>
				<onright>20</onright>
				<onup>20</onup>
				<ondown>10</ondown>
				<animation effect="rotate" start="0" end="-180" center="auto" time="800">Focus</animation>
				<visible>!Skin.HasSetting(HideShutdown)</visible>
			</control>
			<control type="button" id="10">
				<description>Favourites button</description>
				<posx>1660</posx>
				<posy>1020</posy>
				<width>40</width>
				<height>40</height>
				<label>-</label>
				<font>-</font>
				<onclick>ActivateWindow(Favourites)</onclick>
				<texturefocus colordiffuse="$VAR[main_color]">main/favs.png</texturefocus>
				<texturenofocus colordiffuse="$VAR[menu_icon_color_nf]">main/favs.png</texturenofocus>
				<pulseonselect>true</pulseonselect>
				<onleft>9000</onleft>
				<onright>15</onright>
				<onup>15</onup>
				<ondown>SetFocus(9000)</ondown>
				<ondown>Control.Move(9000,1)</ondown>
				<animation effect="rotate" start="0" end="-212" center="auto" time="800">Focus</animation>
				<visible>!Skin.HasSetting(HideShutdown)</visible>
			</control>
		</control>

		<!-- Vertical Sub menu -->
		<control type="group">
			<visible>!StringCompare(Container(9000).ListItem.Property(widget),submenuaswidget)</visible>
			<visible>!SubString(Container(9000).ListItem.Property(ParentalControl),yes) | [SubString(Container(9000).ListItem.Property(ParentalControl),yes) + StringCompare(Skin.String(mypassword),Skin.String(passcode))]</visible>
			<control type="image">
				<posx>1342</posx>
				<width>290</width>
				<posy>80</posy>
				<height>1000</height>
				<texture background="true" colordiffuse="$VAR[submenu_color]">white.png</texture>
				<animation effect="slide" start="0,0" end="290,0" delay="0" time="300">WindowClose</animation>
				<animation effect="fade" end="96" time="0" condition="!Skin.HasSetting(menu_bg_opacity)">Conditional</animation>
				<include>menu_bg_fade</include>
				<animation effect="zoom" start="1632,80,1,1000" end="1632,80,290,1000" time="500">Visible</animation>
				<animation effect="zoom" start="1632,80,290,1000" end="1632,80,1,1000" time="500">Hidden</animation>
				<visible>Control.HasFocus(9001) + !Skin.HasSetting(Home_HideTopBar)</visible>
			</control>
			<control type="image">
				<posx>1342</posx>
				<width>290</width>
				<posy>0</posy>
				<height>1080</height>
				<texture background="true" colordiffuse="$VAR[submenu_color]">white.png</texture>
				<animation effect="slide" start="0,0" end="290,0" delay="0" time="300">WindowClose</animation>
				<animation effect="fade" end="96" time="0" condition="!Skin.HasSetting(menu_bg_opacity)">Conditional</animation>
				<include>menu_bg_fade</include>
				<animation effect="zoom" start="1632,0,1,1080" end="1632,0,290,1080" time="500">Visible</animation>
				<animation effect="zoom" start="1632,0,290,1080" end="1632,0,1,1080" time="500">Hidden</animation>
				<visible>Control.HasFocus(9001) + Skin.HasSetting(Home_HideTopBar)</visible>
			</control>
			<control type="button">
				<posx>1630</posx>
				<posy>118</posy>
				<height>855</height>
				<width>15</width>
				<texturefocus>-</texturefocus>
				<texturenofocus>-</texturenofocus>
				<onfocus>SetFocus(9001)</onfocus>
			</control>
			<control type="list" id="9001">
				<posx>1340</posx>
				<width>290</width>
				<include condition="Skin.HasSetting(Home_HideTopBar)">hide_home_topbar_sub</include>
				<include condition="!Skin.HasSetting(Home_HideTopBar)">show_home_topbar_sub</include>
				<onup>9001</onup>
				<ondown>9001</ondown>
				<onleft>9002</onleft>
				<onright>9000</onright>
				<orientation>vertical</orientation>
				<defaultcontrol always="true">1</defaultcontrol>
				<scrolltime tween="sine" easing="out">340</scrolltime>
				<visible allowhiddenfocus="True">Control.HasFocus(9001)</visible>
				<animation effect="slide" start="0,0" end="290,0" delay="0" time="300">WindowClose</animation>
				<animation effect="fade" end="96" time="0" condition="true">Conditional</animation>

				<itemlayout width="290" height="100">
					<control type="image">
						<posx>245</posx>
						<posy>12</posy>
						<height>34</height>
						<width>34</width>
						<texture fallback="special://skin/extras/icons/default.png" colordiffuse="$VAR[menu_icon_color_nf]" background="true">$INFO[ListItem.Thumb]</texture>
					</control>
					<control type="label">
						<posx>0</posx>
						<posy>14</posy>
						<width>232</width>
						<height>120</height>
						<align>right</align>
						<label>[COLOR=$INFO[ListItem.Property(TextColor)]]$INFO[ListItem.Label][/COLOR]</label>
						<font>menu-30</font>
						<textcolor>$VAR[menu_icon_color_nf]</textcolor>
						<animation effect="fade" start="100" end="50" time="200" tween="cubic" easing="out" reversible="false" condition="!Control.HasFocus(9001)">Conditional</animation>
					</control>
				</itemlayout>

				<focusedlayout width="290" height="100">
					<control type="image">
						<posx>2</posx>
						<posy>0</posy>
						<height>57</height>
						<width>290</width>
						<texture background="true">main/main_focus.png</texture>
						<animation effect="fade" end="80" time="0" condition="true">Conditional</animation>
					</control>
					<control type="image">
						<posx>284</posx>
						<posy>0</posy>
						<height>57</height>
						<width>6</width>
						<texture background="true" colordiffuse="$VAR[menu_subfocus_color]">white.png</texture>
						<animation effect="fade" end="90" time="0" condition="true">Conditional</animation>
					</control>
					<control type="image">
						<posx>245</posx>
						<posy>12</posy>
						<height>34</height>
						<width>34</width>
						<texture background="true" fallback="special://skin/extras/icons/default.png" colordiffuse="$VAR[sub_icon_color]">$INFO[ListItem.Thumb]</texture>
					</control>
					<control type="label">
						<posx>0</posx>
						<posy>14</posy>
						<width>232</width>
						<height>120</height>
						<align>right</align>
						<label>[COLOR=$INFO[ListItem.Property(TextColor)]]$INFO[ListItem.Label][/COLOR]</label>
						<font>menu-30</font>
						<textcolor>$VAR[main_color]</textcolor>
						<animation effect="fade" start="100" end="50" time="200" tween="cubic" easing="out" reversible="false" condition="!Control.HasFocus(9001)">Conditional</animation>
					</control>
				</focusedlayout>

				<content><include>skinshortcuts-submenu</include></content>
			</control>
		</control>
		<!-- /End of Vertical Sub menu -->

		<control type="label">
			<posx>700</posx>
			<width>1170</width>
			<height>202</height>
			<textcolor>FF0000FF</textcolor>
			<shadowcolor>FF000000</shadowcolor>
			<font>font13</font>
			<align>left</align>
			<label>Property(Background):[CR] $INFO[Container(9000).ListItem.Property(Background)] [CR] special://skin/backgrounds/weather/$INFO[Window(Weather).Property(Current.FanartCode)]/weather-$INFO[Window(Weather).Property(Current.FanartCode)].jpg [CR] widgetType: $INFO[Container(9000).ListItem.Property(widgetType)] [CR]widgetTarget: $INFO[Container(9000).ListItem.Property(widgetTarget)] [CR]Path: $INFO[Container(9000).ListItem.Property(widgetPath)] [CR]Widget: $INFO[Container(9000).ListItem.Property(Widget)] [CR]Type: $INFO[Container(9000).ListItem.Property(widgetType)]</label>
			<visible>False</visible>
		</control>

		<!-- Widget List - Vertical Layout -->
		<control type="group">
			<posx>-407</posx>
			<visible>!IsEmpty(Container(9000).ListItem.Property(widgetPath)) | StringCompare(Container(9000).ListItem.Property(widget),submenuaswidget)</visible>
			<visible>!SubString(Container(9000).ListItem.Property(ParentalControl),yes) | [SubString(Container(9000).ListItem.Property(ParentalControl),yes) + StringCompare(Skin.String(mypassword),Skin.String(passcode))]</visible>
			<animation effect="slide" end="405" tween="sine" easing="out" time="500" condition="!Skin.HasSetting(PinWidgets)">Focus</animation>
			<animation effect="slide" start="405" end="0" tween="linear" time="500" condition="!Skin.HasSetting(PinWidgets)">UnFocus</animation>
			<animation effect="slide" end="405" time="0" condition="Skin.HasSetting(PinWidgets)">Conditional</animation>
			<control type="image">
				<posx>0</posx>
				<posy>80</posy>
				<width>405</width>
				<height>1080</height>
				<texture background="true" colordiffuse="$VAR[widget_color]">white.png</texture>
				<animation effect="slide" start="0,0" end="0,-80" time="100" condition="Skin.HasSetting(Home_HideTopBar)">Conditional</animation>
				<include>widget_fade</include>
			</control>
			<control type="image">
				<posx>405</posx>
				<posy>300</posy>
				<width>45</width>
				<height>324</height>
				<texture background="true" colordiffuse="$VAR[widget_color]" diffuse="main/tab_v.png">white.png</texture>
				<animation effect="slide" start="0,0" end="0,80" time="100" condition="!Skin.HasSetting(Home_HideTopBar)">Conditional</animation>
				<include>widget_fade</include>
			</control>
			<control type="image">
				<posx>405</posx>
				<posy>300</posy>
				<width>45</width>
				<height>324</height>
				<texture background="true" colordiffuse="$VAR[main_color]">main/tab_v_stroke.png</texture>
				<animation effect="slide" start="0,0" end="0,80" time="100" condition="!Skin.HasSetting(Home_HideTopBar)">Conditional</animation>
			</control>
			<control type="image">
				<posx>405</posx>
				<posy>0</posy>
				<width>2</width>
				<height>306</height>
				<texture background="true" colordiffuse="$VAR[main_color]">white.png</texture>
				<animation effect="slide" start="0,0" end="0,80" time="100" condition="!Skin.HasSetting(Home_HideTopBar)">Conditional</animation>
			</control>
			<control type="image">
				<posx>405</posx>
				<posy>619</posy>
				<width>2</width>
				<height>465</height>
				<texture background="true" colordiffuse="$VAR[main_color]">white.png</texture>
				<animation effect="slide" start="0,0" end="0,80" time="100" condition="!Skin.HasSetting(Home_HideTopBar)">Conditional</animation>
			</control>
			<control type="button">
				<posx>273</posx>
				<posy>525</posy>
				<height>30</height>
				<width>300</width>
				<label>[B]$INFO[Container(9000).ListItem.Property(widgetName)][/B]</label>
				<align>center</align>
				<aligny>center</aligny>
				<font>font-22</font>
				<textcolor>$VAR[main_color]</textcolor>
				<texturefocus>-</texturefocus>
				<texturenofocus>-</texturenofocus>
				<onclick>SetFocus(9000)</onclick>
				<animation effect="slide" start="0,0" end="0,-80" time="0" condition="Skin.HasSetting(Home_HideTopBar)">Conditional</animation>
				<animation effect="rotate" center="auto" start="0" end="90" time="0" condition="true">Conditional</animation>

			</control>
			<control type="wraplist" id="9002">
				<include>widget_content_vertical</include>
				<visible>!StringCompare(Container(9000).ListItem.Property(widget),submenuaswidget)</visible>
				<content target="video">$INFO[Container(9000).ListItem.Property(widgetPath)]</content>
			</control>
			<control type="wraplist" id="9002">
				<include>widget_content_vertical</include>
				<visible>StringCompare(Container(9000).ListItem.Property(widget),submenuaswidget)</visible>
				<content><include>skinshortcuts-submenu</include></content>
			</control>
			<control type="image">
				<description>Busy animation</description>
				<posy>420</posy>
				<posx>180</posx>
				<width>64</width>
				<height>64</height>
				<texture fallback="special://skin/extras/busy/8.gif" colordiffuse="orange_1">$INFO[Skin.String(busy)]</texture>
				<animation effect="fade" start="0" end="100" time="200" delay="500" condition="Container(9002).IsUpdating">Conditional</animation>
				<visible>Container(9002).IsUpdating</visible>			
			</control>
		</control>
	</include>

	<!-- Widget Content for Vertical layout -->
	<include name="widget_content_vertical">
		<orientation>vertical</orientation>
		<posx>0</posx>
		<posy>100</posy>
		<height>960</height>
		<width>400</width>
		<onup>9002</onup>
		<ondown>9002</ondown>
		<onleft>9000</onleft>
		<onright>9000</onright>
		<focusposition>3</focusposition>
		<animation effect="fade" start="100" end="0" time="0" condition="Container(9002).IsUpdating">Conditional</animation>
		<animation effect="slide" start="0,0" end="0,-50" time="0" condition="Skin.HasSetting(Home_HideTopBar)">Conditional</animation>
		<scrolltime tween="back" easing="Out">500</scrolltime>
		<itemlayout  width="398" height="110">
			<include name="stroke">
				<param name="posx" value="8" />
				<param name="posy" value="0" />
				<param name="width" value="388" />
				<param name="height" value="104" />
				<param name="color" value="grey" />
			</include>
			<control type="image">
				<posx>10</posx>
				<posy>2</posy>
				<width>68</width>
				<height>100</height>
				<aspectratio align="center">strech</aspectratio>
				<texture background="true" fallback="defaultmovies.png">$INFO[Listitem.thumb]</texture>
				<visible>!StringCompare(Container(9000).ListItem.Property(widgetType),tvshows)</visible>
			</control>
			<control type="image">
				<posx>10</posx>
				<posy>2</posy>
				<width>68</width>
				<height>100</height>
				<aspectratio align="center">strech</aspectratio>
				<texture background="true" fallback="defaultmovies.png">$INFO[Listitem.art(tvshow.poster)]</texture>
				<visible>StringCompare(Container(9000).ListItem.Property(widgetType),tvshows)</visible>
			</control>
			<control type="textbox">
				<posx>90</posx>
				<posy>5</posy>
				<height>60</height>
				<width>290</width>
				<label>$VAR[widget_line1]</label>
				<align>right</align>
				<font>font-18</font>
				<textcolor>white</textcolor>
			</control>
			<control type="label">
				<posx>90</posx>
				<posy>60</posy>
				<height>30</height>
				<width>290</width>
				<align>right</align>
				<font>font-18</font>
				<textcolor>grey_b</textcolor>
				<label>$VAR[widget_line2]</label>
			</control>
		</itemlayout>
		<focusedlayout width="398" height="196">
			<control type="image">
				<posx>8</posx>
				<posy>10</posy>
				<width>388</width>
				<height>170</height>
				<texture background="true">white.png</texture>
				<animation effect="fade" end="30" time="100" condition="true">Conditional</animation>
			</control>
			<control type="image">
				<posx>10</posx>
				<posy>12</posy>
				<width>100</width>
				<height>166</height>
				<aspectratio align="center">strech</aspectratio>
				<texture background="true" fallback="defaultmovies.png">$INFO[Listitem.thumb]</texture>
				<visible>!StringCompare(Container(9000).ListItem.Property(widgetType),tvshows)</visible>
			</control>
			<control type="image">
				<posx>10</posx>
				<posy>12</posy>
				<width>100</width>
				<height>166</height>
				<aspectratio align="center">strech</aspectratio>
				<texture background="true" fallback="defaultmovies.png">$INFO[Listitem.art(tvshow.poster)]</texture>
				<visible>StringCompare(Container(9000).ListItem.Property(widgetType),tvshows)</visible>
			</control>
			<include name="stroke">
				<param name="posx" value="8" />
				<param name="posy" value="10" />
				<param name="width" value="388" />
				<param name="height" value="170" />
				<param name="color" value="white" />
			</include>

			<control type="textbox">
				<posx>125</posx>
				<posy>15</posy>
				<height>70</height>
				<width>260</width>
				<label>[B]$VAR[widget_line1][/B]</label>
				<align>right</align>
				<font>font-18</font>
				<textcolor>white</textcolor>
			</control>
			<control type="label">
				<posx>125</posx>
				<posy>75</posy>
				<height>30</height>
				<width>260</width>
				<align>right</align>
				<font>font-18</font>
				<textcolor>grey_b</textcolor>
				<label>[B]$VAR[widget_line2][/B]</label>
			</control>
			<control type="label">
				<posx>125</posx>
				<posy>105</posy>
				<height>30</height>
				<width>260</width>
				<align>right</align>
				<font>font-18</font>
				<textcolor>grey_b</textcolor>
				<label>$VAR[widget_line3]</label>
			</control>
			<control type="label">
				<posx>125</posx>
				<posy>135</posy>
				<height>30</height>
				<width>260</width>
				<align>right</align>
				<font>font-18</font>
				<textcolor>grey_b</textcolor>
				<label>$VAR[widget_line4]</label>
			</control>
		</focusedlayout>
	</include>

	<!-- Size For vertical home menu list -->
	<include name="show_home_topbar">
		<posy>118</posy>
		<height>880</height>
	</include>
	<include name="hide_home_topbar">
		<posy>18</posy>
		<height>980</height>
	</include>
	<!-- Size For vertical home SUB menu list -->
	<include name="show_home_topbar_sub">
		<posy>118</posy>
		<height>880</height>
		<animation effect="zoom" start="1632,80,1,880" end="1632,80,290,880" time="500">Visible</animation>
		<animation effect="zoom" start="1632,80,290,880" end="1632,80,1,880" time="500">Hidden</animation>
	</include>
	<include name="hide_home_topbar_sub">
		<posy>18</posy>
		<height>980</height>
		<animation effect="zoom" start="1632,80,1,980" end="1632,80,290,980" time="500">Visible</animation>
		<animation effect="zoom" start="1632,80,290,980" end="1632,80,1,980" time="500">Hidden</animation>
	</include>
	<!--END OF Vertical-Menu -->

</includes>
