<?xml version="1.0" encoding="UTF-8"?>
<window id="953">
	<!-- script-skinshortcuts -->
	<defaultcontrol always="true">211</defaultcontrol>
	<controls>

		<control type="image">
			<posx>0</posx>
			<posy>0</posy>
			<width>1920</width>
			<height>1080</height>
			<texture>black.png</texture>
		</control>
		<control type="multiimage">
			<posx>0</posx>
			<posy>0</posy>
			<width>1920</width>
			<height>1080</height>
			<imagepath background="true">$VAR[varBackground_dialog]</imagepath>
			<aspectratio aligny="top">scale</aspectratio>
			<timeperimage>5000</timeperimage>
			<randomize>true</randomize>
			<fadetime>650</fadetime>
		</control>
		<control type="image">
			<posx>0</posx>
			<posy>0</posy>
			<width>1920</width>
			<height>1080</height>
			<texture>black.png</texture>
			<animation effect="fade" start="0" end="60" time="0" condition="True">Conditional</animation>
		</control>
		<control type="group">
			<posx>390</posx>
			<posy>100</posy>
			<control type="image">
				<posx>0</posx>
				<posy>0</posy>
				<width>1020</width>
				<height>861</height>
				<texture colordiffuse="grey_50">white.png</texture>
				<animation effect="fade" end="90" time="0" condition="true">Conditional</animation>
			</control>

			<!-- Heading -->
			<control type="label"> <!-- ID=500 -->
				<posx>0</posx>
				<top>0</top>
				<width>1020</width>
				<height>108</height>
				<align>center</align>
				<label>$LOCALIZE[31003]</label>
				<font>font-40</font>
				<visible>StringCompare(Window.Property(groupname), mainmenu)</visible>
			</control>
			<control type="label">
				<posx>0</posx>
				<top>0</top>
				<width>1020</width>
				<height>108</height>
				<align>center</align>
				<label>$LOCALIZE[31010]</label>
				<font>font-40</font>
				<visible>!StringCompare(Window.Property(groupname), mainmenu)</visible>
			</control>
			<!-- Remove -->
			<control type="button" id="302">
				<left>-300</left>
				<top>-15</top>
				<width>1</width>
				<height>1</height>
				<onleft>9000</onleft>
				<onright>303</onright>
				<onup>Control.Move(211,-1)</onup>
				<ondown>Control.Move(211,1)</ondown>
			</control>

			<!-- List OF Items -->
			<control type="image">
				<posx>1020</posx>
				<posy>0</posy>
				<width>320</width>
				<height>860</height>
				<texture border="1">dialogs/grey1.png</texture>
				<animation effect="fade" end="80" time="0" condition="true">Conditional</animation>
			</control>
			<control type="list" id="211">
				<posx>1020</posx>
				<posy>10</posy>
				<width>322</width>
				<height>830</height>
				<onleft>9000</onleft>
				<onright>212</onright>
				<onup>noop</onup>
				<ondown>9001</ondown>
				<scrolltime tween="sine" easing="out">240</scrolltime>
				<itemlayout width="560" height="60">
					<control type="label">
						<posx>0</posx>
						<posy>10</posy>
						<width>280</width>
						<height>60</height>
						<textcolor>grey_a</textcolor>
						<align>right</align>
						<label>[COLOR=$INFO[ListItem.Property(TextColor)]]$INFO[ListItem.Label][/COLOR]</label>
					</control>
					<control type="image">
						<posx>285</posx>
						<posy>15</posy>
						<height>30</height>
						<width>30</width>
						<texture fallback="special://skin/extras/icons/default.png" colordiffuse="grey" background="true">$INFO[ListItem.Thumb]</texture>
					</control>
				<!-- 	<control type="image">
						<posx>285</posx>
						<posy>15</posy>
						<height>30</height>
						<width>30</width>
						<texture fallback="special://skin/extras/icons/default.png" colordiffuse="white" background="true">$INFO[ListItem.Thumb]</texture>
						<visible>StringCompare(ListItem.Property(Icon_Overlay2),$LOCALIZE[31141])</visible>
					</control>
					<control type="image">
						<posx>285</posx>
						<posy>15</posy>
						<height>30</height>
						<width>30</width>
						<texture fallback="special://skin/extras/icons/default.png" colordiffuse="$VAR[main_color]" background="true">$INFO[ListItem.Thumb]</texture>
						<visible>StringCompare(ListItem.Property(Icon_Overlay2),$LOCALIZE[31142])</visible>
					</control> -->
				</itemlayout>
				<focusedlayout width="560" height="60">
					<control type="image">
						<posx>0</posx>
						<posy>0</posy>
						<width>530</width>
						<height>60</height>
						<texture border="1">dialogs/grey2.png</texture>
					</control>
					<control type="image">
						<posx>285</posx>
						<posy>15</posy>
						<height>30</height>
						<width>30</width>
						<texture fallback="special://skin/extras/icons/default.png" colordiffuse="$VAR[dialog_icon_color]" background="true">$INFO[ListItem.Thumb]</texture>
					</control>
					<control type="label">
						<posx>0</posx>
						<posy>10</posy>
						<width>280</width>
						<height>60</height>
						<scroll>true</scroll>
						<textcolor>$VAR[main_color]</textcolor>
						<align>right</align>
						<label>[COLOR=$INFO[ListItem.Property(TextColor)]]$INFO[ListItem.Label][/COLOR]</label>
						<animation effect="fade" start="100" end="75" time="0" condition="!Control.HasFocus(211)">Conditional</animation>
					</control>
				</focusedlayout>
			</control>
			
			<control type="image">
				<posx>1340</posx>
				<posy>0</posy>
				<width>70</width>
				<height>860</height>
				<texture colordiffuse="B3FFFFFF">dialogs/grey2.png</texture>
			</control>
			<control type="grouplist" id="212">
				<posx>1345</posx>
				<posy>0</posy>
				<width>300</width>
				<height>300</height>
				<align>left</align>
				<itemgap>-8</itemgap>
				<onleft>211</onleft>
				<onright>noop</onright>
				<onup>Control.Move(211,-1)</onup>
				<ondown>Control.Move(211,1)</ondown>
				<usecontrolcoords>True</usecontrolcoords>
				<orientation>vertical</orientation>
				<animation effect="slide" end="0,60" condition="IntegerGreaterThan(Container(211).Position,0)">Conditional</animation>
				<animation effect="slide" end="0,60" condition="IntegerGreaterThan(Container(211).Position,1)">Conditional</animation>
				<animation effect="slide" end="0,60" condition="IntegerGreaterThan(Container(211).Position,2)">Conditional</animation>
				<animation effect="slide" end="0,60" condition="IntegerGreaterThan(Container(211).Position,3)">Conditional</animation>
				<animation effect="slide" end="0,60" condition="IntegerGreaterThan(Container(211).Position,4)">Conditional</animation>
				<animation effect="slide" end="0,60" condition="IntegerGreaterThan(Container(211).Position,5)">Conditional</animation>
				<animation effect="slide" end="0,60" condition="IntegerGreaterThan(Container(211).Position,6)">Conditional</animation>
				<animation effect="slide" end="0,60" condition="IntegerGreaterThan(Container(211).Position,7)">Conditional</animation>
				<animation effect="slide" end="0,60" condition="IntegerGreaterThan(Container(211).Position,8)">Conditional</animation>
				<animation effect="slide" end="0,60" condition="IntegerGreaterThan(Container(211).Position,9)">Conditional</animation>
				<animation effect="slide" end="0,60" condition="IntegerGreaterThan(Container(211).Position,10)">Conditional</animation>
				<!--<animation effect="slide" end="0,60" condition="IntegerGreaterThan(Container(211).Position,11)">Conditional</animation>
				<animation effect="slide" end="0,60" condition="IntegerGreaterThan(Container(211).Position,12)">Conditional</animation>
				<animation effect="slide" end="0,60" condition="IntegerGreaterThan(Container(211).Position,13)">Conditional</animation>
				<animation effect="slide" end="0,60" condition="IntegerGreaterThan(Container(211).Position,14)">Conditional</animation> -->


				<control type="button" id="303">
				<posx>5</posx>
					<posy>5</posy>
					<width>48</width>
					<height>30</height>
					<font>-</font>
					<texturenofocus colordiffuse="grey" flipy="true">main/marker.png</texturenofocus>
					<texturefocus  colordiffuse="$VAR[main_color]" flipy="true">main/marker.png</texturefocus>
				</control>
				<control type="button" id="304">
				<posx>5</posx>
					<posy>20</posy>
					<width>48</width>
					<height>30</height>
					<font>-</font>
					<texturenofocus colordiffuse="grey">main/marker.png</texturenofocus>
					<texturefocus colordiffuse="$VAR[main_color]">main/marker.png</texturefocus>
				</control>
				<control type="button" id="992">
					<posx>5</posx>
					<posy>20</posy>
					<width>48</width>
					<height>48</height>
					<font>-</font>
					<texturenofocus colordiffuse="grey">main/add.png</texturenofocus>
					<texturefocus colordiffuse="$VAR[main_color]">main/add.png</texturefocus>
					<onclick>XBMC.RunScript(script.skin.helper.service,action=ADDSHORTCUT)</onclick>
				</control>
				<control type="button" id="996">
					<posx>5</posx>
					<posy>10</posy>
					<width>48</width>
					<height>48</height>
					<font>-</font>
					<texturenofocus colordiffuse="grey">main/trash.png</texturenofocus>
					<texturefocus colordiffuse="$VAR[main_color]">main/trash.png</texturefocus>
					<onclick>Skin.SetString(dialog_header,$LOCALIZE[1210])</onclick>			
					<onclick>Skin.SetString(dialog_action,SendClick(home,302))</onclick>			
					<onclick>Skin.SetString(dialog_msg,$LOCALIZE[122]?)</onclick>
					<onclick>ActivateWindow(1131)</onclick>
				</control>
			</control>

			<!-- List OF Options -->
			<control type="grouplist" id="9000">
				<posx>0</posx>
				<posy>130</posy>
				<width>1020</width>
				<height>750</height>
				<itemgap>0</itemgap>
				<onleft>noop</onleft>
				<onright>211</onright>
				<onup>9001</onup>
				<ondown>9001</ondown>
				<orientation>vertical</orientation>
				<usecontrolcoords>true</usecontrolcoords>
				<scrolltime tween="sine" easing="out">240</scrolltime>
				<animation effect="fade" end="90" time="0" condition="true">Conditional</animation>
				<!-- Change shortcut -->
				<control type="button" id="401">
					<include>skinbuttons</include>
					<label>$LOCALIZE[31004]</label>
				</control>

				<!-- Change action .ListItem.Property(displaypath) -->
				<control type="button" id="307">
					<include>skinbuttons</include>
					<label>$LOCALIZE[31009]</label>
				</control>
				<!-- Change label .ListItem.Label -->
				<control type="button" id="305">
					<include>skinbuttons</include>
					<label>$LOCALIZE[31005]</label>
				</control>
				<!-- Change label Color .ListItem.Property(TextColor) -->
				<control type="button" id="997">
					<include>skinbuttons</include>
<!-- 					<onclick>Skin.SetString(color_picker,custom_color)</onclick>
					<onclick>Skin.SetString(custom_color,$INFO[Container(211).ListItem.Property(TextColor)])</onclick>
					<onclick>ActivateWindow(1130)</onclick>
					<onclick>SetProperty(customProperty,TextColor)</onclick>
					<onclick>SetProperty(customValue,$INFO[Skin.String(custom_color)])</onclick>
					<onclick>SendClick(404)</onclick> -->	
					<onclick>RunScript(script.skin.helper.service,action=colorpicker,shortcutproperty=TextColor)</onclick>
					<label>$LOCALIZE[31006]</label>
					<visible>Skin.HasSetting(shortcuts_advanced)</visible>
				</control>
				<!-- Custom Property: TextColor Icon_Overlay Icon_Overlay2 -->
				<control type="button" id="404">
					<include>skinbuttons</include>
					<visible>False</visible>
				</control>
				<!-- Change background .ListItem.Property(Background) -->
				<control type="button" id="310">
					<include>skinbuttons</include>
					<label>$LOCALIZE[31007]</label>
				</control>
				<!-- Change Icon .ListItem.Property(Thumbnail) -->
				<control type="button" id="311">
					<posx>600</posx>
					<width>420</width>
					<include>skinbuttons</include>
					<label>$LOCALIZE[31008]</label>
				</control>
				<!-- Change Icon Focus Overlay .ListItem.Property(Icon_Overlay) -->
				<control type="button" id="995">
					<description>Overlay Icon focus</description>					
					<posx>600</posx>
					<width>420</width>
					<include>skinbuttons</include>
					<label>31143</label>			
					<include>radio_button_settings</include>
					<visible>Skin.HasSetting(shortcuts_advanced)</visible>
					<visible>False</visible>
				</control>
				<!-- Change Icon NO-Focus Overlay .ListItem.Property(Icon_Overlay2) -->
				<control type="button" id="994">
					<description>Overlay Icon no focus</description>	
					<posx>600</posx>
					<width>420</width>
					<include>skinbuttons</include>
					<label>31144</label>
					<include>radio_button_settings</include>
					<visible>Skin.HasSetting(shortcuts_advanced)</visible>
					<visible>False</visible>
				</control>
				<!-- Password Protection -->
				<control type="button" id="993">
					<posx>600</posx>
					<width>420</width>
					<include>skinbuttons</include>			
					<label>$LOCALIZE[31083]</label>
					<visible>StringCompare(Window.Property(groupname), mainmenu) + Skin.HasSetting(shortcuts_advanced)</visible>
				</control>
				<!-- Edit widget .ListItem.Property(widgetName) -->
				<control type="button" id="312">
					<include>skinbuttons</include>
					<label>$LOCALIZE[31011]</label>
					<visible>StringCompare(Window.Property(groupname),mainmenu)</visible>
				</control>
				<!-- Edit sub menu -->
				<control type="button" id="405">
					<posx>600</posx>
					<width>420</width>
					<include>skinbuttons</include>
					<label>$LOCALIZE[31010]</label>
					<visible>StringCompare(Window.Property(groupname),mainmenu)</visible>
				</control>
			</control>

			<!-- Label 2 Grouplist -->
			<control type="grouplist">
				<posx>25</posx>
				<posy>130</posy>
				<width>570</width>
				<height>750</height>
				<itemgap>0</itemgap>
				<onleft>noop</onleft>
				<onright>noop</onright>
				<onup>noop</onup>
				<ondown>noop</ondown>
				<orientation>vertical</orientation>
				<include name="shortcuts_label2"></include>
				<include name="shortcuts_label2"><param name="label" value="$INFO[Container(211).ListItem.Property(displaypath)]"/></include>
				<include name="shortcuts_label2"><param name="label" value="$INFO[Container(211).ListItem.Label]"/></include>
				<include name="shortcuts_label3"><param name="label" value="$INFO[Container(211).ListItem.Property(TextColor)]"/><param name="color" value="$INFO[Container(211).ListItem.Property(TextColor)]"/></include>
				<include name="shortcuts_label2"><param name="label" value="$VAR[shortcuts_bgpath]"/></include>
				<include name="shortcuts_label2"><param name="label" value=""/><param name="width" value="490"/></include>
			<!-- 	<include name="shortcuts_label3"><param name="label" value="$INFO[Container(211).ListItem.Property(Icon_Overlay)]"/><param name="width" value="490"/></include>
				<include name="shortcuts_label3"><param name="label" value="$INFO[Container(211).ListItem.Property(Icon_Overlay2)]"/><param name="width" value="490"/></include> -->	
				<include name="shortcuts_label4"><param name="label" value="$VAR[passcode]"/><param name="hide" value="yes"/></include>		
				<include name="shortcuts_label2"><param name="label" value="$INFO[Container(211).ListItem.Property(widgetName)]"/></include>
			</control>
			<control type="image">
				<posx>550</posx>
				<posy>440</posy>
				<height>45</height>
				<width>45</width>
				<texture fallback="special://skin/extras/icons/default.png" background="true">$INFO[Container(211).ListItem.Thumb]</texture>
				<animation effect="slide" end="0,-60" time="100" condition="!Skin.HasSetting(shortcuts_advanced)">Conditional</animation>
			</control>
			<!-- <control type="image">
				<posx>550</posx>
				<posy>500</posy>
				<height>45</height>
				<width>45</width>
				<texture fallback="special://skin/extras/icons/default.png" colordiffuse="$VAR[dialog_icon_color]" background="true">$INFO[Container(211).ListItem.Thumb]</texture>
				<visible>Skin.HasSetting(shortcuts_advanced)</visible>
			</control> 
			<control type="image">
				<posx>550</posx>
				<posy>560</posy>
				<height>45</height>
				<width>45</width>
				<texture fallback="special://skin/extras/icons/default.png" colordiffuse="$VAR[dialog_icon_color_nf]" background="true">$INFO[Container(211).ListItem.Thumb]</texture>
				<visible>Skin.HasSetting(shortcuts_advanced)</visible>
			</control>-->
			<control type="grouplist">
				<posx>20</posx>
				<top>130</top>
				<width>980</width>
				<itemgap>-2</itemgap>
				<onleft>noop</onleft>
				<onright>noop</onright>
				<onup>noop</onup>
				<ondown>noop</ondown>
				<orientation>vertical</orientation>
				<visible>False</visible>
				<include name="stroke"></include>
				<include name="stroke"></include>
				<include name="stroke"></include>
				<include name="stroke"></include>
				<include name="stroke"></include>
				<include name="stroke"></include>
				<include name="stroke"></include>
				<include name="stroke"></include>
				<include name="stroke"></include>
				<include name="stroke"></include>
				<include name="stroke"></include>
				<include name="stroke"></include>
				<include name="stroke"></include>
			</control>
			<control type="image">
				<posx>600</posx>
				<posy>180</posy>
				<width>2</width>
				<height>600</height>
				<texture>white.png</texture>
				<visible>False</visible>
			</control>
			<!-- Button grouplist -->
			<control type="grouplist" id="9001">
				<posx>20</posx>
				<top>800</top>
				<width>1000</width>
				<itemgap>15</itemgap>
				<onleft>211</onleft>
				<onright>211</onright>
				<onup>9000</onup>
				<ondown>noop</ondown>
				<orientation>horizontal</orientation>

				<!-- OK Button -->
				<control type="button" id="10">
					<align>center</align>
					<width>220</width>
					<label>186</label>
					<onback condition="StringCompare(Window.Property(groupname),mainmenu)">RunScript(script.skinshortcuts,type=buildxml&amp;mainmenuID=9000)</onback>
					<onclick condition="StringCompare(Window.Property(groupname),mainmenu)">RunScript(script.skinshortcuts,type=buildxml&amp;mainmenuID=9000)</onclick>
					<onclick>Close</onclick>
					<textoffsetx>5</textoffsetx>
					<include>button_dialogs</include>
				</control>
				<!-- Add item -->
				<control type="button" id="301">
					<align>center</align>
					<width>220</width>
					<label>$LOCALIZE[31014]</label>
					<textoffsetx>5</textoffsetx>
					<include>button_dialogs</include>
					<visible>False</visible>
				</control>
				<control type="button" id="1301">
					<align>center</align>
					<width>220</width>
					<label>$LOCALIZE[31014]</label>
					<textoffsetx>5</textoffsetx>
					<include>button_dialogs</include>
					<onclick>XBMC.RunScript(script.skin.helper.service,action=ADDSHORTCUT)</onclick>
				</control>
				<!-- Reset -->
				<control type="button" id="308">
					<align>center</align>
					<width>220</width>
					<label>$LOCALIZE[31013]</label>
					<include>skinbuttons</include>
					<visible>False</visible>
				</control>
				<control type="button" id="998">
					<align>center</align>
					<width>254</width>
					<onclick>Skin.SetString(dialog_header,$LOCALIZE[10035])</onclick>			
					<onclick>Skin.SetString(dialog_action,SendClick(home,308))</onclick>			
					<onclick>Skin.SetString(dialog_msg,$LOCALIZE[31015])</onclick>
					<onclick>ActivateWindow(1131)</onclick>
					<label>$LOCALIZE[31013]</label>
					<include>button_dialogs</include>
				</control>
					<control type="radiobutton" id="1302">
					<align>left</align>
					<width>250</width>
					<label>$LOCALIZE[10038]...</label>
					<textoffsetx>5</textoffsetx>
					<radioposx>195</radioposx>
					<include>button_dialogs</include>
					<selected>Skin.HasSetting(shortcuts_advanced)</selected>
					<onclick>Skin.ToggleSetting(shortcuts_advanced)</onclick>
				</control>
			</control>
		</control>
	</controls>
</window>
