<?xml version='1.0' encoding='UTF-8'?>
<shortcuts>
<!-- vod -->
	<shortcut>
		<action>ActivateWindow(10025,"plugin://plugin.video.sdarot.tv",return)</action>
		<label>סדרות TV</label>
		<label2>הרחבת וידאו</label2>
		<defaultID>plugin.video.sdarot.tv</defaultID>
		<icon>special://skin/extras/icons/ICONS/sdarot-tv v.3.png</icon>
	</shortcut>
	<shortcut>
		<action>ActivateWindow(10025,"plugin://plugin.video.MakoTV",return)</action>
		<label>ערוץ 2 - קשת</label>
		<label2>הרחבת וידאו</label2>
		<defaultID>plugin.video.MakoTV</defaultID>
		<icon>special://skin/extras/icons/ICONS/keshet2.png</icon>
	</shortcut>
	<shortcut>
		<action>ActivateWindow(10025,"plugin://plugin.video.reshet.video",return)</action>
		<label>ערוץ 2 - רשת</label>
		<label2>הרחבת וידאו</label2>
		<defaultID>plugin.video.reshet.video</defaultID>
		<icon>special://skin/extras/icons/ReshetTV.png</icon>
	</shortcut>
	<shortcut>
		<action>ActivateWindow(10025,"plugin://plugin.video.ilten",return)</action>
		<label>ערוץ 10</label>
		<label2>הרחבת וידאו</label2>
		<defaultID>plugin.video.ilten</defaultID>
		<icon>special://skin/extras/icons/ICONS/10b.png</icon>
	</shortcut>
	<shortcut>
		<action>ActivateWindow(10025,"plugin://plugin.video.IBA",return)</action>
		<label>ערוץ 1</label>
		<label2>הרחבת וידאו</label2>
		<defaultID>plugin.video.IBA</defaultID>
		<icon>special://skin/extras/icons/ICONS/1.png</icon>
	</shortcut>
	<shortcut>
		<action>ActivateWindow(10025,"plugin://plugin.video.wallaNew.video",return)</action>
		<label>וואלה - Yes</label>
		<label2>הרחבת וידאו</label2>
		<defaultID>plugin.video.wallaNew.video</defaultID>
		<icon>special://skin/extras/icons/ICONS/YesLogo.png</icon>
	</shortcut>
	<shortcut>
		<action>ActivateWindow(10025,"plugin://plugin.video.hotVOD.video",return)</action>
		<label>Hot - הוט</label>
		<label2>הרחבת וידאו</label2>
		<defaultID>plugin.video.hotVOD.video</defaultID>
		<icon>special://skin/extras/icons/ICONS/HOT.png</icon>
	</shortcut>
</shortcuts>
