<?xml version="1.0" encoding="UTF-8" standalone="yes"?>
<addon id="plugin.video.MikeysKaraoke" name="Mikey's Karaoke" version="4.8.0" provider-name=".[COLOR blue]X[/COLOR]unity[COLOR blue]T[/COLOR]alk">
  <requires>
    <import addon="xbmc.python" version="2.1.0"/>
    <import addon="script.module.t0mm0.common" version="0.0.1"/>
    <import addon="plugin.video.youtube" version="0.0.1"/>
  </requires>
  <extension point="xbmc.python.pluginsource" library="default.py">
        <provides>video audio</provides>
  </extension>
  <extension point="xbmc.addon.metadata">
    <summary lang="en">Play Karaoke Videos</summary>
    <description lang="en">Search Karaoke Songs.....Official Support....XUNITYTALK.COM</description>
    <platform>all</platform>
  </extension>
</addon>
