<?xml version="1.0" encoding="UTF-8"?>
<window type="dialog" id="1130">
	<defaultcontrol>100</defaultcontrol>
	<onload>SetProperty(colorpicker,$VAR[color_picker])</onload>
	<animation effect="slide" start="-400" end="0" time="400">WindowOpen</animation>
	<animation effect="slide" start="0" end="-400" time="400">WindowClose</animation>
	<coordinates>
		<system>1</system>
		<left>0</left>
		<top>20</top>
	</coordinates>
	<controls>
		<control type="image">
			<description>background image</description>
			<posx>0</posx>
			<posy>70</posy>
			<width>380</width>
			<height>930</height>
			<texture background="true" colordiffuse="grey_50">white.png</texture>
			<bordertexture colordiffuse="grey">white.png</bordertexture>
			<bordersize>2</bordersize>
			<visible>!Window.IsActive(script-skinshortcuts.xml) + !Window.IsActive(SkinSettings.xml)</visible>
		</control>
		<control type="label">
			<posx>60</posx>
			<posy>290</posy>
			<width>300</width>
			<height>45</height>
			<align>left</align>
			<aligny>center</aligny>
			<font>font-22</font>
			<textcolor>$VAR[color_picker]</textcolor>
			<label>$LOCALIZE[737]: $VAR[color_picker] </label>
		</control>

		<!-- Button grouplist -->
		<control type="grouplist" id="9000">
			<posx>60</posx>
			<posy>90</posy>
			<width>300</width>
			<height>300</height>
			<itemgap>10</itemgap>
			<onleft>9000</onleft>
			<onright>9000</onright>
			<onup>100</onup>
			<ondown>100</ondown>
			<orientation>vertical</orientation>

			<!-- OK Button -->
			<control type="button" id="10">
				<width>250</width>
				<label>186</label>
				<textoffsetx>5</textoffsetx>
				<include>button_dialogs</include>
				<onclick>Close</onclick>	
				<onclick>SendClick(404)</onclick>			
			</control>
			<!-- default Button -->
			<control type="button" id="11">
				<width>250</width>
				<label>13278</label>
				<textoffsetx>5</textoffsetx>
				<include>button_dialogs</include>
				<onclick>Skin.SetString($INFO[Skin.String(color_picker)],$VAR[color_picker_defaults])</onclick>
			</control>
			<!-- Enter Manually -->
			<control type="button" id="12">
				<width>250</width>
				<label>532</label>
				<textoffsetx>5</textoffsetx>
				<include>button_dialogs</include>
				<onclick>Skin.SetString($INFO[Skin.String(color_picker)])</onclick>
			</control>
		</control>

		<control type="group">
			<control type="panel" id="100">
				<left>10</left>
				<top>340</top>
				<width>380</width>
				<height>782</height>
				<onup>9000</onup>
				<ondown>9000</ondown>
				<onleft>100</onleft>
				<onright>100</onright>
				<orientation>vertical</orientation>
				<scrolltime>200</scrolltime>
				<itemlayout height="71" width="71">
					<control type="image">
						<left>7</left>
						<top>7</top>
						<width>64</width>
						<height>64</height>
						<texture>$INFO[ListItem.Art(thumb)]</texture>
					</control>
					<control type="image">
						<left>23</left>
						<top>23</top>
						<width>32</width>
						<height>32</height>
						<texture>main/favs.png</texture>
						<visible>StringCompare(ListItem.Label,Window().Property(colorpicker))</visible>
					</control>
				</itemlayout>
				<focusedlayout height="71" width="71">
					<control type="image">
						<!-- <left>0</left>
						<width>78</width>
						<height>78</height> -->
						<left>7</left>
						<top>7</top>
						<width>64</width>
						<height>64</height>
						<texture>$INFO[ListItem.Art(thumb)]</texture>
<!-- 						<bordertexture colordiffuse="$VAR[main_color]">thumbnail_focused.png</bordertexture>
						<bordersize>7</bordersize> -->
					</control>
					<control type="image">
						<left>0</left>
						<width>78</width>
						<height>78</height>
						<texture colordiffuse="$VAR[main_color]">thumbnail_focused.png</texture>
						<animation effect="zoom" start="100" end="97" time="150" condition="Control.HasFocus(100)" pulse="true" >Conditional</animation>
					</control>
					<control type="image">
						<left>23</left>
						<top>23</top>
						<width>32</width>
						<height>32</height>
						<texture>main/favs.png</texture>
						<visible>StringCompare(ListItem.Label,Window().Property(colorpicker))</visible>
					</control>
				</focusedlayout>
				<content>
					<item id="5">
						<!--black -->
						<onclick>Skin.SetString($INFO[Skin.String(color_picker)],FF000000)</onclick>
						<onclick>SetProperty(colorpicker,FF000000)</onclick>
						<thumb>colors/FF000000.png</thumb>
						<label>FF000000</label>
					</item>
					<item id="10">
						<!--grey 1 -->
						<onclick>Skin.SetString($INFO[Skin.String(color_picker)],FF222222)</onclick>
						<onclick>SetProperty(colorpicker,FF222222)</onclick>
						<thumb>colors/FF222222.png</thumb>
						<label>FF222222</label>
					</item>
					<item id="15">
						<!--grey 2 -->
						<onclick>Skin.SetString($INFO[Skin.String(color_picker)],FF444444)</onclick>
						<onclick>SetProperty(colorpicker,FF444444)</onclick>
						<thumb>colors/FF444444.png</thumb>
						<label>FF444444</label>
					</item>
					<item id="20">
						<!--grey 3 -->
						<onclick>Skin.SetString($INFO[Skin.String(color_picker)],FF666666)</onclick>
						<onclick>SetProperty(colorpicker,FF666666)</onclick>
						<thumb>colors/FF666666.png</thumb>
						<label>FF666666</label>
					</item>
					<item id="25">
						<!--grey 4 -->
						<onclick>Skin.SetString($INFO[Skin.String(color_picker)],FF888888)</onclick>
						<onclick>SetProperty(colorpicker,FF888888)</onclick>
						<thumb>colors/FF888888.png</thumb>
						<label>FF888888</label>
					</item>
					<item id="30">
						<!--grey 5 -->
						<onclick>Skin.SetString($INFO[Skin.String(color_picker)],FFaaaaaa)</onclick>
						<onclick>SetProperty(colorpicker,FFaaaaaa)</onclick>
						<thumb>colors/FFaaaaaa.png</thumb>
						<label>FFaaaaaa</label>
					</item>
					<item id="35">
						<!--grey 6 -->
						<onclick>Skin.SetString($INFO[Skin.String(color_picker)],FFcccccc)</onclick>
						<onclick>SetProperty(colorpicker,FFcccccc)</onclick>
						<thumb>colors/FFcccccc.png</thumb>
						<label>FFcccccc</label>
					</item>
					<item id="40">
						<!--grey 7 -->
						<onclick>Skin.SetString($INFO[Skin.String(color_picker)],FFeeeeee)</onclick>
						<onclick>SetProperty(colorpicker,FFeeeeee)</onclick>
						<thumb>colors/FFeeeeee.png</thumb>
						<label>FFeeeeee</label>
					</item>
					<item id="45">
						<!--white -->
						<onclick>Skin.SetString($INFO[Skin.String(color_picker)],FFffffff)</onclick>
						<onclick>SetProperty(colorpicker,FFffffff)</onclick>
						<thumb>colors/FFffffff.png</thumb>
						<label>FFffffff</label>
					</item>
					
					<item id="1">
						<!--green 1 -->
						<onclick>Skin.SetString($INFO[Skin.String(color_picker)],FF93ce5f)</onclick>
						<onclick>SetProperty(colorpicker,FF93ce5f)</onclick>
						<thumb>colors/FF93ce5f.png</thumb>
						<label>FF93ce5f</label>
					</item>
					<item id="2">
						<!--green 2 -->
						<onclick>Skin.SetString($INFO[Skin.String(color_picker)],FF80d535)</onclick>
						<onclick>SetProperty(colorpicker,FF80d535)</onclick>
						<thumb>colors/FF80d535.png</thumb>
						<label>FF80d535</label>
					</item>
					<item id="3">
						<!--green 6 -->
						<onclick>Skin.SetString($INFO[Skin.String(color_picker)],FF69a013)</onclick>
						<onclick>SetProperty(colorpicker,FF69a013)</onclick>
						<thumb>colors/FF69a013.png</thumb>
						<label>FF69a013</label>
					</item>
					<item id="4">
						<!--green 7 -->
						<onclick>Skin.SetString($INFO[Skin.String(color_picker)],FF91ad10)</onclick>
						<onclick>SetProperty(colorpicker,FF91ad10)</onclick>
						<thumb>colors/FF91ad10.png</thumb>
						<label>FF91ad10</label>
					</item>

					<item id="6">
						<!--green 9 -->
						<onclick>Skin.SetString($INFO[Skin.String(color_picker)],FFb5c814)</onclick>
						<onclick>SetProperty(colorpicker,FFb5c814)</onclick>
						<thumb>colors/FFb5c814.png</thumb>
						<label>FFb5c814</label>
					</item>
					<item id="7">
						<!--green 12 -->
						<onclick>Skin.SetString($INFO[Skin.String(color_picker)],FFe8ef23)</onclick>
						<onclick>SetProperty(colorpicker,FFe8ef23)</onclick>
						<thumb>colors/FFe8ef23.png</thumb>
						<label>FFe8ef23</label>
					</item>
					<item id="8">
						<!--yellow 1 -->
						<onclick>Skin.SetString($INFO[Skin.String(color_picker)],FFfed530)</onclick>
						<onclick>SetProperty(colorpicker,FFfed530)</onclick>
						<thumb>colors/FFfed530.png</thumb>
						<label>FFfed530</label>
					</item>
					<item id="9">
						<!--yellow 3 -->
						<onclick>Skin.SetString($INFO[Skin.String(color_picker)],FFebbd04)</onclick>
						<onclick>SetProperty(colorpicker,FFebbd04)</onclick>
						<thumb>colors/FFebbd04.png</thumb>
						<label>FFebbd04</label>
					</item>

					<item id="11">
						<!--yellow 5 -->
						<onclick>Skin.SetString($INFO[Skin.String(color_picker)],FFd1a408)</onclick>
						<onclick>SetProperty(colorpicker,FFd1a408)</onclick>
						<thumb>colors/FFd1a408.png</thumb>
						<label>FFd1a408</label>
					</item>
					<item id="12">
						<!--orange 1 -->
						<onclick>Skin.SetString($INFO[Skin.String(color_picker)],FFf6983c)</onclick>
						<onclick>SetProperty(colorpicker,FFf6983c)</onclick>
						<thumb>colors/FFf6983c.png</thumb>
						<label>FFf6983c</label>
					</item>
					<item id="13">
						<!--orange 3 -->
						<onclick>Skin.SetString($INFO[Skin.String(color_picker)],FFfb8512)</onclick>
						<onclick>SetProperty(colorpicker,FFfb8512)</onclick>
						<thumb>colors/FFfb8512.png</thumb>
						<label>FFfb8512</label>
					</item>
					<item id="14">
						<!--orange 5 -->
						<onclick>Skin.SetString($INFO[Skin.String(color_picker)],FFf16816)</onclick>
						<onclick>SetProperty(colorpicker,FFf16816)</onclick>
						<thumb>colors/FFf16816.png</thumb>
						<label>FFf16816</label>
					</item>
					
					<item id="16">
						<!--orange 6 -->
						<onclick>Skin.SetString($INFO[Skin.String(color_picker)],FFf14416)</onclick>
						<onclick>SetProperty(colorpicker,FFf14416)</onclick>
						<thumb>colors/FFf14416.png</thumb>
						<label>FFf14416</label>
					</item>
					<item id="17">
						<!--red 1 -->
						<onclick>Skin.SetString($INFO[Skin.String(color_picker)],FFe95d4e)</onclick>
						<onclick>SetProperty(colorpicker,FFe95d4e)</onclick>
						<thumb>colors/FFe95d4e.png</thumb>
						<label>FFe95d4e</label>
					</item>
					<item id="18">
						<!--red 4 -->
						<onclick>Skin.SetString($INFO[Skin.String(color_picker)],FFed2914)</onclick>
						<onclick>SetProperty(colorpicker,FFed2914)</onclick>
						<thumb>colors/FFed2914.png</thumb>
						<label>FFed2914</label>
					</item>
					<item id="19">
						<!--red 6 -->
						<onclick>Skin.SetString($INFO[Skin.String(color_picker)],FFc81805)</onclick>
						<onclick>SetProperty(colorpicker,FFc81805)</onclick>
						<thumb>colors/FFc81805.png</thumb>
						<label>FFc81805</label>
					</item>
					
					<item id="21">
						<!--red 7 -->
						<onclick>Skin.SetString($INFO[Skin.String(color_picker)],FFc90533)</onclick>
						<onclick>SetProperty(colorpicker,FFc90533)</onclick>
						<thumb>colors/FFc90533.png</thumb>
						<label>FFc90533</label>
					</item>
					<item id="22">
						<!--red 9 -->
						<onclick>Skin.SetString($INFO[Skin.String(color_picker)],FFd82f76)</onclick>
						<onclick>SetProperty(colorpicker,FFd82f76)</onclick>
						<thumb>colors/FFd82f76.png</thumb>
						<label>FFd82f76</label>
					</item>
					<item id="23">
						<!--pink 2 -->
						<onclick>Skin.SetString($INFO[Skin.String(color_picker)],FFfd76d0)</onclick>
						<onclick>SetProperty(colorpicker,FFfd76d0)</onclick>
						<thumb>colors/FFfd76d0.png</thumb>
						<label>FFfd76d0</label>
					</item>
					<item id="24">
						<!--pink 6 -->
						<onclick>Skin.SetString($INFO[Skin.String(color_picker)],FFeb37d0)</onclick>
						<onclick>SetProperty(colorpicker,FFeb37d0)</onclick>
						<thumb>colors/FFeb37d0.png</thumb>
						<label>FFeb37d0</label>
					</item>
					
					<item id="26">
						<!--pink 8 -->
						<onclick>Skin.SetString($INFO[Skin.String(color_picker)],FF995b7e)</onclick>
						<onclick>SetProperty(colorpicker,FF995b7e)</onclick>
						<thumb>colors/FF995b7e.png</thumb>
						<label>FF995b7e</label>
					</item>
					<item id="27">
						<!--purple 2 -->
						<onclick>Skin.SetString($INFO[Skin.String(color_picker)],FFaf6bdf)</onclick>
						<onclick>SetProperty(colorpicker,FFaf6bdf)</onclick>
						<thumb>colors/FFaf6bdf.png</thumb>
						<label>FFaf6bdf</label>
					</item>
					<item id="28">
						<!--purple 4 -->
						<onclick>Skin.SetString($INFO[Skin.String(color_picker)],FF9544ce)</onclick>
						<onclick>SetProperty(colorpicker,FF9544ce)</onclick>
						<thumb>colors/FF9544ce.png</thumb>
						<label>FF9544ce</label>
					</item>
					<item id="29">
						<!--purple 5 -->
						<onclick>Skin.SetString($INFO[Skin.String(color_picker)],FF862ec3)</onclick>
						<onclick>SetProperty(colorpicker,FF862ec3)</onclick>
						<thumb>colors/FF862ec3.png</thumb>
						<label>FF862ec3</label>
					</item>
					
					<item id="31">
						<!--purple 6 -->
						<onclick>Skin.SetString($INFO[Skin.String(color_picker)],FF522f73)</onclick>
						<onclick>SetProperty(colorpicker,FF522f73)</onclick>
						<thumb>colors/FF522f73.png</thumb>
						<label>FF522f73</label>
					</item>
					<item id="32">
						<!--purple 7 -->
						<onclick>Skin.SetString($INFO[Skin.String(color_picker)],FF5334da)</onclick>
						<onclick>SetProperty(colorpicker,FF5334da)</onclick>
						<thumb>colors/FF5334da.png</thumb>
						<label>FF5334da</label>
					</item>
					<item id="33">
						<!--purple 8 -->
						<onclick>Skin.SetString($INFO[Skin.String(color_picker)],FF305bd4)</onclick>
						<onclick>SetProperty(colorpicker,FF305bd4)</onclick>
						<thumb>colors/FF305bd4.png</thumb>
						<label>FF305bd4</label>
					</item>
					<item id="34">
						<!--purple 10 -->
						<onclick>Skin.SetString($INFO[Skin.String(color_picker)],FF4b82de)</onclick>
						<onclick>SetProperty(colorpicker,FF4b82de)</onclick>
						<thumb>colors/FF4b82de.png</thumb>
						<label>FF4b82de</label>
					</item>
					
					<item id="36">
						<!--blue -->
						<onclick>Skin.SetString($INFO[Skin.String(color_picker)],FF4d86a6)</onclick>
						<onclick>SetProperty(colorpicker,FF4d86a6)</onclick>
						<thumb>colors/FF4d86a6.png</thumb>
						<label>FF4d86a6</label>
					</item>
					<item id="37">
						<!--blue 5 -->
						<onclick>Skin.SetString($INFO[Skin.String(color_picker)],FF2d95d7)</onclick>
						<onclick>SetProperty(colorpicker,FF2d95d7)</onclick>
						<thumb>colors/FF2d95d7.png</thumb>
						<label>FF2d95d7</label>
					</item>					
					<item id="38">
						<!--blue 3 -->
						<onclick>Skin.SetString($INFO[Skin.String(color_picker)],FF4bb4f6)</onclick>
						<onclick>SetProperty(colorpicker,FF4bb4f6)</onclick>
						<thumb>colors/FF4bb4f6.png</thumb>
						<label>FF4bb4f6</label>
					</item>
					<item id="39">
						<!--cyan 1 -->
						<onclick>Skin.SetString($INFO[Skin.String(color_picker)],FF00ffff)</onclick>
						<onclick>SetProperty(colorpicker,FF00ffff)</onclick>
						<thumb>colors/FF00ffff.png</thumb>
						<label>FF00ffff</label>
					</item>
					
					<item id="41">
						<!--aqua 3 -->
						<onclick>Skin.SetString($INFO[Skin.String(color_picker)],FF2ae1b8)</onclick>
						<onclick>SetProperty(colorpicker,FF2ae1b8)</onclick>
						<thumb>colors/FF2ae1b8.png</thumb>
						<label>FF2ae1b8</label>
					</item>
					<item id="42">
						<!--aqua 6 -->
						<onclick>Skin.SetString($INFO[Skin.String(color_picker)],FF0fd382)</onclick>
						<onclick>SetProperty(colorpicker,FF0fd382)</onclick>
						<thumb>colors/FF0fd382.png</thumb>
						<label>FF0fd382</label>
					</item>
					<item id="43">
						<!--green -->
						<onclick>Skin.SetString($INFO[Skin.String(color_picker)],FF499d73)</onclick>
						<onclick>SetProperty(colorpicker,FF499d73)</onclick>
						<thumb>colors/FF499d73.png</thumb>
						<label>FF499d73</label>
					</item>
					<item id="44">
						<!--brown -->
						<onclick>Skin.SetString($INFO[Skin.String(color_picker)],FF6b5441)</onclick>
						<onclick>SetProperty(colorpicker,FF6b5441)</onclick>
						<thumb>colors/FF6b5441.png</thumb>
						<label>FF6b5441</label>
					</item>
				</content>
			</control>
		</control>
	</controls>
</window>