<?xml version="1.0" encoding="UTF-8"?>
<window>
	<!-- peripherals -->
	<defaultcontrol always="true">20</defaultcontrol>

	<controls>

		<!-- Background -->
<control type="image">
			<posx>400</posx>
			<posy>100</posy>
			<width>1120</width>
			<height>880</height>
			<texture background="true" colordiffuse="grey_50">white.png</texture>
			<bordertexture colordiffuse="grey">white.png</bordertexture>	
			<bordersize>2</bordersize>
			<animation effect="fade" start="0" end="100" time="300">WindowOpen</animation>
			<animation effect="fade" start="70" end="0" time="300">WindowClose</animation>
		</control>

		<!-- Heading -->
		<control type="label" id="1">
			<left>0</left>
			<top>110</top>
			<align>center</align>
			<width>1920</width>
			<height>72</height>
			<font>font-40</font>
			<label>35000</label>
		</control>

		<control type="list" id="20">
			<left>400</left>
			<top>200</top>
			<width>1100</width>
			<height>576</height>
			<onup>noop</onup>
			<ondown>10</ondown>
			<onleft>noop</onleft>
			<onright>10</onright>
			<orientation>vertical</orientation>
			<viewtype label="535">list</viewtype>
			<scrolltime tween="sine" easing="out">240</scrolltime>

			<itemlayout width="1200" height="112">
				<control type="label">
					<top>22</top>
					<width>1220</width>
					<height>36</height>
					<font>font-24</font>
					<textcolor>white</textcolor>
					<label>$INFO[ListItem.Label]</label>
				</control>
				<control type="label">
					<top>70</top>
					<width>390</width>
					<height>30</height>
					<font>font-22</font>
					<textcolor>white</textcolor>
					<label>[COLOR=grey_b]$LOCALIZE[35504]:[/COLOR] $INFO[ListItem.Property(Product)]</label>
				</control>
				<control type="label">
					<left>430</left>
					<top>70</top>
					<width>390</width>
					<height>30</height>
					<font>font-22</font>
					<textcolor>white</textcolor>
					<label>[COLOR=grey_b]$LOCALIZE[35503]:[/COLOR] $INFO[ListItem.Property(Vendor)]</label>
				</control>
				<control type="label">
					<left>840</left>
					<top>70</top>
					<width>390</width>
					<height>30</height>
					<font>font-22</font>
					<textcolor>white</textcolor>
					<label>[COLOR=grey_b]$LOCALIZE[35501]:[/COLOR] $INFO[ListItem.Property(Class)]</label>
				</control>
			</itemlayout>

			<focusedlayout width="1260" height="112">
				<control type="label">
					<top>22</top>
					<width>1220</width>
					<height>36</height>
					<font>font-24</font>
					<textcolor>$VAR[main_color]</textcolor>
					<label>$INFO[ListItem.Label]</label>
				</control>
				<control type="label">
					<top>70</top>
					<width>390</width>
					<height>30</height>
					<font>font-22</font>
					<textcolor>white</textcolor>
					<label>[COLOR=grey_b]$LOCALIZE[35504]:[/COLOR] $INFO[ListItem.Property(Product)]</label>
				</control>
				<control type="label">
					<left>430</left>
					<top>70</top>
					<width>390</width>
					<height>30</height>
					<font>font-22</font>
					<textcolor>white</textcolor>
					<label>[COLOR=grey_b]$LOCALIZE[35503]:[/COLOR] $INFO[ListItem.Property(Vendor)]</label>
				</control>
				<control type="label">
					<left>840</left>
					<top>70</top>
					<width>390</width>
					<height>30</height>
					<font>font-22</font>
					<textcolor>white</textcolor>
					<label>[COLOR=grey_b]$LOCALIZE[35501]:[/COLOR] $INFO[ListItem.Property(Class)]</label>
				</control>
			</focusedlayout>
		</control>

		<!-- OK button -->
		<control type="button" id="10">
			<left>760</left>
			<top>850</top>
			<width>400</width>
			<onleft>noop</onleft>
			<onright>noop</onright>
			<onup>20</onup>
			<ondown>noop</ondown>
			<label>186</label>
		</control>

	</controls>

</window>
