<?xml version="1.0" encoding="UTF-8"?>
<window>
	<defaultcontrol>10</defaultcontrol>
	<controls>
		<control type="group">
		<animation effect="zoom" start="0" end="100" center="900,480" time="400">WindowOpen</animation>
			<animation effect="zoom" start="100" end="0" center="900,480" time="400">WindowClose</animation>
			<posy>80</posy>
			<control type="image">
				<description>background image</description>
				<posx>0</posx>
				<posy>0</posy>
				<width>1920</width>
				<height>1000</height>
				<texture background="true" colordiffuse="grey_50">white.png</texture>
				<bordertexture colordiffuse="grey">white.png</bordertexture>
				<bordersize>2</bordersize>
			</control>
			<control type="label" id="411">
				<description>Heading label</description>
				<posx>0</posx>
				<posy>30</posy>
				<width>1920</width>
				<height>45</height>
				<align>center</align>
				<aligny>center</aligny>
				<textcolor>white</textcolor>
				<font>font-32</font>
				<label>1007</label>
			</control>
			<control type="image">
				<posx>75</posx>
				<posy>115</posy>
				<width>1770</width>
				<height>2</height>
				<texture>white.png</texture>
			</control>
			<control type="image">
				<posx>75</posx>
				<posy>615</posy>
				<width>1770</width>
				<height>2</height>
				<texture>white.png</texture>
			</control>
			<control type="spincontrolex" id="10">
				<description>Protocol SpinControl</description>
				<posx>300</posx>
				<posy>128</posy>
				<height>52</height>
				<width>1320</width>
				<aligny>center</aligny>
				<reverse>yes</reverse>
				<font>font-20</font>
				<label>1008</label>
				<texturefocus colordiffuse="grey_a">white.png</texturefocus>
				<texturenofocus colordiffuse="darkgrey">white.png</texturenofocus>
				<onup>18</onup>
				<ondown>11</ondown>
				<onleft>10</onleft>
				<onright>10</onright>
			</control>
			<control type="edit" id="11">
				<description>Server Address Button</description>
				<posx>300</posx>
				<posy>188</posy>
				<width>1320</width>
				<height>52</height>
				<aligny>center</aligny>
				<font>font-20</font>
				<label>-</label>
				<texturefocus colordiffuse="grey_a">white.png</texturefocus>
				<texturenofocus colordiffuse="darkgrey">white.png</texturenofocus>
				<onup>10</onup>
				<ondown>16</ondown>
				<onleft>12</onleft>
				<onright>12</onright>
			</control>
			<control type="edit" id="16">
				<description>Remote path Button</description>
				<posx>300</posx>
				<posy>248</posy>
				<width>1320</width>
				<height>52</height>
				<aligny>center</aligny>
				<font>font-20</font>
				<label>-</label>
				<texturefocus colordiffuse="grey_a">white.png</texturefocus>
				<texturenofocus colordiffuse="darkgrey">white.png</texturenofocus>
				<onup>11</onup>
				<onleft>16</onleft>
				<onright>16</onright>
				<ondown>13</ondown>
			</control>
			<control type="edit" id="13">
				<description>Port Button</description>
				<posx>300</posx>
				<posy>308</posy>
				<width>1320</width>
				<height>52</height>
				<aligny>center</aligny>
				<font>font-20</font>
				<label>1013</label>
				<texturefocus colordiffuse="grey_a">white.png</texturefocus>
				<texturenofocus colordiffuse="darkgrey">white.png</texturenofocus>
				<onup>16</onup>
				<onleft>13</onleft>
				<onright>13</onright>
				<ondown>14</ondown>
			</control>
			<control type="edit" id="14">
				<description>Username Button</description>
				<posx>300</posx>
				<posy>368</posy>
				<width>1320</width>
				<height>52</height>
				<aligny>center</aligny>
				<font>font-20</font>
				<label>1014</label>
				<texturefocus colordiffuse="grey_a">white.png</texturefocus>
				<texturenofocus colordiffuse="darkgrey">white.png</texturenofocus>
				<onup>13</onup>
				<onleft>14</onleft>
				<onright>14</onright>
				<ondown>15</ondown>
			</control>
			<control type="edit" id="15">
				<description>Password Button</description>
				<posx>300</posx>
				<posy>428</posy>
				<width>1320</width>
				<height>52</height>
				<aligny>center</aligny>
				<font>font-20</font>
				<label>15052</label>
				<texturefocus colordiffuse="grey_a">white.png</texturefocus>
				<texturenofocus colordiffuse="darkgrey">white.png</texturenofocus>
				<onup>14</onup>
				<onleft>15</onleft>
				<onright>15</onright>
				<ondown>18</ondown>
			</control>

			
			
			<!-- Button grouplist -->
			<control type="grouplist" id="9000">
				<posx>300</posx>
				<posy>650</posy>
				<width>1620</width>
				<height>55</height>
				<itemgap>0</itemgap>
				<onleft>9000</onleft>
				<onright>9000</onright>
				<onup>15</onup>
				<ondown>10</ondown>
				<orientation>horizontal</orientation>

				<!-- OK Button -->
				<control type="button" id="18">
					<width>324</width>
					<label>186</label>
				</control>

				<!-- Cancel Button -->
				<control type="button" id="19">
					<width>324</width>
					<label>222</label>
				</control>

				<!-- Server Browse Button -->
				<control type="button" id="12">
					<width>324</width>
					<label>119</label>
					<visible>Control.IsEnabled(415)</visible>
				</control>

			</control>
			

			
		</control>
	</controls>
</window>
