<?xml version="1.0" encoding="UTF-8"?>
<includes>
	<!-- NEW MAIN MENU -->
	<include name="Home_Horizontal">
		<control type="group">
			<!-- Slide Animation for Horizontal Menu -->
			<animation effect="slide" start="0,0" end="0,-90" delay="30" time="300" condition="Control.HasFocus(9001) + !IsEmpty(Control.GetLabel(9001))">Conditional</animation>

			<!-- Horizontal Menu Background -->
			<control type="image">
				<posx>0</posx>
				<posy>930</posy>
				<width>1920</width>
				<height>150</height>
				<texture background="true" colordiffuse="$VAR[menu_bg_color]">white.png</texture>
				<animation effect="slide" start="0,290" end="0,0" delay="100" time="500">WindowOpen</animation>
				<animation effect="slide" start="0,0" end="0,290" delay="0" time="300">WindowClose</animation>
				<include>menu_bg_fade</include>
			</control>
			<control type="list" id="9000">
				<orientation>horizontal</orientation>
				<posx>0</posx>
				<posy>930</posy>
				<align>center</align>
				<height>150</height>
				<width>1920</width>
				<onup condition="Player.HasAudio | Player.HasVideo">9003</onup>
				<onup condition="!Player.HasAudio + !Player.HasVideo">9002</onup>
				<ondown>9001</ondown>
				<onleft>9000</onleft>
				<onright>9000</onright>		
				<animation effect="slide" end="100" time="0" condition="StringCompare(Container(9000).NumItems,8)">Conditional</animation>
				<animation effect="slide" end="210" time="0" condition="StringCompare(Container(9000).NumItems,7)">Conditional</animation>
				<animation effect="slide" end="320" time="0" condition="StringCompare(Container(9000).NumItems,6)">Conditional</animation>
				<animation effect="slide" end="430" time="0" condition="StringCompare(Container(9000).NumItems,5)">Conditional</animation>
				<animation effect="slide" end="540" time="0" condition="StringCompare(Container(9000).NumItems,4)">Conditional</animation>
				<animation effect="slide" end="650" time="0" condition="StringCompare(Container(9000).NumItems,3)">Conditional</animation>
				<animation effect="slide" end="760" time="0" condition="StringCompare(Container(9000).NumItems,2)">Conditional</animation>
				<animation effect="slide" end="860" time="0" condition="StringCompare(Container(9000).NumItems,1)">Conditional</animation>
				<animation effect="slide" start="0,290" end="0,0" delay="100" time="500">WindowOpen</animation>
				<animation effect="slide" start="0,0" end="0,290" delay="0" time="300">WindowClose</animation>
				<scrolltime tween="circle" easing="out">650</scrolltime>
				<itemlayout width="213" height="150">
					<control type="image">
						<posx>74</posx>
						<posy>20</posy>
						<height>64</height>
						<width>64</width>
						<texture fallback="special://skin/extras/icons/default.png" colordiffuse="$VAR[menu_icon_color_nf]" background="true">$INFO[ListItem.Thumb]</texture>
						<visible>IsEmpty(ListItem.Property(Icon_Overlay2)) | StringCompare(ListItem.Property(Icon_Overlay2),$LOCALIZE[767])</visible>
					</control>
					<control type="image">
						<posx>74</posx>
						<posy>20</posy>
						<height>64</height>
						<width>64</width>
						<texture fallback="special://skin/extras/icons/default.png" colordiffuse="white" background="true">$INFO[ListItem.Thumb]</texture>
						<visible>StringCompare(ListItem.Property(Icon_Overlay2),$LOCALIZE[31141])</visible>
					</control>

					<control type="image">
						<posx>74</posx>
						<posy>20</posy>
						<height>64</height>
						<width>64</width>
						<texture fallback="special://skin/extras/icons/default.png" colordiffuse="$VAR[main_color]" background="true">$INFO[ListItem.Thumb]</texture>
						<visible>StringCompare(ListItem.Property(Icon_Overlay2),$LOCALIZE[31142])</visible>
					</control>

					<!--<control type="image">
						<posx>230</posx>
						<posy>10</posy>
						<height>40</height>
						<width>40</width>
						<texture fallback="special://skin/extras/icons/default.png" colordiffuse="grey" background="true">$INFO[ListItem.Thumb]</texture>
						<visible>StringCompare(ListItem.Property(Icon_Overlay2),$LOCALIZE[31140]) + IsEmpty(ListItem.Property(TextColor))</visible>
					</control>
					<control type="image">
						<posx>230</posx>
						<posy>10</posy>
						<height>40</height>
						<width>40</width>
						<texture fallback="special://skin/extras/icons/default.png" colordiffuse="$INFO[Skin.String(menu_$PARAM(labelID))]" background="true">$INFO[ListItem.Thumb]</texture>
						<visible>StringCompare(ListItem.Property(Icon_Overlay2),$LOCALIZE[31140]) + !IsEmpty(ListItem.Property(TextColor))</visible>
					</control>
					 <control type="image">
						<posx>280</posx>
						<posy>0</posy>
						<height>57</height>
						<width>10</width>
						<texture background="true">white.png</texture>
						<colordiffuse>$INFO[Skin.String(menu_$PARAM(labelID))]</colordiffuse>
						<animation effect="fade" end="90" time="0" condition="true">Conditional</animation>
						<visible>True</visible>
					</control> -->
					<control type="label">
						<posx>0</posx>
						<posy>112</posy>
						<height>20</height>
						<width>213</width>
						<label>[COLOR=$INFO[ListItem.Property(TextColor)]]$INFO[ListItem.Label][/COLOR]</label>
						<align>center</align>
						<aligny>center</aligny>
						<font>menu</font>
						<textcolor>$VAR[menu_icon_color_nf]</textcolor>
					</control>
				</itemlayout>
				<focusedlayout width="213" height="150">

					<control type="image">
						<posx>0</posx>
						<posy>0</posy>
						<height>150</height>
						<width>213</width>
						<texture>white.png</texture>
						<bordertexture>white.png</bordertexture>
						<bordersize>4</bordersize>
						<include>menu_bg_fade</include>
						<visible>False</visible>
					</control>
					<control type="image">
						<posx>74</posx>
						<posy>20</posy>
						<height>64</height>
						<width>64</width>
						<texture fallback="special://skin/extras/icons/default.png" colordiffuse="$VAR[menu_icon_color_f]" background="true">$INFO[ListItem.Thumb]</texture>
					</control>
					<control type="label">
						<posx>0</posx>
						<posy>112</posy>
						<height>20</height>
						<width>213</width>
						<label>[COLOR=$INFO[ListItem.Property(TextColor)]]$INFO[ListItem.Label][/COLOR]</label>
						<!-- <label>[COLOR=$VAR[menu_focus_color]]$INFO[ListItem.Label][/COLOR]</label> -->
						<align>center</align>
						<aligny>center</aligny>
						<font>menu</font>
						<textcolor>$VAR[main_color]</textcolor>
						<animation effect="slide" tween="Quadratic" easing="Out" start="0,0" end="0,-10" time="200">Focus</animation>
					</control>
				</focusedlayout>
				<content>
					<include>skinshortcuts-mainmenu</include>
				</content>
			</control>

		</control>

		<!-- Horizontal Sub Menu -->
		<control type="group">
			<visible>!SubString(Container(9000).ListItem.Property(ParentalControl),yes) | [SubString(Container(9000).ListItem.Property(ParentalControl),yes) + StringCompare(Skin.String(mypassword),Skin.String(passcode))]</visible>
			<control type="image">
				<posx>0</posx>
				<width>1920</width>
				<posy>990</posy>
				<height>90</height>
				<texture background="true" colordiffuse="$VAR[submenu_color]">white.png</texture>
				<animation effect="slide" start="0,90" end="0,0" delay="0" time="300">Visible</animation>
				<animation effect="slide" start="0,0" end="0,90" delay="0" time="300">Hidden</animation>
				<animation effect="slide" start="0,0" end="0,90" delay="0" time="300">WindowClose</animation>
				<animation effect="fade" end="96" time="0" condition="true">Conditional</animation>
				<visible>Control.HasFocus(9001) + !IsEmpty(Control.GetLabel(9001))</visible>
			</control>	
			<control type="image">
				<posx>940</posx>
				<width>49</width>
				<posy>988</posy>
				<height>23</height>
				<texture background="true" colordiffuse="$VAR[menu_bg_color]">main/marker.png</texture>
				<animation effect="slide" start="0,90" end="0,0" delay="0" time="300">Visible</animation>
				<animation effect="slide" start="0,0" end="0,90" delay="0" time="300">Hidden</animation>
				<animation effect="slide" start="0,0" end="0,90" delay="0" time="300">WindowClose</animation>
				<animation effect="fade" end="96" time="0" condition="true">Conditional</animation>
				<include>menu_bg_fade</include>
				<visible>Control.HasFocus(9001) + !IsEmpty(Control.GetLabel(9001))</visible>
			</control>	
			<control type="button">
				<posx>0</posx>
				<posy>1078</posy>
				<height>2</height>
				<width>1920</width>
				<texturefocus>-</texturefocus>
				<texturenofocus>-</texturenofocus>
				<onfocus>SetFocus(9001)</onfocus>
			</control>
			<control type="fixedlist" id="9001">
				<orientation>Horizontal</orientation>
				<posx>0</posx>
				<posy>990</posy>
				<height>90</height>
				<width>1920</width>
				<onup>9000</onup>
				<ondown>9000</ondown>
				<onleft>9001</onleft>
				<onright>9001</onright>
				<align>center</align>
				<focusposition>2</focusposition>
				<defaultcontrol always="true">1</defaultcontrol>
				<visible allowhiddenfocus="True">Control.HasFocus(9001)</visible>
				<animation effect="slide" start="0,0" end="0,90" delay="0" time="300">WindowClose</animation>
				<animation effect="slide" start="0,90" end="0,0" delay="0" time="300">Visible</animation>
				<animation effect="slide" start="0,0" end="0,90" delay="0" time="300">Hidden</animation>
				<scrolltime tween="circle" easing="out">650</scrolltime>
				<itemlayout width="364" height="90">
		
					<control type="image">
						<posx>310</posx>
						<posy>20</posy>
						<height>48</height>
						<width>48</width>
						<texture background="true" fallback="special://skin/extras/icons/default.png">$INFO[ListItem.Thumb]</texture>
					</control>
					<control type="label">
						<posx>25</posx>
						<posy>35</posy>
						<height>20</height>
						<width>270</width>
						<label>[COLOR=$INFO[ListItem.Property(TextColor)]]$INFO[ListItem.Label][/COLOR]</label>
						<align>right</align>
						<aligny>center</aligny>
						<font>menu</font>
						<textcolor>white</textcolor>
					</control>
				</itemlayout>
				<focusedlayout width="364" height="90">

					<control type="image">
						<posx>310</posx>
						<posy>20</posy>
						<height>48</height>
						<width>48</width>
						<texture fallback="special://skin/extras/icons/default.png" colordiffuse="$VAR[sub_icon_color]" background="true">$INFO[ListItem.Thumb]</texture>				
					</control>
					<control type="label">
						<posx>25</posx>
						<posy>35</posy>
						<height>20</height>
						<width>270</width>
						<label>[COLOR=$INFO[ListItem.Property(TextColor)]]$INFO[ListItem.Label][/COLOR]</label>
						<align>right</align>
						<aligny>center</aligny>
						<font>menu</font>
						<textcolor>white</textcolor>
					</control>
				</focusedlayout>
				<content><include>skinshortcuts-submenu</include></content>
			</control>
		</control>
		<!-- End of Horizontal Sub Menu -->

		<control type="label">
			<posx>700</posx>
			<width>1170</width>
			<height>202</height>
			<textcolor>FF0000FF</textcolor>
			<shadowcolor>FF000000</shadowcolor>
			<font>font13</font>
			<align>left</align>
			<label>Parent: $INFO[Container(9000).ListItem.Property(ParentalControl)] [CR] mypassword: $INFO[Skin.String(mypassword)] passcode: $INFO[Skin.String(passcode)] [CR]Property(Background):[CR] $INFO[Container(9000).ListItem.Property(Background)] [CR] special://skin/backgrounds/weather/$INFO[Window(Weather).Property(Current.FanartCode)]/weather-$INFO[Window(Weather).Property(Current.FanartCode)].jpg [CR] widgetType: $INFO[Container(9000).ListItem.Property(widgetType)] [CR]widgetTarget: $INFO[Container(9000).ListItem.Property(widgetTarget)] [CR]Path: $INFO[Container(9000).ListItem.Property(widgetPath)] [CR]Widget: $INFO[Container(9000).ListItem.Property(Widget)] [CR]Type: $INFO[Container(9000).ListItem.Property(widgetType)]</label>
			<visible>False</visible>
		</control>

		<!-- Widget List - Horizontal Layout -->
		<control type="group">
			<posy>-205</posy>
			<visible>!IsEmpty(Container(9000).ListItem.Property(widgetPath)) | StringCompare(Container(9000).ListItem.Property(widget),submenuaswidget)</visible>
			<visible>!SubString(Container(9000).ListItem.Property(ParentalControl),yes) | [SubString(Container(9000).ListItem.Property(ParentalControl),yes) + StringCompare(Skin.String(mypassword),Skin.String(passcode))]</visible>
			<!-- <visible>!IsEmpty(Container(9000).ListItem.Property(widgetPath)) + Skin.HasSetting(Home_Horizontal)</visible> -->
			<include condition="!Skin.HasSetting(Home_HideTopBar) + !Skin.HasSetting(PinWidgets) + [Skin.String(topbar_home_opacity,100) | IsEmpty(Skin.String(topbar_home_opacity))]">widget_h_topbar_solid</include>
			<include condition="!Skin.HasSetting(Home_HideTopBar) + !Skin.HasSetting(PinWidgets) + [!Skin.String(topbar_home_opacity,100) + !IsEmpty(Skin.String(topbar_home_opacity))]">widget_h_topbar_trans</include>
			<include condition="Skin.HasSetting(Home_HideTopBar) + !Skin.HasSetting(PinWidgets)">widget_h_topbar_notop</include>
			<animation effect="slide" end="0,205" time="0" condition="Skin.HasSetting(PinWidgets)">Conditional</animation>
			<control type="image">
				<posx>0</posx>
				<posy>80</posy>
				<width>1920</width>
				<height>200</height>
				<texture background="true" colordiffuse="$VAR[widget_color]">white.png</texture>
				<animation effect="slide" start="0,0" end="0,-80" time="100" condition="Skin.HasSetting(Home_HideTopBar)">Conditional</animation>
				<include>widget_fade</include>
			</control>
			<control type="image">
				<posx>1590</posx>
				<posy>200</posy>
				<width>324</width>
				<height>45</height>
				<texture background="true" colordiffuse="$VAR[widget_color]" diffuse="main/tab.png">white.png</texture>
				<animation effect="slide" start="0,0" end="0,80" time="100" condition="!Skin.HasSetting(Home_HideTopBar)">Conditional</animation>			
				<include>widget_fade</include>
			</control>
			<control type="image">
				<posx>1590</posx>
				<posy>200</posy>
				<width>324</width>
				<height>45</height>
				<texture background="true" colordiffuse="white">main/tab_stroke.png</texture>
				<animation effect="slide" start="0,0" end="0,80" time="100" condition="!Skin.HasSetting(Home_HideTopBar)">Conditional</animation>
			</control>
			<control type="image">
				<posx>0</posx>
				<posy>200</posy>
				<width>1595</width>
				<height>2</height>
				<texture background="true" colordiffuse="white">white.png</texture>
				<animation effect="slide" start="0,0" end="0,80" time="100" condition="!Skin.HasSetting(Home_HideTopBar)">Conditional</animation>
			</control>
			<control type="image">
				<posx>1909</posx>
				<posy>200</posy>
				<width>30</width>
				<height>2</height>
				<texture background="true" colordiffuse="white">white.png</texture>
				<animation effect="slide" start="0,0" end="0,80" time="100" condition="!Skin.HasSetting(Home_HideTopBar)">Conditional</animation>
			</control>
			<control type="button">
				<posx>1602</posx>
				<posy>185</posy>
				<height>70</height>
				<width>300</width>
				<label>[B]$INFO[Container(9000).ListItem.Property(widgetName)][/B]</label>
				<align>center</align>
				<aligny>center</aligny>
				<font>font-22</font>
				<textcolor>white</textcolor>
				<texturefocus>-</texturefocus>
				<texturenofocus>-</texturenofocus>
				<onclick>SetFocus(9000)</onclick>
				<animation effect="slide" start="0,0" end="0,80" time="100" condition="!Skin.HasSetting(Home_HideTopBar)">Conditional</animation>
			</control>
			<control type="wraplist" id="9002">
				<include>widget_content_horizontal</include>
				<visible>!StringCompare(Container(9000).ListItem.Property(widget),submenuaswidget)</visible>
				<content target="video">$INFO[Container(9000).ListItem.Property(widgetPath)]</content>
			</control>
			<control type="wraplist" id="9002">
				<include>widget_content_horizontal</include>
				<visible>StringCompare(Container(9000).ListItem.Property(widget),submenuaswidget)</visible>
				<content><include>skinshortcuts-submenu</include></content> 
			</control>
		</control>
	</include>

	<!-- Widget Content for Horizontal layout -->
	<include name="widget_content_horizontal">
		<orientation>Horizontal</orientation>
		<posx>0</posx>
		<posy>0</posy>
		<height>200</height>
		<width>1920</width>
		<onup>9000</onup>
		<ondown>9000</ondown>
		<onleft>9002</onleft>
		<onright>9002</onright>
		<focusposition>3</focusposition>				
		<animation effect="slide" start="0,0" end="0,80" time="100" condition="!Skin.HasSetting(Home_HideTopBar)">Conditional</animation>
		<scrolltime tween="back" easing="Out">500</scrolltime>
		<itemlayout  width="200" height="200">
			<control type="image">
				<posx>10</posx>
				<posy>8</posy>
				<width>184</width>
				<height>184</height>
				<aspectratio aligny="top" align="left">strech</aspectratio>
				<texture diffuse="posterdiffuse.png" background="true" fallback="defaultmovies.png">$INFO[Listitem.thumb]</texture>
				<visible>!StringCompare(Container(9000).ListItem.Property(widgetType),tvshows)</visible>
			</control>
			<control type="image">
				<posx>10</posx>
				<posy>8</posy>
				<width>184</width>
				<height>184</height>
				<aspectratio aligny="top" align="left">strech</aspectratio>
				<texture diffuse="posterdiffuse.png" background="true" fallback="defaultmovies.png">$INFO[Listitem.art(tvshow.poster)]</texture>
				<visible>StringCompare(Container(9000).ListItem.Property(widgetType),tvshows)</visible>
			</control>
		</itemlayout>
		<focusedlayout width="710" height="200">					
			<include name="stroke">
				<param name="posx" value="46" />
				<param name="posy" value="5" />
				<param name="width" value="600" />
				<param name="height" value="190" />
				<param name="color" value="white" />
			</include>
			<control type="image">
				<posx>48</posx>
				<posy>8</posy>
				<width>184</width>
				<height>184</height>
				<aspectratio aligny="top" align="left">strech</aspectratio>
				<texture background="true" fallback="defaultmovies.png">$INFO[Listitem.thumb]</texture>
				<visible>!StringCompare(Container(9000).ListItem.Property(widgetType),tvshows)</visible>
			</control>
			<control type="image">
				<posx>48</posx>
				<posy>8</posy>
				<width>184</width>
				<height>184</height>
				<aspectratio aligny="top" align="left">strech</aspectratio>
				<texture background="true" fallback="defaultmovies.png">$INFO[Listitem.art(tvshow.poster)]</texture>
				<visible>StringCompare(Container(9000).ListItem.Property(widgetType),tvshows)</visible>
			</control>
			<control type="textbox">
				<posx>230</posx>
				<posy>15</posy>
				<height>80</height>
				<width>410</width>
				<label>[B]$VAR[widget_line1][/B]</label>
				<align>center</align>
				<font>font-22</font>
				<textcolor>white</textcolor>
				<wrapmultiline>True</wrapmultiline>
			</control>
			<control type="label">
				<posx>230</posx>
				<posy>85</posy>
				<height>30</height>
				<width>410</width>
				<align>center</align>
				<font>font-22</font>
				<textcolor>grey_b</textcolor>
				<label>[B]$VAR[widget_line2][/B]</label>
			</control>
			<control type="label">
				<posx>230</posx>
				<posy>125</posy>
				<height>60</height>
				<width>410</width>
				<align>center</align>
				<font>font-18</font>
				<textcolor>grey_b</textcolor>
				<label>$VAR[widget_line3]</label>
			</control>
			<control type="textbox">
				<posx>230</posx>
				<posy>155</posy>
				<height>90</height>
				<width>410</width>
				<align>center</align>
				<font>font-18</font>
				<textcolor>grey_b</textcolor>
				<label>$VAR[widget_line4]</label>
			</control>
		</focusedlayout>
	</include>

	<!--END OF Horizontal-Menu --> 


</includes>
