<?xml version="1.0" encoding="UTF-8"?>
<includes>
	<include name="MusicOSD">
		<!-- Progress Bar -->
		<control type="group">
			<posx>365</posx>
			<posy>1036</posy>
			<control type="progress">
				<description>Progressbar</description>
				<posx>0</posx>
				<posy>0</posy>
				<width>1515</width>
				<height>38</height>
				<info>Player.Progress</info>
				<visible>False</visible>
			</control>
			<control type="slider" id="888">
				<description>Slider</description>
				<posx>0</posx>
				<posy>0</posy>
				<width>1515</width>
				<height>38</height>
				<texturesliderbar border="1,0,1,0">osd/4.png</texturesliderbar>
				<textureslidernib>osd/3.png</textureslidernib>
				<textureslidernibfocus>osd/3.png</textureslidernibfocus>
				<action>seek</action>
				<visible>!Window.IsVisible(script-cu-lrclyrics-main.xml)</visible>
			</control>
		</control>
		<control type="group">
			<posx>0</posx>
			<posy>0</posy>
			<animation effect="zoom" start="0,879,1920,1" end="0,0,1920,1080" delay="500" time="200">WindowOpen</animation>
			<animation type="WindowClose">
				<effect type="zoom" start="0,0,1920,1080" end="0,879,1920,0" time="200"/>
				<effect type="fade" end="0" delay="200" time="0"/>
			</animation>
			
			<control type="image">
				<description>background image for buttons</description>
				<posx>0</posx>
				<posy>799</posy>
				<width>1920</width>
				<height>80</height>
				<texture>osd/osd_nf.png</texture>
			</control>

			<control type="grouplist">
				<posx>362</posx>
				<posy>810</posy>
				<itemgap>0</itemgap>
				<orientation>horizontal</orientation>
				<onup>60</onup>
				<onleft>997</onleft>
				<onright>990</onright>
				<control type="button" id="901">
					<width>64</width>
					<height>64</height>
					<label>-</label>
					<font>-</font>
					<texturefocus colordiffuse="$VAR[main_color]">osd/previous.png</texturefocus>
					<texturenofocus colordiffuse="grey_a">osd/previous.png</texturenofocus>
					<onclick>PlayerControl(Previous)</onclick>
				</control>
				<control type="button" id="902">
					<width>64</width>
					<height>64</height>
					<label>-</label>
					<font>-</font>
					<texturefocus colordiffuse="$VAR[main_color]">osd/rewind.png</texturefocus>
					<texturenofocus colordiffuse="grey_a">osd/rewind.png</texturenofocus>
					<onclick>PlayerControl(Rewind)</onclick>
				</control>
				<control type="togglebutton" id="903">
					<width>64</width>
					<height>64</height>
					<label>-</label>
					<font>-</font>
					<texturefocus colordiffuse="$VAR[main_color]">osd/pause.png</texturefocus>
					<texturenofocus colordiffuse="grey_a">osd/pause.png</texturenofocus>
					<usealttexture>Player.Paused | Player.Forwarding | Player.Rewinding</usealttexture>
					<alttexturefocus colordiffuse="$VAR[main_color]">osd/play.png</alttexturefocus>
					<alttexturenofocus colordiffuse="grey_a">osd/play.png</alttexturenofocus>
					<onclick>PlayerControl(Play)</onclick>
				</control>
				<control type="button" id="904">
					<width>64</width>
					<height>64</height>
					<label>-</label>
					<font>-</font>
					<texturefocus colordiffuse="$VAR[main_color]">osd/stop.png</texturefocus>
					<texturenofocus colordiffuse="grey_a">osd/stop.png</texturenofocus>
					<onclick>Close</onclick>
					<onclick>PlayerControl(Stop)</onclick>
				</control>
				<control type="button" id="905">
					<width>64</width>
					<height>64</height>
					<label>-</label>
					<font>-</font>
					<texturefocus colordiffuse="$VAR[main_color]">osd/forward.png</texturefocus>
					<texturenofocus colordiffuse="grey_a">osd/forward.png</texturenofocus>
					<onclick>PlayerControl(Forward)</onclick>
				</control>

				<control type="button" id="906">
					<width>64</width>
					<height>64</height>
					<label>-</label>
					<font>-</font>
					<texturefocus colordiffuse="$VAR[main_color]">osd/skipnext.png</texturefocus>
					<texturenofocus colordiffuse="grey_a">osd/skipnext.png</texturenofocus>
					<onclick>PlayerControl(Next)</onclick>
				</control>
				<control type="group" id="999">
					<width>64</width>
					<height>64</height>
					<control type="button" id="907">
						<posx>0</posx>
						<posy>0</posy>
						<width>64</width>
						<height>64</height>
						<label>-</label>
						<font>-</font>
						<texturefocus>-</texturefocus>
						<texturenofocus>-</texturenofocus>
						<onleft>906</onleft>
						<onright>908</onright>
						<onclick>PlayerControl(Repeat)</onclick>
					</control>
					<control type="image">
						<posx>0</posx>
						<posy>0</posy>
						<width>64</width>
						<height>64</height>
						<texture colordiffuse="grey_a">osd/repeat.png</texture>
						<visible>!Playlist.IsRepeat + !Playlist.IsRepeatOne + !Control.HasFocus(907)</visible>
					</control>
					<control type="image">
						<posx>0</posx>
						<posy>0</posy>
						<width>64</width>
						<height>64</height>
						<texture colordiffuse="$VAR[main_color]">osd/repeat.png</texture>
						<visible>!Playlist.IsRepeat + !Playlist.IsRepeatOne + Control.HasFocus(907)</visible>
					</control>
					<control type="image">
						<posx>0</posx>
						<posy>0</posy>
						<width>64</width>
						<height>64</height>
						<texture colordiffuse="grey_a">osd/repeat_one.png</texture>
						<visible>Playlist.IsRepeatOne + !Control.HasFocus(907)</visible>
					</control>
					<control type="image">
						<posx>0</posx>
						<posy>0</posy>
						<width>64</width>
						<height>64</height>
						<texture colordiffuse="$VAR[main_color]">osd/repeat_one.png</texture>
						<visible>Playlist.IsRepeatOne + Control.HasFocus(907)</visible>
					</control>
					<control type="image">
						<posx>0</posx>
						<posy>0</posy>
						<width>64</width>
						<height>64</height>
						<texture colordiffuse="grey_a">osd/repeat_all.png</texture>
						<visible>Playlist.IsRepeat + !Control.HasFocus(907)</visible>
					</control>
					<control type="image">
						<posx>0</posx>
						<posy>0</posy>
						<width>64</width>
						<height>64</height>
						<texture colordiffuse="$VAR[main_color]">osd/repeat_all.png</texture>
						<visible>Playlist.IsRepeat + Control.HasFocus(907)</visible>
					</control>
				</control>
				<control type="togglebutton" id="908">
					<width>64</width>
					<height>64</height>
					<label>-</label>
					<font>-</font>
					<texturefocus colordiffuse="$VAR[main_color]">osd/shuffle_off.png</texturefocus>
					<texturenofocus colordiffuse="grey_a">osd/shuffle_off.png</texturenofocus>
					<usealttexture>Playlist.IsRandom</usealttexture>
					<alttexturefocus colordiffuse="$VAR[main_color]">osd/shuffle.png</alttexturefocus>
					<alttexturenofocus colordiffuse="grey_a">osd/shuffle.png</alttexturenofocus>
					<onclick>PlayerControl(Random)</onclick>
				</control>
				<control type="togglebutton" id="909">
					<width>64</width>
					<height>64</height>
					<label>-</label>
					<font>-</font>
					<texturefocus>osd/record_f.png</texturefocus>
					<texturenofocus>osd/record_nf.png</texturenofocus>
					<alttexturefocus>osd/record_on_f.png</alttexturefocus>
					<alttexturenofocus>osd/record_on_nf.png</alttexturenofocus>
					<onclick>PlayerControl(record)</onclick>
					<usealttexture>Player.Recording</usealttexture>
					<visible>Player.CanRecord</visible>
				</control>
			</control>
			<control type="grouplist">
				<posx>1190</posx>
				<posy>810</posy>
				<align>right</align>
				<width>700</width>
				<itemgap>0</itemgap>
				<orientation>horizontal</orientation>
				<align>right</align>
				<onleft>909</onleft>
				<onright>901</onright>

				<control type="button" id="990">
					<description>Playlist</description>
					<width>64</width>
					<height>64</height>
					<label>-</label>
					<font>-</font>
					<texturenofocus colordiffuse="grey_a">osd/playlist.png</texturenofocus>
					<texturefocus colordiffuse="$VAR[main_color]">osd/playlist.png</texturefocus>
					<onclick>Close</onclick>
					<onclick>ActivateWindow(MusicPlaylist)</onclick>
				</control>

				<control type="togglebutton" id="991">
					<description>Show ArtistSlideshow</description>
					<width>64</width>
					<height>64</height>
					<label>-</label>
					<font>-</font>
					<texturenofocus colordiffuse="grey_a">osd/slideshow.png</texturenofocus>
					<texturefocus colordiffuse="$VAR[main_color]">osd/slideshow.png</texturefocus>
					<alttexturenofocus colordiffuse="grey_a">osd/fanart.png</alttexturenofocus>
					<alttexturefocus colordiffuse="$VAR[main_color]">osd/fanart.png</alttexturefocus>
					<usealttexture>!Skin.HasSetting(Vis-ArtistSlide)</usealttexture>
					<onclick>Skin.ToggleSetting(Vis-ArtistSlide)</onclick>
				</control>
				<control type="togglebutton" id="992">
					<description>Animate Fanart</description>
					<width>64</width>
					<height>64</height>
					<label>-</label>
					<font>-</font>
					<texturenofocus colordiffuse="grey_a">osd/animate.png</texturenofocus>
					<texturefocus colordiffuse="$VAR[main_color]">osd/animate.png</texturefocus>
					<alttexturenofocus colordiffuse="grey_a">osd/noanimate.png</alttexturenofocus>
					<alttexturefocus colordiffuse="$VAR[main_color]">osd/noanimate.png</alttexturefocus>
					<usealttexture>Skin.HasSetting(Disable.AnimateFanart)</usealttexture>
					<onclick>Skin.ToggleSetting(Disable.AnimateFanart)</onclick>
				</control>
				<control type="button" id="993">
					<description>IncreaseRating</description>
					<width>64</width>
					<height>64</height>
					<label>-</label>
					<font>-</font>
					<texturenofocus colordiffuse="grey_a">osd/thumbup.png</texturenofocus>
					<texturefocus colordiffuse="$VAR[main_color]">osd/thumbup.png</texturefocus>
					<onclick>IncreaseRating</onclick>
				</control>
				<control type="button" id="994">
					<description>DecreaseRating</description>
					<width>64</width>
					<height>64</height>
					<label>-</label>
					<font>-</font>
					<texturenofocus flipy="true" colordiffuse="grey_a">osd/thumbup.png</texturenofocus>
					<texturefocus flipy="true" colordiffuse="$VAR[main_color]">osd/thumbup.png</texturefocus>
					<onclick>DecreaseRating</onclick>
				</control>
				<control type="button" id="500">
					<description>Visualization Menu</description>
					<width>64</width>
					<height>64</height>
					<label>-</label>
					<font>-</font>
					<texturenofocus colordiffuse="grey_a">osd/viz.png</texturenofocus>
					<texturefocus colordiffuse="$VAR[main_color]">osd/viz.png</texturefocus>
				</control>
				<control type="button" id="995">
					<description>Visualization Settings</description>
					<width>64</width>
					<height>64</height>
					<label>-</label>
					<font>-</font>
					<texturenofocus colordiffuse="grey_a">osd/vis_settings.png</texturenofocus>
					<texturefocus colordiffuse="$VAR[main_color]">osd/vis_settings.png</texturefocus>
					<onclick>Addon.default.OpenSettings(xbmc.player.musicviz)</onclick>
					<visible>Visualisation.Enabled</visible>
				</control>
				<control type="button" id="996">
					<description>Visualization Presets</description>
					<width>64</width>
					<height>64</height>
					<label>-</label>
					<font>-</font>
					<texturenofocus colordiffuse="grey_a">osd/vis_presets.png</texturenofocus>
					<texturefocus colordiffuse="$VAR[main_color]">osd/vis_presets.png</texturefocus>
					<onclick>ActivateWindow(VisualisationPresetList)</onclick>
					<visible>Visualisation.Enabled</visible>
				</control>
				<control type="togglebutton" id="997">
					<description>Lyrics Script</description>
					<width>64</width>
					<height>64</height>
					<label>-</label>
					<font>-</font>
					<texturenofocus colordiffuse="grey_a">osd/lyrics.png</texturenofocus>
					<texturefocus colordiffuse="$VAR[main_color]">osd/lyrics.png</texturefocus>
					<alttexturenofocus colordiffuse="grey_a">osd/lyrics.png</alttexturenofocus>
					<alttexturefocus colordiffuse="$VAR[main_color]">osd/lyrics.png</alttexturefocus>
					<onclick>Close</onclick>
					<onclick>RunScript($INFO[Skin.String(LyricScript_Path)])</onclick>
					<altclick>Skin.SetAddon(LyricScript_Path,xbmc.python.lyrics)</altclick>
					<altclick>Close</altclick>
					<altclick>RunScript($INFO[Skin.String(LyricScript_Path)])</altclick>
					<usealttexture>IsEmpty(Skin.String(LyricScript_Path))</usealttexture>
				</control>
			</control>
		</control>
	</include>
</includes>
