<?xml version="1.0" encoding="UTF-8"?>
<window>
	<defaultcontrol always="true">15</defaultcontrol>
	<allowoverlay>no</allowoverlay>
	<controls>
		<control type="group">
			<posy>80</posy>
			<control type="label">
				<description>Rule match label</description>
				<posx>1440</posx>
				<posy>465</posy>
				<width>970</width>
				<height>45</height>
				<font>font-20</font>
				<align>right</align>
				<label>[B]$LOCALIZE[21422] :[/B]</label>
				<textcolor>white</textcolor>
			</control>
			<control type="group" id="9001">
				<control type="spincontrolex" id="15">
					<description>Rule Field</description>
					<posx>475</posx>
					<posy>515</posy>
					<width>970</width>
					<include>button_spin_playlist</include>
					<onright>15</onright>
					<onleft>15</onleft>
					<onup>18</onup>
					<ondown>16</ondown>
				</control>
				<control type="spincontrolex" id="16">
					<description>Rule operator</description>
					<posx>475</posx>
					<posy>565</posy>
					<width>970</width>
					<include>button_spin_playlist</include>
					<onright>16</onright>
					<onleft>16</onleft>
					<onup>15</onup>
					<ondown>17</ondown>
				</control>
			</control>
			<control type="edit" id="17">
				<description>Value Button</description>
				<posx>475</posx>
				<posy>615</posy>
				<width>970</width>
				<height>45</height>
				<textwidth>970</textwidth>
				<font>font-20</font>
				<aligny>center</aligny>
				<focusedcolor>white</focusedcolor>
				<textcolor>white</textcolor>
				<texturefocus colordiffuse="grey_a">white.png</texturefocus>
				<texturenofocus colordiffuse="darkgrey">white.png</texturenofocus>
				<label>-</label>
				<onup>16</onup>
				<onleft>17</onleft>
				<onright>17</onright>
				<ondown>18</ondown>
			</control>
			
			<!-- Button grouplist -->
			<control type="grouplist" id="9000">
				<posx>475</posx>
				<posy>700</posy>
				<width>1620</width>
				<height>55</height>
				<itemgap>0</itemgap>
				<onleft>9000</onleft>
				<onright>9000</onright>
				<onup>17</onup>
				<ondown>15</ondown>
				<orientation>horizontal</orientation>
				<!-- OK Button -->
				<control type="button" id="18">
					<width>324</width>
					<label>186</label>
				</control>
				<!-- Browse Button -->
				<control type="button" id="20">
					<width>324</width>
					<label>1024</label>
				</control>
				<!-- Cancel Button -->
				<control type="button" id="19">
					<width>324</width>
					<label>222</label>
				</control>
			</control>
		</control>
	</controls>
</window>
