<?xml version="1.0" encoding="UTF-8"?>
<window>
	<onload condition="System.HasAddon(script.artistslideshow) + !Skin.HasSetting(ArtistSlide)">RunScript(script.artistslideshow,daemon=True)</onload>
	<onload condition="System.HasAddon(script.skin.helper.service) + IsEmpty(Skin.String(SkinHelper.RandomFanartDelay))">Skin.SetString(SkinHelper.RandomFanartDelay,10)</onload>
	<onload condition="System.HasAddon(script.skin.helper.service) + IsEmpty(Skin.String(SkinHelper.SkinHelper.AutoCloseVideoOSD))">Skin.SetString(SkinHelper.AutoCloseVideoOSD,5)</onload>
	<onload condition="Skin.HasSetting(Disable_Splash)">ReplaceWindow($INFO[System.StartupWindow])</onload>	
	<onload condition="!Skin.HasSetting(Disable_Splash)">RunScript(script.skin.helper.service,action=splashscreen,file=$VAR[splash_path],duration=6)</onload>
	<controls>
		<!-- video control for splash -->
		<control type="videowindow">
			<width>100%</width>
			<height>100%</height>
		</control>
		<!-- image control for splash -->
		<control type="image">
			<width>100%</width>
			<height>100%</height>
			<aspectratio>keep</aspectratio>
			<texture background="true">$INFO[Window(Home).Property(SkinHelper.SplashScreen)]</texture>
		</control>
	</controls>
</window>
