<?xml version="1.0" encoding="UTF-8"?>
<includes>
	<include name="Fanart-Videos">
		<include>fanart_view</include>

	</include>
	<include name="fanart_view">
		<control type="group">
			<!-- Wating for content to load - showing splash screen -->
			<visible>!IntegerGreaterThan(Container.NumItems,0)</visible>
			<control type="image">
				<description>Splash Screen</description>
				<posx>0</posx>
				<posy>0</posy>
				<width>1920</width>
				<height>1080</height>
				<texture>special://skin/extras/splash.jpg</texture>
				<animation effect="zoom" start="110" end="150" center="auto" time="10000" tween="sine" easing="inout" pulse="true" condition="True">Conditional</animation>
				<animation effect="slide" start="-30,-30" end="30,30" time="6000" tween="sine" easing="inout" pulse="true" condition="True">Conditional</animation>
			</control>
			<control type="image">
				<description>Busy animation</description>
				<posx>832</posx>
				<posy>416</posy>
				<width>128</width>
				<height>128</height>
				<texture fallback="special://skin/extras/busy/8.gif" colordiffuse="orange_1">$INFO[Skin.String(busy)]</texture>
			</control>
		</control>
		<control type="group">
			<visible>Control.IsVisible(50) + IntegerGreaterThan(Container.NumItems,0)</visible>
			<include>views_animation</include>
			<control type="group">
				<control type="image">
					<posx>0</posx>
					<posy>0</posy>
					<width>1920</width>
					<height>1080</height>
					<texture background="true" fallback="special://skin/backgrounds/videos.jpg">$INFO[ListItem.Property(Fanart_Image)]</texture>
					<aspectratio>scale</aspectratio>
					<fadetime>300</fadetime>
					<visible>!Player.HasVideo + Skin.HasSetting(fanart_trans) + !Window.IsActive(mypics.xml)</visible>
				</control>
				<control type="image">
					<posx>0</posx>
					<posy>80</posy>
					<width>1388</width>
					<height>780</height>
					<texture background="true" fallback="special://skin/backgrounds/videos.jpg">$INFO[ListItem.Property(Fanart_Image)]</texture>
					<aspectratio>scale</aspectratio>
					<fadetime>300</fadetime>
					<animation effect="zoom" start="0,0,0,0" end="0,0,1388,860" tween="linear" easing="out" time="400" condition="Skin.HasSetting(hide_fanart_topbar)">Conditional</animation>
					<animation effect="slide" end="0,-80" tween="linear" easing="out" time="100" condition="Skin.HasSetting(hide_fanart_topbar)">Conditional</animation>
					<visible>!Player.HasVideo + !Skin.HasSetting(fanart_trans) + !Window.IsActive(mypics.xml)</visible>
				</control>
				<control type="image">
					<posx>0</posx>
					<posy>0</posy>
					<width>1920</width>
					<height>1080</height>
					<texture background="true" fallback="special://skin/backgrounds/pictures.jpg">$INFO[ListItem.FilenameAndPath]</texture>
					<aspectratio>scale</aspectratio>
					<fadetime>300</fadetime>
					<visible>!Player.HasVideo + Window.IsActive(mypics.xml)</visible>
				</control>
				<control type="image">
					<posx>1388</posx>
					<posy>80</posy>
					<width>532</width>
					<height>1080</height>
					<texture background="true">main/main_menu.png</texture>
					<animation effect="slide" start="0,0" end="0,-80" time="100" condition="Skin.HasSetting(hide_fanart_topbar)">Conditional</animation>
					<include>fanart_fade_level</include>
				</control>
				<control type="image">
					<posx>0</posx>
					<posy>860</posy>
					<width>1388</width>
					<height>220</height>
					<texture background="true">main/main_menu.png</texture>
					<bordertexture colordiffuse="grey_a">white.png</bordertexture>
					<bordersize>0,1,0,0</bordersize>
					<include>fanart_fade_level</include>
					<animation effect="slide" end="0,400" time="200" condition="Skin.HasSetting(fanart_plot) + !Window.IsActive(DialogVideoInfo.xml)">Conditional</animation>
				</control>
			</control>

			<control type="image">
				<posx>1162</posx>
				<posy>870</posy>
				<width>200</width>
				<height>200</height>
				<texture colordiffuse="$VAR[main_color]" background="true">DefaultFolderBack2.png</texture>
				<visible>stringcompare(ListItem.Label,..)</visible>
			</control>

			<control type="list" id="50">
				<posx>1388</posx>
				<include condition="!Skin.HasSetting(hide_fanart_topbar)">hide_fanart_topbar</include>
				<include condition="Skin.HasSetting(hide_fanart_topbar)">show_fanart_topbar</include>
				<width>532</width>
				<onleft>9006</onleft>
				<onright>60</onright>
				<onup>50</onup>
				<ondown>50</ondown>
				<viewtype label="31200">list</viewtype>
				<pagecontrol>60</pagecontrol>
				<scrolltime tween="circle" easing="inout">400</scrolltime>
				<preloaditems>2</preloaditems>
				<animation effect="fade" start="0" end="100" time="1000">WindowOpen</animation>
				<animation effect="fade" start="100" end="0" delay="0" time="400">WindowClose</animation>
				<itemlayout width="532" height="78">

					<!-- פריט מתוך סרט שלא נבחר -->
					<include>movie_title_short_nf</include>
					<include>movie_title_long_nf</include>
					<!-- השנה מתחת לסרט -->
					<control type="label">
						<posx>450</posx>
						<posy>45</posy>
						<width>80</width>
						<height>30</height>
						<align>left</align>
						<aligny>center</aligny>
						<font>font-15</font>
						<textcolor>grey_a</textcolor>
						<selectedcolor>grey_a</selectedcolor>
						<label>$INFO[ListItem.Year]</label>
						<visible>Container.Content(Movies) | Container.Content(Albums)</visible>
						<visible>stringcompare(ListItem.Label,..) | !ListItem.IsFolder | Window.IsVisible(VideoPlaylist) | !SubString(ListItem.Path,videodb://movies/sets,left)</visible>
					</control>
					<!-- הז'אנר מתחת לסרט -->
					<control type="label">
						<posx>25</posx>
						<posy>44</posy>
						<width>405</width>
						<height>30</height>
						<font>font-16</font>
						<textcolor>grey_a</textcolor>
						<selectedcolor>grey_a</selectedcolor>
						<align>right</align>
						<aligny>center</aligny>
						<label>$INFO[ListItem.Genre]</label>
						<visible>Container.Content(Movies)</visible>
					</control>

					<!-- מידע על עונות ופרקים -->
					<control type="label">
						<posx>25</posx>
						<posy>44</posy>
						<width>470</width>
						<height>30</height>
						<font>font-16</font>
						<textcolor>grey_a</textcolor>
						<align>right</align>
						<aligny>center</aligny>
						<label>$INFO[ListItem.Property(TotalSeasons)] $LOCALIZE[33054], $INFO[ListItem.Property(TotalEpisodes)] $LOCALIZE[20360]</label>
						<visible>Container.Content(TVShows) + !IsEmpty(ListItem.Property(TotalSeasons))</visible>
					</control>

					<!--אוסף של סרטים אייקון movie set icon -->
					<control type="image">
						<posx>450</posx>
						<posy>34</posy>
						<width>48</width>
						<height>48</height>
						<texture colordiffuse="grey_b">movieset.png</texture>
						<visible>!stringcompare(ListItem.Label,..) + ListItem.IsFolder + !Window.IsVisible(VideoPlaylist) + SubString(ListItem.Path,videodb://movies/sets,left)</visible>
					</control>

					<!-- itemlayout Watched Status -->
					<control type="image">
						<posx>0</posx>
						<posy>0</posy>
						<width>60</width>
						<height>60</height>
						<texture flipx="false">wflag.png</texture>
						<visible>!stringcompare(ListItem.Label,..) + [StringCompare(ListItem.Overlay,overlaywatched.png) | IntegerGreaterThan(ListItem.PercentPlayed,0) | [[Container.Content(TVShows) | Container.Content(Seasons)] + !IsEmpty(ListItem.Property(UnWatchedEpisodes))]] </visible>
					</control>
					<control type="image">
						<posx>4</posx>
						<posy>7</posy>
						<width>28</width>
						<height>28</height>
						<texture colordiffuse="grey">eye.png</texture>
						<visible>StringCompare(ListItem.Overlay,overlaywatched.png)</visible>
					</control>
					<control type="label">
						<posx>-2</posx>
						<posy>12</posy>
						<width>50</width>
						<height>20</height>
						<font>font-12</font>
						<textcolor>grey</textcolor>
						<angle>45</angle>
						<align>center</align>
						<aligny>center</aligny>
						<label>$INFO[ListItem.PercentPlayed]%</label>
						<visible>!StringCompare(ListItem.Overlay,overlaywatched.png) + IntegerGreaterThan(ListItem.PercentPlayed,0) + !IntegerGreaterThan(ListItem.PercentPlayed,99)</visible>
					</control>
					<control type="label">
						<posx>-32</posx>
						<posy>12</posy>
						<width>100</width>
						<height>20</height>
						<font>font-12</font>
						<textcolor>grey</textcolor>
						<angle>45</angle>
						<align>center</align>
						<aligny>center</aligny>
						<label>$INFO[ListItem.Property(UnWatchedEpisodes)]</label>
						<visible>!StringCompare(ListItem.Overlay,overlaywatched.png) + [Container.Content(TVShows) | Container.Content(Seasons)]</visible>
					</control>

					<!-- המספר של הפרק בסדרות -->
					<include>episode_num_nf</include>

					<control type="image">
						<posx>0</posx>
						<posy>0</posy>
						<width>532</width>
						<height>1</height>
						<texture colordiffuse="grey_a">white.png</texture>
						<visible>!Skin.HasSetting(fanart_seps)</visible>
					</control>
					<control type="image">
						<posx>0</posx>
						<posy>78</posy>
						<width>532</width>
						<height>1</height>
						<texture colordiffuse="grey_a">white.png</texture>
						<visible>!Skin.HasSetting(fanart_seps)</visible>
					</control>
				</itemlayout>
				<focusedlayout width="532" height="78">

					<control type="image">
						<posx>0</posx>
						<posy>0</posy>
						<width>532</width>
						<height>78</height>
						<texture>main/main_focus.png</texture>
						<visible>Skin.HasSetting(bold_list)</visible>
					</control>
					<control type="image">
						<posx>0</posx>
						<posy>0</posy>
						<width>532</width>
						<height>78</height>
						<texture colordiffuse="$VAR[list_bg_color]">white.png</texture>
						<animation effect="fade" end="25" time="0" condition="true">Conditional</animation>
						<visible>!Skin.HasSetting(bold_list)</visible>
					</control>
					<control type="image">
						<posx>0</posx>
						<posy>0</posy>
						<width>532</width>
						<height>1</height>
						<texture colordiffuse="grey_a">white.png</texture>
					</control>
					<control type="image">
						<posx>0</posx>
						<posy>78</posy>
						<width>532</width>
						<height>1</height>
						<texture colordiffuse="grey_a">white.png</texture>
					</control>


					<!-- פריט מתוך סרט שכן נבחר -->
					<include>movie_title_short</include>
					<include>movie_title_long</include>


					<!-- השנה מתחת לסרט -->
					<control type="label">
						<posx>450</posx>
						<posy>45</posy>
						<width>80</width>
						<height>30</height>
						<align>left</align>
						<aligny>center</aligny>
						<font>font-15</font>
						<textcolor>$VAR[list_color]</textcolor>
						<selectedcolor>$VAR[list_color]</selectedcolor>
						<label>$INFO[ListItem.Year]</label>
						<visible>Container.Content(Movies) | Container.Content(Albums)</visible>
						<visible>stringcompare(ListItem.Label,..) | !ListItem.IsFolder | Window.IsVisible(VideoPlaylist) | !SubString(ListItem.Path,videodb://movies/sets,left)</visible>
					</control>
					<!-- הז'אנר מתחת לסרט -->
					<control type="label">
						<posx>25</posx>
						<posy>44</posy>
						<width>405</width>
						<height>30</height>
						<font>font-16</font>
						<textcolor>$VAR[list_color]</textcolor>
						<selectedcolor>$VAR[list_color]</selectedcolor>
						<align>right</align>
						<aligny>center</aligny>
						<label>$INFO[ListItem.Genre]</label>
						<visible>Container.Content(Movies)</visible>
					</control>

					<!-- movie set אוסף של סרטים יציג אייקון של אוסף ליד הרשימה -->
					<control type="image">
						<posx>450</posx>
						<posy>34</posy>
						<width>48</width>
						<height>48</height>
						<texture>movieset.png</texture>
						<visible>!stringcompare(ListItem.Label,..) + ListItem.IsFolder + !Window.IsVisible(VideoPlaylist) + SubString(ListItem.Path,videodb://movies/sets,left)</visible>
					</control>
					<!-- המספר של הפרק בסדרות -->
					<include>episode_num_f</include>

					<!-- מידע על עונות ופרקים -->
					<control type="label">
						<posx>25</posx>
						<posy>44</posy>
						<width>470</width>
						<height>30</height>
						<font>font-16</font>
						<textcolor>$VAR[list_color]</textcolor>
						<selectedcolor>$VAR[list_color]</selectedcolor>
						<align>right</align>
						<aligny>center</aligny>
						<label>$INFO[ListItem.Property(TotalSeasons)] $LOCALIZE[33054], $INFO[ListItem.Property(TotalEpisodes)] $LOCALIZE[20360]</label>
						<visible>Container.Content(TVShows) + !IsEmpty(ListItem.Property(TotalSeasons))</visible>
					</control>

					<!-- focuslayout Watched Status -->
					<control type="image">
						<posx>0</posx>
						<posy>0</posy>
						<width>60</width>
						<height>60</height>
						<texture flipx="false">wflag.png</texture>
						<visible>!stringcompare(ListItem.Label,..) + [StringCompare(ListItem.Overlay,overlaywatched.png) | IntegerGreaterThan(ListItem.PercentPlayed,0) | [[Container.Content(TVShows) | Container.Content(Seasons)] + !IsEmpty(ListItem.Property(UnWatchedEpisodes))]] </visible>
					</control>
					<control type="image">
						<posx>4</posx>
						<posy>7</posy>
						<width>28</width>
						<height>28</height>
						<texture colordiffuse="grey_b">eye.png</texture>
						<visible>StringCompare(ListItem.Overlay,overlaywatched.png)</visible>
					</control>
					<control type="label">
						<posx>-2</posx>
						<posy>12</posy>
						<width>50</width>
						<height>20</height>
						<font>font-12</font>
						<textcolor>grey_b</textcolor>
						<angle>45</angle>
						<align>center</align>
						<aligny>center</aligny>
						<label>$INFO[ListItem.PercentPlayed]%</label>
						<visible>!StringCompare(ListItem.Overlay,overlaywatched.png) + IntegerGreaterThan(ListItem.PercentPlayed,0) + !IntegerGreaterThan(ListItem.PercentPlayed,99)</visible>
					</control>
					<control type="label">
						<posx>-32</posx>
						<posy>12</posy>
						<width>100</width>
						<height>20</height>
						<font>font-12</font>
						<textcolor>grey_b</textcolor>
						<angle>45</angle>
						<align>center</align>
						<aligny>center</aligny>
						<label>$INFO[ListItem.Property(UnWatchedEpisodes)]</label>
						<visible>!StringCompare(ListItem.Overlay,overlaywatched.png) + [Container.Content(TVShows) | Container.Content(Seasons)]</visible>
					</control>
				</focusedlayout>
			</control>


			<!-- גלילה -->
			<include condition="Skin.HasSetting(hide_fanart_topbar)" name="fanart_scroll">
				<param name="id" value="60" />
				<param name="posy">0</param>
				<param name="height">1080</param>
			</include>
			<include condition="!Skin.HasSetting(hide_fanart_topbar)" name="fanart_scroll">
				<param name="id" value="60" />
				<param name="posy">80</param>
				<param name="height">1000</param>
			</include>
			<!-- Flags -->
			<include name="flags_movies"><param name="posy">808</param></include>
			<!--CDART movies - דיסק לסרטים -->
			<control type="group">
				<left>2300</left>
				<top>800</top>
				<width>240</width>
				<height>240</height>
				<include>FanartRollingMovieSetDiscs</include>
			</control>
			<include>cdart_image</include>
			<!-- <include>cdart_sets</include> -->
			<!-- /CDART Movies -->
			<!-- MOVIE POSTER IMAGE -->
			<control type="image">
				<posx>1160</posx>
				<posy>764</posy>
				<width>213</width>
				<height>315</height>
				<aspectratio>keep</aspectratio>
				<texture background="true">$INFO[ListItem.Icon]</texture>
				<bordertexture colordiffuse="grey_a">white.png</bordertexture>
				<bordersize>1,1,1,1</bordersize>
				<fadetime>300</fadetime>
				<visible>!StringCompare(ListItem.Label,..) + !Container.Content(Episodes)</visible>
			</control>
			<control type="image">
				<posx>1060</posx>
				<posy>884</posy>
				<width>309</width>
				<height>174</height>
				<texture background="true">$INFO[ListItem.Icon]</texture>
				<bordertexture colordiffuse="grey_a">white.png</bordertexture>
				<bordersize>1,1,1,1</bordersize>
				<fadetime>300</fadetime>
				<visible>!StringCompare(ListItem.Label,..) + Container.Content(Episodes)</visible>
			</control>

			<!-- Clear Logo -->
			<control type="image">
				<posx>0</posx>
				<posy>890</posy>
				<width>260</width>
				<height>120</height>
				<texture background="true">$INFO[ListItem.Art(clearlogo)]$INFO[ListItem.Art(tvshow.clearlogo)]</texture>
				<visible>!Container.Content(Episodes)</visible>
			</control>
			<control type="image">
				<posx>590</posx>
				<posy>740</posy>
				<width>260</width>
				<height>120</height>
				<texture background="true">$INFO[Skin.String(music_path)]$INFO[ListItem.Artist,,/logo.png]</texture>
				<animation effect="slide" end="0,110" time="200" condition="Skin.HasSetting(fanart_plot)">Conditional</animation>
			</control>
			<!-- Plot for movies\tvshows - nologo -->
			<control type="textbox">
				<description>Plot Value for TVShows\Movies without logo</description>
				<posx>20</posx>
				<posy>870</posy>
				<width>1120</width>
				<height>195</height>
				<font>font-22</font>
				<align>right</align>
				<textcolor>grey_b</textcolor>
				<label>$VAR[ViewFanartText]</label>
				<autoscroll time="2000" delay="8000" repeat="5000">!Skin.HasSetting(AutoScroll)</autoscroll>
				<animation effect="slide" end="0,400" time="200" condition="Skin.HasSetting(fanart_plot)">Conditional</animation>
				<visible>IsEmpty(ListItem.Art(clearlogo)) + IsEmpty(ListItem.Art(tvshow.clearlogo)) + !Container.Content(Episodes)</visible>
			</control>
			<control type="textbox">
				<description>Plot Value for Episodes</description>
				<posx>20</posx>
				<posy>870</posy>
				<width>1020</width>
				<height>195</height>
				<font>font-22</font>
				<align>right</align>
				<textcolor>grey_b</textcolor>
				<label>$VAR[ViewFanartText]</label>
				<autoscroll time="2000" delay="8000" repeat="5000">!Skin.HasSetting(AutoScroll)</autoscroll>
				<animation effect="slide" end="0,400" time="200" condition="Skin.HasSetting(fanart_plot)">Conditional</animation>
				<visible>IsEmpty(ListItem.Art(clearlogo)) + IsEmpty(ListItem.Art(tvshow.clearlogo)) + Container.Content(Episodes)</visible>
			</control>
			<control type="textbox">
				<description>Plot Value for TVShows\Movies with logo</description>
				<posx>280</posx>
				<posy>870</posy>
				<width>860</width>
				<height>195</height>
				<font>font-22</font>
				<align>right</align>
				<textcolor>grey_b</textcolor>
				<label>$VAR[ViewFanartText]</label>
				<autoscroll time="2000" delay="8000" repeat="5000">!Skin.HasSetting(AutoScroll)</autoscroll>
				<animation effect="slide" end="-100,0" time="0" condition="Container.Content(Episodes)">Conditional</animation>
				<animation effect="slide" end="0,400" time="200" condition="Skin.HasSetting(fanart_plot)">Conditional</animation>
				<visible>!IsEmpty(ListItem.Art(clearlogo)) | !IsEmpty(ListItem.Art(tvshow.clearlogo))</visible>
			</control>

			<control type="group">
				<visible>Container.Content(songs) + !IsEmpty(ListItem.StarRating)</visible>
				<posx>1170</posx>
				<posy>1035</posy>
				<!-- StarRating For songs -->
				<control type="image">
					<description>Rating image</description>
					<posx>0</posx>
					<posy>0</posy>
					<width>188</width>
					<height>38</height>
					<texture>rating0.png</texture>
					<aspectratio align="right">keep</aspectratio>
				</control>

				<!-- DecreaseRating\IncreaseRating -->
				<control type="image">
					<description>Rating image</description>
					<posx>0</posx>
					<posy>0</posy>
					<width>188</width>
					<height>38</height>
					<texture colordiffuse="$VAR[main_color]">$INFO[ListItem.StarRating]</texture>
					<aspectratio align="right">keep</aspectratio>
					<visible>!StringCompare(ListItem.StarRating,rating0.png)</visible>
				</control>
			</control>
			<!-- Hidden for show full screen Fanart -->
			<control type="button" id="555">
				<posx>2000</posx>
				<posy>-10</posy>
				<width>1</width>
				<height>1</height>
				<label>-</label>
				<onleft>50</onleft>
				<onright>50</onright>
				<onback>50</onback>
				<onclick>left</onclick>
				<onclick>Select</onclick>
				<ondown>Control.Move(50,1)</ondown>
				<onup>Control.Move(50,-1)</onup>
				<!-- <visible>!Player.HasVideo</visible> -->
			</control>
			<!-- Full Screen Fanart -->
			<control type="image">
				<posx>0</posx>
				<posy>0</posy>
				<width>1920</width>
				<height>1080</height>
				<texture background="true" fallback="special://skin/backgrounds/videos.jpg">$INFO[ListItem.Art(fanart)]</texture>
				<aspectratio>scale</aspectratio>
				<fadetime>0</fadetime>
				<animation effect="zoom" start="0" end="100" center="auto" tween="back" easing="out" time="500">Visible</animation>
				<animation effect="zoom" start="100" end="0" center="auto" tween="sine" easing="out" time="300">Hidden</animation>
				<!--<animation effect="zoom" start="0,80,1388,780" end="0,0,1920,1080" tween="back" easing="out" time="1000">Visible</animation>
				 <animation effect="zoom" end="0,80,1388,780" start="0,0,1920,1080" tween="back" easing="out" time="1000">Hidden</animation> -->
				<visible>!Player.HasVideo + Control.HasFocus(555)</visible>
			</control>
			<control type="image">
				<posx>0</posx>
				<posy>900</posy>
				<height>200</height>
				<width>1920</width>
				<texture>black.png</texture>
				<visible>!Container(50).OnNext + !Container(50).OnPrevious + Control.HasFocus(555) + !Player.HasVideo</visible>
				<animation type="Visible">
					<effect type="fade" end="60" time="0"/>
					<effect type="slide" start="0,200" end="0" time="300"/>
				</animation>
			</control>
			<control type="label">
				<posx>0</posx>
				<posy>910</posy>
				<width>1920</width>
				<height>200</height>
				<font>font-40</font>
				<textcolor>white</textcolor>
				<shadowcolor>$var[main_color]</shadowcolor>
				<align>center</align>
				<label>$INFO[ListItem.Label]</label>
				<wrapmultiline>true</wrapmultiline>
				<visible>!Container(50).OnNext + !Container(50).OnPrevious + Control.HasFocus(555) + !Player.HasVideo</visible>
				<animation effect="slide" start="0,200" end="0" time="300">Visible</animation>
				<!-- 				<visible>!Player.HasVideo + Control.HasFocus(555)</visible>  -->
			</control>
			<include>scroll_letter_fanart</include>

		</control>
	</include>
</includes>
